
⚠️   v2/home/mission-control.mdx — 1 warning(s) (human sign-off required):

  [L4] DESCRIPTION_TOO_LONG: Description exceeds 160-character target (209) — tighten the outcome statement
        → "Livepeer powers on-demand real-time video streaming and AI pipelines through a full-stack open hardware network, providi"

⚠️   v2/home/primer.mdx — 1 warning(s) (human sign-off required):

  [L56] NOT_CONSTRUCTION: "not [noun/verb]" — restate as positive claim
        → "- 🌍 Runs on a global, open GPU network - not cloud monopolies"

⚠️   v2/home/about/vision.mdx — 1 warning(s) (human sign-off required):

  [L69] CONDITIONAL_IF: "if" in body prose — check for conditional gatekeeping
        → "What if video - the most captivating, expressive medium online - ran on open, pe"

⚠️   v2/home/about/evolution.mdx — 1 warning(s) (human sign-off required):

  [L60] WEAKENED_VALUE: "can/may [verb]" in apparent value claim — assert directly or delete
        → "- Network proves it can deliver lower-cost, reliable transcoding at scale."

⚠️   v2/home/about/benefits.mdx — 3 warning(s) (human sign-off required):

  [L67] WEAKENED_VALUE: "can/may [verb]" in apparent value claim — assert directly or delete
        → "For developers and startups, Livepeer lowers the barrier to building video produ"
  [L110] WEAKENED_VALUE: "can/may [verb]" in apparent value claim — assert directly or delete
        → "Livepeer’s community driven, open source, open access design is a 10x iteration "
  [L116] WEAKENED_VALUE: "can/may [verb]" in apparent value claim — assert directly or delete
        → "cooperative, innovative ecosystem: where creators, developers, and businesses ca"

⚠️   v2/home/about/ecosystem.mdx — 1 warning(s) (human sign-off required):

  [L4] DESCRIPTION_TOO_LONG: Description exceeds 160-character target (177) — tighten the outcome statement
        → "A look at the Livepeer organisational structure, including the Livepeer Foundation, Livepeer Inc., and the key role of t"

❌  v2/home/solutions/verticals.mdx — 2 BLOCKING error(s):

  [L162] BANNED_WORD: "real" — delete or restate directly
        → "For example, a smart factory could have a digital twin that visualizes the produ"
  [L170] BANNED_WORD: "real" — delete or restate directly
        → "<br/> Livepeer’s ability to handle real-time video processing at scale makes it "

⚠️   v2/home/solutions/verticals.mdx — 22 warning(s) (human sign-off required):

  [L213] CONDITIONAL_IF: "if" in body prose — check for conditional gatekeeping
        → "Livepeer isn’t just serving existing industries; it’s enabling entirely new ones"
  [L230] CONDITIONAL_IF: "if" in body prose — check for conditional gatekeeping
        → "Traditional CCTV networks record tons of footage that gets analysed after the fa"
  [L239] CONDITIONAL_IF: "if" in body prose — check for conditional gatekeeping
        → "Example applications include traffic monitoring (with AI spotting accidents or c"
  [L51] WEAKENED_VALUE: "can/may [verb]" in apparent value claim — assert directly or delete
        → "For example, the Daydream platform (built on Livepeer’s AI pipeline) can transfo"
  [L54] WEAKENED_VALUE: "can/may [verb]" in apparent value claim — assert directly or delete
        → "Crucially, Livepeer provides the GPU muscle and video stack to do this at high f"
  [L71] WEAKENED_VALUE: "can/may [verb]" in apparent value claim — assert directly or delete
        → "Real-time world generation and AI-driven NPCs can create unique, personalized ga"
  [L82] WEAKENED_VALUE: "can/may [verb]" in apparent value claim — assert directly or delete
        → "This isn’t sci-fi – it’s the kind of workflow Livepeer is being built to power. "
  [L107] WEAKENED_VALUE: "can/may [verb]" in apparent value claim — assert directly or delete
        → "Traditional cloud GPU services may introduce too much latency or cost for these "
  [L113] WEAKENED_VALUE: "can/may [verb]" in apparent value claim — assert directly or delete
        → "The open marketplace of GPU operators can also drive down costs, helping robotic"
  [L128] WEAKENED_VALUE: "can/may [verb]" in apparent value claim — assert directly or delete
        → "With Livepeer, developers can feed streams into AI models (for example, an image"
  [L133] WEAKENED_VALUE: "can/may [verb]" in apparent value claim — assert directly or delete
        → "A great example is in sports analytics: live game footage can be processed to tr"
  [L141] WEAKENED_VALUE: "can/may [verb]" in apparent value claim — assert directly or delete
        → "Livepeer’s network handles the heavy GPU lifting, so businesses can plug in thei"
  [L146] WEAKENED_VALUE: "can/may [verb]" in apparent value claim — assert directly or delete
        → "Use case: A retail analytics firm can deploy a Livepeer gateway with a custom co"
  [L160] WEAKENED_VALUE: "can/may [verb]" in apparent value claim — assert directly or delete
        → "Livepeer can serve as the real-time video engine for digital twins, processing l"
  [L179] WEAKENED_VALUE: "can/may [verb]" in apparent value claim — assert directly or delete
        → "Unlike traditional social media platforms that control the algorithms and data, "
  [L198] WEAKENED_VALUE: "can/may [verb]" in apparent value claim — assert directly or delete
        → "Livepeer’s network can act as a simulation engine that produces endless video da"
  [L204] WEAKENED_VALUE: "can/may [verb]" in apparent value claim — assert directly or delete
        → "Similarly, generative AI researchers can use Livepeer to power experiments in vi"
  [L207] WEAKENED_VALUE: "can/may [verb]" in apparent value claim — assert directly or delete
        → "Livepeer’s open, permissionless nature is a boon here: any lab or even indie res"
  [L213] WEAKENED_VALUE: "can/may [verb]" in apparent value claim — assert directly or delete
        → "Livepeer isn’t just serving existing industries; it’s enabling entirely new ones"
  [L233] WEAKENED_VALUE: "can/may [verb]" in apparent value claim — assert directly or delete
        → "By leveraging Livepeer, those video feeds can be analysed live by AI – detecting"
  [L236] WEAKENED_VALUE: "can/may [verb]" in apparent value claim — assert directly or delete
        → "Because Livepeer’s orchestrators are distributed globally, a security company ca"
  [L245] WEAKENED_VALUE: "can/may [verb]" in apparent value claim — assert directly or delete
        → "This can dramatically improve response times for emergency services or operation"

❌  v2/home/resources/glossary.mdx — 13 BLOCKING error(s):

  [L119] BANNED_PHRASE: "rather than" — see banned phrases list
        → "{ Term: "Proof of Utility", Category: "livepeer", Niche: "protocol", Definition:"
  [L131] BANNED_PHRASE: "rather than" — see banned phrases list
        → "{ Term: "Synthetic Data", Category: "ai", Niche: "application", Definition: "Art"
  [L135] BANNED_PHRASE: "rather than" — see banned phrases list
        → "{ Term: "Trustless", Category: "web3", Niche: "concept", Definition: "System pro"
  [L183] BANNED_PHRASE: "rather than" — see banned phrases list
        → "**Context**: Livepeer's mechanism for coordinating supply (GPU operators) and de"
  [L293] BANNED_PHRASE: "rather than" — see banned phrases list
        → "**Context**: The Livepeer compute marketplace uses crypto-economic incentives ra"
  [L311] BANNED_PHRASE: "rather than" — see banned phrases list
        → "**Definition**: Model where participants prove they performed useful work for th"
  [L313] BANNED_PHRASE: "rather than" — see banned phrases list
        → "**Context**: Livepeer's proof-of-utility mechanism verifies that orchestrators a"
  [L505] BANNED_PHRASE: "rather than" — see banned phrases list
        → "**Definition**: Artificially generated data produced by algorithms rather than r"
  [L635] BANNED_PHRASE: "rather than" — see banned phrases list
        → "**Definition**: System property where participants interact using cryptographic "
  [L102] BANNED_WORD: "real" — delete or restate directly
        → "{ Term: "Interactive Media", Category: "ai", Niche: "application", Definition: ""
  [L129] BANNED_WORD: "real" — delete or restate directly
        → "{ Term: "Streaming", Category: "video", Niche: "playback", Definition: "Continuo"
  [L455] BANNED_WORD: "real" — delete or restate directly
        → "**Definition**: Digital content dynamically responding to user input in real tim"
  [L749] BANNED_WORD: "real" — delete or restate directly
        → "**Definition**: Continuous delivery of multimedia over a network rendered in rea"

⚠️   v2/home/resources/glossary.mdx — 7 warning(s) (human sign-off required):

  [L105] NOT_CONSTRUCTION: "not [noun/verb]" — restate as positive claim
        → "{ Term: "Low-Latency", Category: "video", Niche: "streaming", Definition: "A sys"
  [L127] NOT_CONSTRUCTION: "not [noun/verb]" — restate as positive claim
        → "{ Term: "Staking", Category: "economic", Niche: "reward", Definition: "Locking L"
  [L204] NOT_CONSTRUCTION: "not [noun/verb]" — restate as positive claim
        → ""
  [L466] NOT_CONSTRUCTION: "not [noun/verb]" — restate as positive claim
        → ""
  [L506] NOT_CONSTRUCTION: "not [noun/verb]" — restate as positive claim
        → ""
  [L108] WEAKENED_VALUE: "can/may [verb]" in apparent value claim — assert directly or delete
        → "{ Term: "Livepeer Inc", Category: "livepeer", Niche: "entity", Definition: "Orig"
  [L606] WEAKENED_VALUE: "can/may [verb]" in apparent value claim — assert directly or delete
        → ""

⚠️   v2/about/portal.mdx — 1 warning(s) (human sign-off required):

  [L72] CONDITIONAL_IF: "if" in body prose — check for conditional gatekeeping
        → "Start with the overview and concepts pages if you are new. Route into Protocol f"

⚠️   v2/about/navigator.mdx — 2 warning(s) (human sign-off required):

  [L39] CONDITIONAL_IF: "if" in body prose — check for conditional gatekeeping
        → "Start here if you are new. Three pages cover the system overview, a layered ment"
  [L88] NOT_CONSTRUCTION: "not [noun/verb]" — restate as positive claim
        → "* Security model"

❌  v2/about/concepts/about-livepeer.mdx — 2 BLOCKING error(s):

  [L132] BANNED_PHRASE: "rather than" — see banned phrases list
        → "- Competitive improvements driven by self-interest rather than corporate roadmap"
  [L126] BANNED_WORD: "various" — delete or restate directly
        → "- **Economic Alignment**: Cryptoeconomic incentives can align the interests of v"

⚠️   v2/about/concepts/about-livepeer.mdx — 7 warning(s) (human sign-off required):

  [L151] NOT_CONSTRUCTION: "not [noun/verb]" — restate as positive claim
        → "- **Dynamic scaling and resilience** -- no single point of failure; capacity is "
  [L89] WEAKENED_VALUE: "can/may [verb]" in apparent value claim — assert directly or delete
        → "Livepeer benefits from millions of idle video encoding GPUs, offering near-infin"
  [L97] WEAKENED_VALUE: "can/may [verb]" in apparent value claim — assert directly or delete
        → ""
  [L122] WEAKENED_VALUE: "can/may [verb]" in apparent value claim — assert directly or delete
        → "Technical Decentralisation Benefits:"
  [L124] WEAKENED_VALUE: "can/may [verb]" in apparent value claim — assert directly or delete
        → "- **Global Access**: By enabling anyone to participate as a node operator, Livep"
  [L151] WEAKENED_VALUE: "can/may [verb]" in apparent value claim — assert directly or delete
        → "- **Dynamic scaling and resilience** -- no single point of failure; capacity is "
  [L4] DESCRIPTION_TOO_LONG: Description exceeds 160-character target (279) — tighten the outcome statement
        → "Livepeer is a full-stack permissionless infrastructure substrate and decentralised marketplace for real-time media & AI "

⚠️   v2/about/concepts/livepeer-stack.mdx — 3 warning(s) (human sign-off required):

  [L225] NOT_CONSTRUCTION: "not [noun/verb]" — restate as positive claim
        → "The network layer is a single binary, `go-livepeer`, run in different modes. One"
  [L233] NOT_CONSTRUCTION: "not [noun/verb]" — restate as positive claim
        → "classDef gw fill:#1a1a1a,color:#E0E4E0,stroke:#3b82f6,stroke-width:2px"
  [L169] WEAKENED_VALUE: "can/may [verb]" in apparent value claim — assert directly or delete
        → "Minter["Minter<br/><i>LPT inflation,<br/>treasury distribution</i>"]:::proto"

❌  v2/about/concepts/actors-and-capabilities.mdx — 7 BLOCKING error(s):

  [L37] BANNED_WORD: "real" — delete or restate directly
        → "<YouTubeVideo url="https://www.youtube.com/watch?v=ouTvdJr9dSU" caption="DePIN D"
  [L38] BANNED_WORD: "real" — delete or restate directly
        → "<Accordion title="Summary: Real Promises of DePIN for AI" icon="video">"
  [L39] BANNED_WORD: "real" — delete or restate directly
        → "Real promises of DePIN for AI that the panel articulates:"
  [L60] BANNED_WORD: "real" — delete or restate directly
        → "- **Sandbox for governance experimentation.** Crypto lets you test governance me"
  [L105] BANNED_WORD: "real" — delete or restate directly
        → "**Technical role.** Light but real – they need to evaluate Orchestrators (uptime"
  [L109] BANNED_WORD: "real" — delete or restate directly
        → "**Community role.** Lower visibility than Orchestrators but real influence – the"
  [L123] BANNED_WORD: "effectively" — delete or restate directly
        → "**Community role.** They're the most visible public face of the network. Reputat"

⚠️   v2/about/concepts/actors-and-capabilities.mdx — 13 warning(s) (human sign-off required):

  [L48] CONDITIONAL_IF: "if" in body prose — check for conditional gatekeeping
        → "- **Aggregate the cheapest GPUs globally.** With new training methods (DiLoCo-st"
  [L93] CONDITIONAL_IF: "if" in body prose — check for conditional gatekeeping
        → "**Economic role.** They're the demand side and the only source of external reven"
  [L105] CONDITIONAL_IF: "if" in body prose — check for conditional gatekeeping
        → "**Technical role.** Light but real – they need to evaluate Orchestrators (uptime"
  [L62] NOT_CONSTRUCTION: "not [noun/verb]" — restate as positive claim
        → "- **Geopolitical resilience.** Distributed supply across jurisdictions, not conc"
  [L196] NOT_CONSTRUCTION: "not [noun/verb]" — restate as positive claim
        → ""
  [L218] NOT_CONSTRUCTION: "not [noun/verb]" — restate as positive claim
        → ""
  [L241] NOT_CONSTRUCTION: "not [noun/verb]" — restate as positive claim
        → "</AccordionGroup>"
  [L42] WEAKENED_VALUE: "can/may [verb]" in apparent value claim — assert directly or delete
        → "- **Pay-per-job pricing instead of pay-for-blocks.** Centralised clouds force yo"
  [L46] WEAKENED_VALUE: "can/may [verb]" in apparent value claim — assert directly or delete
        → "- **Make compute a tradable financial asset.** Crypto's core strength is buildin"
  [L64] WEAKENED_VALUE: "can/may [verb]" in apparent value claim — assert directly or delete
        → "- **Repurposability of existing DePIN infrastructure.** Networks built for one w"
  [L209] WEAKENED_VALUE: "can/may [verb]" in apparent value claim — assert directly or delete
        → "<Card title="Real-time AI Video" icon="film">"
  [L226] WEAKENED_VALUE: "can/may [verb]" in apparent value claim — assert directly or delete
        → "<Accordion title="Provenance and metadata for AI outputs" icon="fingerprint">"
  [L4] DESCRIPTION_TOO_LONG: Description exceeds 160-character target (192) — tighten the outcome statement
        → "An introduction to the key actors of the Livepeer protocol, their roles and responsibilities, and how they interact with"

❌  v2/about/concepts/governance-and-economics.mdx — 10 BLOCKING error(s):

  [L56] BANNED_PHRASE: "rather than" — see banned phrases list
        → "The pipeline is hybrid by design. Off-chain discussion on the [Livepeer Forum](h"
  [L82] BANNED_PHRASE: "rather than" — see banned phrases list
        → "Voting power is **stake-weighted, not headcount-weighted**. An orchestrator's vo"
  [L88] BANNED_PHRASE: "rather than" — see banned phrases list
        → "The same Governor pattern handles treasury spending, on a separate Governor cont"
  [L132] BANNED_PHRASE: "rather than" — see banned phrases list
        → "Each round (roughly one day on Arbitrum), the [Minter](/v2/about/protocol/blockc"
  [L200] BANNED_PHRASE: "rather than" — see banned phrases list
        → "Funding is automatic and continuous. [LIP-92](https://github.com/livepeer/LIPs/b"
  [L223] BANNED_PHRASE: "rather than" — see banned phrases list
        → "A serious analyst evaluating Livepeer's governance and economics ought to test f"
  [L236] BANNED_PHRASE: "rather than" — see banned phrases list
        → "The design choices that make these answers stand up are well-trodden in protocol"
  [L238] BANNED_PHRASE: "rather than" — see banned phrases list
        → "The market test is whether participants behave as if these guarantees hold. Two "
  [L145] REVIEW_FLAG_RENDERED: Unresolved REVIEW flag in rendered content — BLOCKS MERGE
        → "{/* REVIEW: confirm current treasuryRewardCutRate is still 10%. LIP-92 set initi"
  [L200] REVIEW_FLAG_RENDERED: Unresolved REVIEW flag in rendered content — BLOCKS MERGE
        → "Funding is automatic and continuous. [LIP-92](https://github.com/livepeer/LIPs/b"

⚠️   v2/about/concepts/governance-and-economics.mdx — 24 warning(s) (human sign-off required):

  [L75] CONDITIONAL_IF: "if" in body prose — check for conditional gatekeeping
        → "Proposal passes if at least 33 percent of all staked LPT participates and more t"
  [L86] CONDITIONAL_IF: "if" in body prose — check for conditional gatekeeping
        → "The governance contract enforces the outcome automatically. There is no multisig"
  [L229] CONDITIONAL_IF: "if" in body prose — check for conditional gatekeeping
        → "{ "Test": "Can a minority block or capture the system?", "Mechanism that address"
  [L82] NOT_CONSTRUCTION: "not [noun/verb]" — restate as positive claim
        → "Voting power is **stake-weighted, not headcount-weighted**. An orchestrator's vo"
  [L110] NOT_CONSTRUCTION: "not [noun/verb]" — restate as positive claim
        → "Buyers (gateways and the platforms behind them) pre-fund a deposit and a reserve"
  [L119] NOT_CONSTRUCTION: "not [noun/verb]" — restate as positive claim
        → "Users["End users / apps"] -->|Pay in fiat or crypto| Gateways"
  [L145] NOT_CONSTRUCTION: "not [noun/verb]" — restate as positive claim
        → "{/* REVIEW: confirm current treasuryRewardCutRate is still 10%. LIP-92 set initi"
  [L147] NOT_CONSTRUCTION: "not [noun/verb]" — restate as positive claim
        → "The **reward cut** and **fee cut** parameters are the single most important conf"
  [L158] NOT_CONSTRUCTION: "not [noun/verb]" — restate as positive claim
        → "**Slashing as the bond.** Stake is forfeitable on protocol violation. Misbehavio"
  [L179] NOT_CONSTRUCTION: "not [noun/verb]" — restate as positive claim
        → "**Slashable bond**"
  [L206] NOT_CONSTRUCTION: "not [noun/verb]" — restate as positive claim
        → "{ "Source": "Inflation contribution", "Mechanism": "10% of each round's mint, ro"
  [L221] NOT_CONSTRUCTION: "not [noun/verb]" — restate as positive claim
        → "## What the design guarantees"
  [L222] NOT_CONSTRUCTION: "not [noun/verb]" — restate as positive claim
        → ""
  [L42] WEAKENED_VALUE: "can/may [verb]" in apparent value claim — assert directly or delete
        → "Two control loops sit on top of one shared token. The **governance loop** turns "
  [L56] WEAKENED_VALUE: "can/may [verb]" in apparent value claim — assert directly or delete
        → "The pipeline is hybrid by design. Off-chain discussion on the [Livepeer Forum](h"
  [L72] WEAKENED_VALUE: "can/may [verb]" in apparent value claim — assert directly or delete
        → "Voting period opens for 30 rounds (around 3.75 days). Any address with 1 LPT or "
  [L82] WEAKENED_VALUE: "can/may [verb]" in apparent value claim — assert directly or delete
        → "Voting power is **stake-weighted, not headcount-weighted**. An orchestrator's vo"
  [L86] WEAKENED_VALUE: "can/may [verb]" in apparent value claim — assert directly or delete
        → "The governance contract enforces the outcome automatically. There is no multisig"
  [L167] WEAKENED_VALUE: "can/may [verb]" in apparent value claim — assert directly or delete
        → "LPT is a **work token**. It does not entitle the holder to a share of fees by ho"
  [L206] WEAKENED_VALUE: "can/may [verb]" in apparent value claim — assert directly or delete
        → "{ "Source": "Inflation contribution", "Mechanism": "10% of each round's mint, ro"
  [L219] WEAKENED_VALUE: "can/may [verb]" in apparent value claim — assert directly or delete
        → "<CustomDivider />"
  [L220] WEAKENED_VALUE: "can/may [verb]" in apparent value claim — assert directly or delete
        → ""
  [L223] WEAKENED_VALUE: "can/may [verb]" in apparent value claim — assert directly or delete
        → "A serious analyst evaluating Livepeer's governance and economics ought to test f"
  [L229] WEAKENED_VALUE: "can/may [verb]" in apparent value claim — assert directly or delete
        → "{ "Test": "Can a minority block or capture the system?", "Mechanism that address"

❌  v2/about/protocol/design.mdx — 2 BLOCKING error(s):

  [L61] BANNED_WORD: "several" — delete or restate directly
        → "The Protocol serves several critical functions in the Livepeer ecosystem:"
  [L179] BANNED_WORD: "various" — delete or restate directly
        → "The Livepeer Protocol defines and governs the roles and responsibilities of vari"

⚠️   v2/about/protocol/design.mdx — 2 warning(s) (human sign-off required):

  [L87] NOT_CONSTRUCTION: "not [noun/verb]" — restate as positive claim
        → ""
  [L123] NOT_CONSTRUCTION: "not [noun/verb]" — restate as positive claim
        → "Controller --> LivepeerGovernor"

❌  v2/about/protocol/mechanisms.mdx — 5 BLOCKING error(s):

  [L213] BANNED_PHRASE: "rather than" — see banned phrases list
        → "**Slashing exists in the contract but is not currently active.** `slashTranscode"
  [L373] BANNED_WORD: "real" — delete or restate directly
        → "{ "If you change...": "Inflation rate", "It affects...": "Real yield to delegato"
  [L152] REVIEW_FLAG_RENDERED: Unresolved REVIEW flag in rendered content — BLOCKS MERGE
        → "A round is a fixed number of Arbitrum blocks. The current round must be initiali"
  [L213] REVIEW_FLAG_RENDERED: Unresolved REVIEW flag in rendered content — BLOCKS MERGE
        → "**Slashing exists in the contract but is not currently active.** `slashTranscode"
  [L245] REVIEW_FLAG_RENDERED: Unresolved REVIEW flag in rendered content — BLOCKS MERGE
        → "`treasuryRewardCutRate` of the new LPT is routed to the Treasury contract before"

⚠️   v2/about/protocol/mechanisms.mdx — 32 warning(s) (human sign-off required):

  [L138] CONDITIONAL_IF: "if" in body prose — check for conditional gatekeeping
        → ""
  [L195] CONDITIONAL_IF: "if" in body prose — check for conditional gatekeeping
        → "- Delegators bond LPT to an orchestrator of their choice and share in that orche"
  [L196] CONDITIONAL_IF: "if" in body prose — check for conditional gatekeeping
        → "- Both delegators and orchestrators inherit voting power on the LivepeerGovernor"
  [L238] CONDITIONAL_IF: "if" in body prose — check for conditional gatekeeping
        → "Each round, every active orchestrator can call `reward()` exactly once. The func"
  [L242] CONDITIONAL_IF: "if" in body prose — check for conditional gatekeeping
        → "BondingManager queries `currentMintableTokens()` from Minter, which calculates t"
  [L281] CONDITIONAL_IF: "if" in body prose — check for conditional gatekeeping
        → "</StyledStep>"
  [L334] CONDITIONAL_IF: "if" in body prose — check for conditional gatekeeping
        → ""
  [L336] CONDITIONAL_IF: "if" in body prose — check for conditional gatekeeping
        → ""
  [L337] CONDITIONAL_IF: "if" in body prose — check for conditional gatekeeping
        → "**Governable parameters**"
  [L338] CONDITIONAL_IF: "if" in body prose — check for conditional gatekeeping
        → ""
  [L339] CONDITIONAL_IF: "if" in body prose — check for conditional gatekeeping
        → "These are the parameters most often touched by LIPs. Each is owner-only on its c"
  [L340] CONDITIONAL_IF: "if" in body prose — check for conditional gatekeeping
        → ""
  [L71] NOT_CONSTRUCTION: "not [noun/verb]" — restate as positive claim
        → "The single most important architectural fact about the protocol is that video tr"
  [L77] NOT_CONSTRUCTION: "not [noun/verb]" — restate as positive claim
        → "Video Orchestrators stake LPT, compete for the active set, call `reward()` to mi"
  [L100] NOT_CONSTRUCTION: "not [noun/verb]" — restate as positive claim
        → "AICap["Capability advertisement<br/>off-chain"]:::ai"
  [L121] NOT_CONSTRUCTION: "not [noun/verb]" — restate as positive claim
        → ""
  [L138] NOT_CONSTRUCTION: "not [noun/verb]" — restate as positive claim
        → ""
  [L178] NOT_CONSTRUCTION: "not [noun/verb]" — restate as positive claim
        → "The lock period is a configurable percentage of the round length. During the loc"
  [L181] NOT_CONSTRUCTION: "not [noun/verb]" — restate as positive claim
        → ""
  [L226] NOT_CONSTRUCTION: "not [noun/verb]" — restate as positive claim
        → "**Dynamic inflation**"
  [L238] NOT_CONSTRUCTION: "not [noun/verb]" — restate as positive claim
        → "Each round, every active orchestrator can call `reward()` exactly once. The func"
  [L290] NOT_CONSTRUCTION: "not [noun/verb]" — restate as positive claim
        → "**Why this design**"
  [L331] NOT_CONSTRUCTION: "not [noun/verb]" — restate as positive claim
        → "<Tab title="Configuration" icon="sliders">"
  [L92] WEAKENED_VALUE: "can/may [verb]" in apparent value claim — assert directly or delete
        → "BM["BondingManager<br/>active set + staking"]:::video"
  [L115] WEAKENED_VALUE: "can/may [verb]" in apparent value claim — assert directly or delete
        → "TicketBroker -->|"ETH on winning ticket"| AI"
  [L117] WEAKENED_VALUE: "can/may [verb]" in apparent value claim — assert directly or delete
        → ""
  [L124] WEAKENED_VALUE: "can/may [verb]" in apparent value claim — assert directly or delete
        → "headerList={["Mechanism", "Video orchestrators", "AI services"]}"
  [L125] WEAKENED_VALUE: "can/may [verb]" in apparent value claim — assert directly or delete
        → "itemsList={["
  [L161] WEAKENED_VALUE: "can/may [verb]" in apparent value claim — assert directly or delete
        → ""
  [L162] WEAKENED_VALUE: "can/may [verb]" in apparent value claim — assert directly or delete
        → "**Implementation**"
  [L203] WEAKENED_VALUE: "can/may [verb]" in apparent value claim — assert directly or delete
        → "itemsList={["
  [L4] DESCRIPTION_TOO_LONG: Description exceeds 160-character target (202) — tighten the outcome statement
        → "How the Livepeer protocol coordinates work, secures the network, and distributes value: rounds, staking, rewards, probab"

⚠️   v2/about/protocol/livepeer-token.mdx — 7 warning(s) (human sign-off required):

  [L39] NOT_CONSTRUCTION: "not [noun/verb]" — restate as positive claim
        → "The **Livepeer Token (LPT)** is the protocol's _staking and coordination_ token."
  [L66] NOT_CONSTRUCTION: "not [noun/verb]" — restate as positive claim
        → "This separation is deliberate. Service buyers should not need to acquire a proto"
  [L155] NOT_CONSTRUCTION: "not [noun/verb]" — restate as positive claim
        → "```"
  [L103] WEAKENED_VALUE: "can/may [verb]" in apparent value claim — assert directly or delete
        → "Bonded LPT is the protocol's economic security primitive. Slashing rules can bur"
  [L109] WEAKENED_VALUE: "can/may [verb]" in apparent value claim — assert directly or delete
        → "Bonded LPT confers voting power, proportional to stake, over Livepeer Improvemen"
  [L114] WEAKENED_VALUE: "can/may [verb]" in apparent value claim — assert directly or delete
        → "**Slashing today.** The slashing function (`slashTranscoder()`) exists in the Bo"
  [L158] WEAKENED_VALUE: "can/may [verb]" in apparent value claim — assert directly or delete
        → ""

⚠️   v2/about/protocol/governance-and-treasury.mdx — 16 warning(s) (human sign-off required):

  [L57] CONDITIONAL_IF: "if" in body prose — check for conditional gatekeeping
        → "<CustomDivider style={{margin: 0, marginBottom: "-2rem" }} />"
  [L58] CONDITIONAL_IF: "if" in body prose — check for conditional gatekeeping
        → ""
  [L59] CONDITIONAL_IF: "if" in body prose — check for conditional gatekeeping
        → "## Governance"
  [L61] CONDITIONAL_IF: "if" in body prose — check for conditional gatekeeping
        → "It uses a hybrid on‑chain/off‑chain governance model that combines open communit"
  [L94] CONDITIONAL_IF: "if" in body prose — check for conditional gatekeeping
        → "Once an idea is refined, an official proposal is drafted in the form of a <LinkA"
  [L95] CONDITIONAL_IF: "if" in body prose — check for conditional gatekeeping
        → "{/* Proposals are first discussed and drafted off-chain - in the form of a <Link"
  [L98] CONDITIONAL_IF: "if" in body prose — check for conditional gatekeeping
        → "<Step title="Proposal Submission: On-Chain" icon="arrow-up-right-from-square">"
  [L101] CONDITIONAL_IF: "if" in body prose — check for conditional gatekeeping
        → "<Step title="Proposal Voting: On-Chain" icon="link">"
  [L57] WEAKENED_VALUE: "can/may [verb]" in apparent value claim — assert directly or delete
        → "<CustomDivider style={{margin: 0, marginBottom: "-2rem" }} />"
  [L87] WEAKENED_VALUE: "can/may [verb]" in apparent value claim — assert directly or delete
        → "<Step title="Idea Phase: Community Discussion" icon="comment-dots">"
  [L90] WEAKENED_VALUE: "can/may [verb]" in apparent value claim — assert directly or delete
        → "<Step title="Draft Phase: Request For Feedback (RFP)" icon="comments">"
  [L91] WEAKENED_VALUE: "can/may [verb]" in apparent value claim — assert directly or delete
        → "Community members post pre-proposals (requests for feedback) on the forum."
  [L95] WEAKENED_VALUE: "can/may [verb]" in apparent value claim — assert directly or delete
        → "{/* Proposals are first discussed and drafted off-chain - in the form of a <Link"
  [L173] WEAKENED_VALUE: "can/may [verb]" in apparent value claim — assert directly or delete
        → ""
  [L4] DESCRIPTION_ANNOUNCES_CONTENT: Description announces page contents — lead with reader outcome instead
        → "This page describes the on-chain governance model which provides a permissionless, transparent, and community-driven fra"
  [L4] DESCRIPTION_TOO_LONG: Description exceeds 160-character target (294) — tighten the outcome statement
        → "This page describes the on-chain governance model which provides a permissionless, transparent, and community-driven fra"

⚠️   v2/about/protocol/architecture.mdx — 6 warning(s) (human sign-off required):

  [L206] CONDITIONAL_IF: "if" in body prose — check for conditional gatekeeping
        → ""
  [L126] NOT_CONSTRUCTION: "not [noun/verb]" — restate as positive claim
        → ""
  [L208] NOT_CONSTRUCTION: "not [noun/verb]" — restate as positive claim
        → ""
  [L190] WEAKENED_VALUE: "can/may [verb]" in apparent value claim — assert directly or delete
        → ""Node role": "Orchestrator","
  [L208] WEAKENED_VALUE: "can/may [verb]" in apparent value claim — assert directly or delete
        → ""
  [L4] DESCRIPTION_TOO_LONG: Description exceeds 160-character target (218) — tighten the outcome statement
        → "How the Livepeer protocol is structured as a layered system of on-chain contracts on Arbitrum One, off-chain coordinatio"

❌  v2/about/protocol/blockchain-contracts.mdx — 2 BLOCKING error(s):

  [L505] BANNED_PHRASE: "rather than" — see banned phrases list
        → "The Minter controls LPT token inflation. Each round it calculates the mintable t"
  [L605] BANNED_PHRASE: "rather than" — see banned phrases list
        → "A standalone ServiceRegistry for AI subnet orchestrators. Detached from the Cont"

⚠️   v2/about/protocol/blockchain-contracts.mdx — 21 warning(s) (human sign-off required):

  [L793] CONDITIONAL_IF: "if" in body prose — check for conditional gatekeeping
        → ""
  [L819] CONDITIONAL_IF: "if" in body prose — check for conditional gatekeeping
        → "#### **BondingVotes** <Subtitle text="Voting Power Checkpointing" />"
  [L864] CONDITIONAL_IF: "if" in body prose — check for conditional gatekeeping
        → "</Accordion>"
  [L867] CONDITIONAL_IF: "if" in body prose — check for conditional gatekeeping
        → "<Badge color="blue">"
  [L198] NOT_CONSTRUCTION: "not [noun/verb]" — restate as positive claim
        → ""
  [L413] NOT_CONSTRUCTION: "not [noun/verb]" — restate as positive claim
        → "<FField name="fundDepositAndReserve" params={["uint256 _depositAmount", "uint256"
  [L475] NOT_CONSTRUCTION: "not [noun/verb]" — restate as positive claim
        → "<FField name="currentRoundInitialized" returns="bool">"
  [L701] NOT_CONSTRUCTION: "not [noun/verb]" — restate as positive claim
        → "filename="LivepeerToken.sol""
  [L707] NOT_CONSTRUCTION: "not [noun/verb]" — restate as positive claim
        → ""
  [L764] NOT_CONSTRUCTION: "not [noun/verb]" — restate as positive claim
        → "Paired bridge gateway contracts on Ethereum Mainnet (L1) and Arbitrum One (L2). "
  [L890] NOT_CONSTRUCTION: "not [noun/verb]" — restate as positive claim
        → "Execute a queued update after its block delay has elapsed; emits `UpdateExecuted"
  [L897] NOT_CONSTRUCTION: "not [noun/verb]" — restate as positive claim
        → ""
  [L940] NOT_CONSTRUCTION: "not [noun/verb]" — restate as positive claim
        → "<FField name="castVoteWithReason" returns="uint256" params={["uint256 proposalId"
  [L296] WEAKENED_VALUE: "can/may [verb]" in apparent value claim — assert directly or delete
        → ""
  [L347] WEAKENED_VALUE: "can/may [verb]" in apparent value claim — assert directly or delete
        → "<FField name="transcoder" params={["uint256 _rewardCut", "uint256 _feeShare"]}>"
  [L521] WEAKENED_VALUE: "can/may [verb]" in apparent value claim — assert directly or delete
        → "**Key functions** (from `Minter.sol`):"
  [L702] WEAKENED_VALUE: "can/may [verb]" in apparent value claim — assert directly or delete
        → "/>"
  [L746] WEAKENED_VALUE: "can/may [verb]" in apparent value claim — assert directly or delete
        → ""
  [L780] WEAKENED_VALUE: "can/may [verb]" in apparent value claim — assert directly or delete
        → "<AddressLinks address={getBlockchainContractAddress(blockchainContractsPageData,"
  [L791] WEAKENED_VALUE: "can/may [verb]" in apparent value claim — assert directly or delete
        → ""
  [L4] DESCRIPTION_TOO_LONG: Description exceeds 160-character target (191) — tighten the outcome statement
        → "Architecture overview of all Livepeer protocol smart contracts on Arbitrum One and Ethereum Mainnet. What each contract "

⚠️   v2/about/network/design.mdx — 10 warning(s) (human sign-off required):

  [L61] NOT_CONSTRUCTION: "not [noun/verb]" — restate as positive claim
        → "The chain enforces; the Network executes. The Protocol records stake, settles wi"
  [L70] NOT_CONSTRUCTION: "not [noun/verb]" — restate as positive claim
        → "The same `go-livepeer` binary runs video transcoding, batch AI inference, and re"
  [L73] NOT_CONSTRUCTION: "not [noun/verb]" — restate as positive claim
        → "Discovery, capability advertisement, and price are all public. Gateways query or"
  [L87] NOT_CONSTRUCTION: "not [noun/verb]" — restate as positive claim
        → "- **Single binary, multiple modes**: `go-livepeer` runs as gateway, orchestrator"
  [L89] NOT_CONSTRUCTION: "not [noun/verb]" — restate as positive claim
        → "- **Posted prices, not auctions**: Orchestrators publish a price-per-unit; gatew"
  [L91] NOT_CONSTRUCTION: "not [noun/verb]" — restate as positive claim
        → "- **Pipelines, not protocol upgrades**: New AI capabilities ship as new pipeline"
  [L94] NOT_CONSTRUCTION: "not [noun/verb]" — restate as positive claim
        → "Slashing exists in the Protocol but is currently dormant: the on-chain Verifier "
  [L64] WEAKENED_VALUE: "can/may [verb]" in apparent value claim — assert directly or delete
        → "Anyone with compatible hardware can register an orchestrator and start receiving"
  [L73] WEAKENED_VALUE: "can/may [verb]" in apparent value claim — assert directly or delete
        → "Discovery, capability advertisement, and price are all public. Gateways query or"
  [L102] WEAKENED_VALUE: "can/may [verb]" in apparent value claim — assert directly or delete
        → "The Livepeer protocol described an **open, decentralised network** for live vide"

⚠️   v2/about/network/actors.mdx — 1 warning(s) (human sign-off required):

  [L4] DESCRIPTION_ANNOUNCES_CONTENT: Description announces page contents — lead with reader outcome instead
        → "Overview of the key actors and participants in the Livepeer network, including their roles, interactions, and incentives"

⚠️   v2/about/network/mechanisms.mdx — 14 warning(s) (human sign-off required):

  [L157] CONDITIONAL_IF: "if" in body prose — check for conditional gatekeeping
        → "'What happens': 'Gateway issues `GetOrchestratorInfo` to every candidate concurr"
  [L250] CONDITIONAL_IF: "if" in body prose — check for conditional gatekeeping
        → "The dispatch loop is in `core/orchestrator.go:transcodeSegmentLoop`. Each orches"
  [L342] CONDITIONAL_IF: "if" in body prose — check for conditional gatekeeping
        → "'On-chain effect': 'ETH moves from gateway wallet to its `TicketBroker` account;"
  [L46] NOT_CONSTRUCTION: "not [noun/verb]" — restate as positive claim
        → "Seven mechanisms run continuously across the Network. Each answers a different c"
  [L138] NOT_CONSTRUCTION: "not [noun/verb]" — restate as positive claim
        → "AI extension was bootstrapped without a dedicated LIP. From 2023, the LIP-90 SPE"
  [L221] NOT_CONSTRUCTION: "not [noun/verb]" — restate as positive claim
        → "'How the gateway applies it': 'Hard filter. An orchestrator that does not advert"
  [L237] NOT_CONSTRUCTION: "not [noun/verb]" — restate as positive claim
        → "'How the gateway applies it': 'Optional. Some gateways prefer higher-staked orch"
  [L265] NOT_CONSTRUCTION: "not [noun/verb]" — restate as positive claim
        → "'Failure recovery': 'Same retry-then-swap pattern; cold model load triggers warm"
  [L393] NOT_CONSTRUCTION: "not [noun/verb]" — restate as positive claim
        → "The off-chain Network does not stop or slow down at round boundaries. Job dispat"
  [L176] WEAKENED_VALUE: "can/may [verb]" in apparent value claim — assert directly or delete
        → "Capability advertising is what an orchestrator publishes so a gateway can decide"
  [L324] WEAKENED_VALUE: "can/may [verb]" in apparent value claim — assert directly or delete
        → "The win check combines `seed`, the orchestrator's `recipientRand`, and the round"
  [L380] WEAKENED_VALUE: "can/may [verb]" in apparent value claim — assert directly or delete
        → "'How the Network reacts': 'Each active orchestrator can call `reward()` at most "
  [L384] WEAKENED_VALUE: "can/may [verb]" in apparent value claim — assert directly or delete
        → "'How the Network reacts': 'In the final blocks of a round, parameter updates (`r"
  [L4] DESCRIPTION_TOO_LONG: Description exceeds 160-character target (203) — tighten the outcome statement
        → "How the Livepeer Network coordinates work off-chain: orchestrator discovery, capability advertising, session selection, "

❌  v2/about/network/architecture.mdx — 1 BLOCKING error(s):

  [L289] BANNED_WORD: "real" — delete or restate directly
        → "The three surfaces share a property: they let an outside reader build a real pic"

⚠️   v2/about/network/architecture.mdx — 5 warning(s) (human sign-off required):

  [L208] NOT_CONSTRUCTION: "not [noun/verb]" — restate as positive claim
        → "'What flows': '`OrchestratorInfo` messages: capability set, price-per-unit, tick"
  [L231] NOT_CONSTRUCTION: "not [noun/verb]" — restate as positive claim
        → ""
  [L88] WEAKENED_VALUE: "can/may [verb]" in apparent value claim — assert directly or delete
        → ""
  [L134] WEAKENED_VALUE: "can/may [verb]" in apparent value claim — assert directly or delete
        → ""
  [L171] WEAKENED_VALUE: "can/may [verb]" in apparent value claim — assert directly or delete
        → "## Round Lifecycle"

⚠️   v2/about/network/marketplace-model.mdx — 11 warning(s) (human sign-off required):

  [L146] CONDITIONAL_IF: "if" in body prose — check for conditional gatekeeping
        → "The mechanism that makes the off-chain settlement work is the probabilistic micr"
  [L67] NOT_CONSTRUCTION: "not [noun/verb]" — restate as positive claim
        → "'Why it is shaped this way': 'Routing decisions stay close to demand; operators "
  [L114] NOT_CONSTRUCTION: "not [noun/verb]" — restate as positive claim
        → "</ScrollableDiagram>"
  [L124] NOT_CONSTRUCTION: "not [noun/verb]" — restate as positive claim
        → "<BorderedBox variant="accent">"
  [L146] NOT_CONSTRUCTION: "not [noun/verb]" — restate as positive claim
        → "The mechanism that makes the off-chain settlement work is the probabilistic micr"
  [L157] NOT_CONSTRUCTION: "not [noun/verb]" — restate as positive claim
        → ""
  [L40] WEAKENED_VALUE: "can/may [verb]" in apparent value claim — assert directly or delete
        → "The Network is an **open marketplace for real-time compute**. Operators publish "
  [L132] WEAKENED_VALUE: "can/may [verb]" in apparent value claim — assert directly or delete
        → "<Subtitle style={{ fontSize: '1rem', marginTop: '1rem', marginBottom: '0.5rem' }"
  [L135] WEAKENED_VALUE: "can/may [verb]" in apparent value claim — assert directly or delete
        → "- Per-segment job dispatch and results"
  [L149] WEAKENED_VALUE: "can/may [verb]" in apparent value claim — assert directly or delete
        → ""
  [L4] DESCRIPTION_TOO_LONG: Description exceeds 160-character target (163) — tighten the outcome statement
        → "How supply, demand, price, and settlement combine into the Livepeer Network's open compute marketplace, and how honest w"

⚠️   v2/about/network/job-pipelines.mdx — 5 warning(s) (human sign-off required):

  [L147] NOT_CONSTRUCTION: "not [noun/verb]" — restate as positive claim
        → ""
  [L155] NOT_CONSTRUCTION: "not [noun/verb]" — restate as positive claim
        → "{ Pipeline: 'Audio-to-text', Class: 'Batch AI', 'What it produces': 'Transcribed"
  [L45] WEAKENED_VALUE: "can/may [verb]" in apparent value claim — assert directly or delete
        → "The Network's capability set is defined by the pipelines its orchestrators run. "
  [L121] WEAKENED_VALUE: "can/may [verb]" in apparent value claim — assert directly or delete
        → "SessionEstablished --> SegmentDispatch: next segment ready"
  [L155] WEAKENED_VALUE: "can/may [verb]" in apparent value claim — assert directly or delete
        → "{ Pipeline: 'Audio-to-text', Class: 'Batch AI', 'What it produces': 'Transcribed"

❌  v2/about/network/metrics.mdx — 10 BLOCKING error(s):

  [L109] BANNED_PHRASE: "not just" — see banned phrases list
        → "'Why it matters': 'Translates fee dollars into real work done. Useful for sizing"
  [L42] BANNED_WORD: "real" — delete or restate directly
        → "The Livepeer Explorer at [explorer.livepeer.org](https://explorer.livepeer.org/)"
  [L194] BANNED_WORD: "real" — delete or restate directly
        → "'Why it matters': 'Real dilution to a delegator. The treasury cut reduces inflat"
  [L350] BANNED_WORD: "real" — delete or restate directly
        → "'Why it matters': 'Reduces real LPT yield to all stakers in proportion to the tr"
  [L439] BANNED_WORD: "real" — delete or restate directly
        → "'Why it matters': 'Cost side of the gateway selection decision. Performance plus"
  [L461] BANNED_WORD: "real" — delete or restate directly
        → "'Why it matters': 'The inflation tap. A higher rate funds the treasury faster bu"
  [L235] REVIEW_FLAG_RENDERED: Unresolved REVIEW flag in rendered content — BLOCKS MERGE
        → "'What it shows': 'Count of orchestrators in the current active set. Subgraph fie"
  [L460] REVIEW_FLAG_RENDERED: Unresolved REVIEW flag in rendered content — BLOCKS MERGE
        → "'What it shows': 'Percent of each round\'s minted LPT routed to the treasury. On"
  [L465] REVIEW_FLAG_RENDERED: Unresolved REVIEW flag in rendered content — BLOCKS MERGE
        → "'What it shows': 'LPT balance cap. When the treasury reaches this value, `treasu"
  [L495] REVIEW_FLAG_RENDERED: Unresolved REVIEW flag in rendered content — BLOCKS MERGE
        → "'What it shows': 'Maximum orchestrators eligible per round: `numActiveTranscoder"

⚠️   v2/about/network/metrics.mdx — 17 warning(s) (human sign-off required):

  [L275] CONDITIONAL_IF: "if" in body prose — check for conditional gatekeeping
        → "{"
  [L359] CONDITIONAL_IF: "if" in body prose — check for conditional gatekeeping
        → "Gateway metrics are demand-side: who is routing jobs and paying fees. The gatewa"
  [L469] CONDITIONAL_IF: "if" in body prose — check for conditional gatekeeping
        → "Metric: <Subtitle variant="changelog">**Treasury Inflows (annualised, computed)*"
  [L62] NOT_CONSTRUCTION: "not [noun/verb]" — restate as positive claim
        → "'Why it matters': 'Indicates whether stake changes and reward calls are currentl"
  [L109] NOT_CONSTRUCTION: "not [noun/verb]" — restate as positive claim
        → "'Why it matters': 'Translates fee dollars into real work done. Useful for sizing"
  [L161] NOT_CONSTRUCTION: "not [noun/verb]" — restate as positive claim
        → "Inf --> Mint"
  [L253] NOT_CONSTRUCTION: "not [noun/verb]" — restate as positive claim
        → "{"
  [L417] NOT_CONSTRUCTION: "not [noun/verb]" — restate as positive claim
        → "Metric: <Subtitle variant="changelog">**Success Rate (%)**</Subtitle>,"
  [L49] WEAKENED_VALUE: "can/may [verb]" in apparent value claim — assert directly or delete
        → "A round is one period during which orchestrators can call `reward` once, paramet"
  [L162] WEAKENED_VALUE: "can/may [verb]" in apparent value claim — assert directly or delete
        → "Mint --> Supply"
  [L281] WEAKENED_VALUE: "can/may [verb]" in apparent value claim — assert directly or delete
        → "Metric: <Subtitle variant="changelog">**Staking Ratio**</Subtitle>,"
  [L328] WEAKENED_VALUE: "can/may [verb]" in apparent value claim — assert directly or delete
        → "Metric: <Subtitle variant="changelog">**Reward Cut**</Subtitle>,"
  [L355] WEAKENED_VALUE: "can/may [verb]" in apparent value claim — assert directly or delete
        → "<CustomDivider style={{ margin: '-1rem 0 -2rem 0' }} />"
  [L412] WEAKENED_VALUE: "can/may [verb]" in apparent value claim — assert directly or delete
        → "Metric: <Subtitle variant="changelog">**Total Score (0-10)**</Subtitle>,"
  [L417] WEAKENED_VALUE: "can/may [verb]" in apparent value claim — assert directly or delete
        → "Metric: <Subtitle variant="changelog">**Success Rate (%)**</Subtitle>,"
  [L479] WEAKENED_VALUE: "can/may [verb]" in apparent value claim — assert directly or delete
        → "Metric: <Subtitle variant="changelog">**Treasury Proposals**</Subtitle>,"
  [L402] CONSISTENTLY_NO_NUMBER: "consistently" without adjacent number — add threshold or rewrite
        → "<CustomDivider style={{ margin: '-1rem 0 -2rem 0' }} />"

❌  v2/about/guides/technical-roadmap.mdx — 1 BLOCKING error(s):

  [L58] BANNED_PHRASE: "rather than" — see banned phrases list
        → "Doug Petkanics outlines Livepeer's next phase, proposing the network become the "

⚠️   v2/about/guides/evaluating-livepeer.mdx — 1 warning(s) (human sign-off required):

  [L4] DESCRIPTION_TOO_LONG: Description exceeds 160-character target (207) — tighten the outcome statement
        → "A comprehensive evaluation of Livepeer's performance, growth, and ecosystem development based on the latest Q1 2026 repo"

⚠️   v2/about/guides/protocol-design.mdx — 14 warning(s) (human sign-off required):

  [L91] CONDITIONAL_IF: "if" in body prose — check for conditional gatekeeping
        → "Livepeer encoded governance directly into the protocol. Any LPT holder with at l"
  [L37] NOT_CONSTRUCTION: "not [noun/verb]" — restate as positive claim
        → "The Livepeer Protocol is a set of rules, not a service. It coordinates an open m"
  [L61] NOT_CONSTRUCTION: "not [noun/verb]" — restate as positive claim
        → "The protocol does not transcode video. It does not run AI inference. It does not"
  [L69] NOT_CONSTRUCTION: "not [noun/verb]" — restate as positive claim
        → "### 1. Delegated proof-of-stake, not proof-of-work"
  [L71] NOT_CONSTRUCTION: "not [noun/verb]" — restate as positive claim
        → "The protocol needed a way to admit a permissionless pool of GPU operators while "
  [L87] NOT_CONSTRUCTION: "not [noun/verb]" — restate as positive claim
        → "### 4. On-chain governance, not foundation control"
  [L93] NOT_CONSTRUCTION: "not [noun/verb]" — restate as positive claim
        → "### 5. Arbitrum One, not Ethereum mainnet"
  [L119] NOT_CONSTRUCTION: "not [noun/verb]" — restate as positive claim
        → "## What the protocol intentionally does not do"
  [L123] NOT_CONSTRUCTION: "not [noun/verb]" — restate as positive claim
        → "- **It does not pick orchestrators for a job.** Gateways do, off-chain, using th"
  [L124] NOT_CONSTRUCTION: "not [noun/verb]" — restate as positive claim
        → "- **It does not verify transcoding output.** The slashing function exists in the"
  [L125] NOT_CONSTRUCTION: "not [noun/verb]" — restate as positive claim
        → "- **It does not coordinate AI inference work.** AI workloads use the same actor "
  [L126] NOT_CONSTRUCTION: "not [noun/verb]" — restate as positive claim
        → "- **It does not store media.** All video and inference data flows directly betwe"
  [L91] WEAKENED_VALUE: "can/may [verb]" in apparent value claim — assert directly or delete
        → "Livepeer encoded governance directly into the protocol. Any LPT holder with at l"
  [L4] DESCRIPTION_TOO_LONG: Description exceeds 160-character target (213) — tighten the outcome statement
        → "A walk-through of how the Livepeer Protocol functions and the design decisions behind each mechanism - delegated proof-o"

❌  v2/about/guides/livepeer-network.mdx — 1 BLOCKING error(s):

  [L71] BANNED_PHRASE: "not preference" — see banned phrases list
        → "Gateways query the on-chain ServiceRegistry for the active set, then probe orche"

⚠️   v2/about/guides/livepeer-network.mdx — 6 warning(s) (human sign-off required):

  [L71] NOT_CONSTRUCTION: "not [noun/verb]" — restate as positive claim
        → "Gateways query the on-chain ServiceRegistry for the active set, then probe orche"
  [L111] NOT_CONSTRUCTION: "not [noun/verb]" — restate as positive claim
        → "The network does not need to involve the chain to coordinate, dispatch, or deliv"
  [L74] WEAKENED_VALUE: "can/may [verb]" in apparent value claim — assert directly or delete
        → "Each orchestrator publishes the workloads it can serve - video transcoding profi"
  [L95] WEAKENED_VALUE: "can/may [verb]" in apparent value claim — assert directly or delete
        → "Gateway transfers ETH into the TicketBroker, establishing both a deposit (drawn "
  [L121] WEAKENED_VALUE: "can/may [verb]" in apparent value claim — assert directly or delete
        → "- **Bring-Your-Own-Container (BYOC) workloads**, where any developer can publish"
  [L4] DESCRIPTION_TOO_LONG: Description exceeds 160-character target (248) — tighten the outcome statement
        → "The Livepeer Network is the off-chain execution layer that turns the Protocol's rules into a working open marketplace fo"

❌  v2/about/guides/livepeer-token.mdx — 1 BLOCKING error(s):

  [L49] BANNED_PHRASE: "not just" — see banned phrases list
        → "Operators want skin in the game proportional to their stake in the network. An o"

⚠️   v2/about/guides/livepeer-token.mdx — 11 warning(s) (human sign-off required):

  [L143] CONDITIONAL_IF: "if" in body prose — check for conditional gatekeeping
        → ""What it risks": "Slashing if reactivated, plus operational and reputational ris"
  [L149] CONDITIONAL_IF: "if" in body prose — check for conditional gatekeeping
        → ""What it risks": "Slashing if reactivated, exposure to orchestrator's behaviour "
  [L38] NOT_CONSTRUCTION: "not [noun/verb]" — restate as positive claim
        → "LPT is the Livepeer Protocol's staking and coordination asset. It secures the ne"
  [L47] NOT_CONSTRUCTION: "not [noun/verb]" — restate as positive claim
        → "Service buyers want to pay for a service, not invest in a network. A gateway ope"
  [L49] NOT_CONSTRUCTION: "not [noun/verb]" — restate as positive claim
        → "Operators want skin in the game proportional to their stake in the network. An o"
  [L126] NOT_CONSTRUCTION: "not [noun/verb]" — restate as positive claim
        → "The dilution is not theoretical. Every round of inflation that an unbonded holde"
  [L64] WEAKENED_VALUE: "can/may [verb]" in apparent value claim — assert directly or delete
        → "Bonded LPT is the protocol's collateral against operator misbehaviour. Slashing "
  [L70] WEAKENED_VALUE: "can/may [verb]" in apparent value claim — assert directly or delete
        → "Bonded LPT confers stake-weighted voting power over Livepeer Improvement Proposa"
  [L75] WEAKENED_VALUE: "can/may [verb]" in apparent value claim — assert directly or delete
        → "**Slashing today.** The slashing function exists in the BondingManager contract,"
  [L132] WEAKENED_VALUE: "can/may [verb]" in apparent value claim — assert directly or delete
        → "## What an LPT holder can actually do"
  [L4] DESCRIPTION_TOO_LONG: Description exceeds 160-character target (215) — tighten the outcome statement
        → "Why LPT exists as a separate asset from ETH, what it lets a holder do, and how the protocol's payment separation makes t"

⚠️   v2/about/guides/governance-and-voting.mdx — 16 warning(s) (human sign-off required):

  [L87] CONDITIONAL_IF: "if" in body prose — check for conditional gatekeeping
        → "Anyone with at least 100 LPT can submit the LIP on-chain to the Governor contrac"
  [L93] CONDITIONAL_IF: "if" in body prose — check for conditional gatekeeping
        → "A proposal passes only if at least 33% of all bonded LPT participates (quorum) a"
  [L106] CONDITIONAL_IF: "if" in body prose — check for conditional gatekeeping
        → "If an orchestrator self-bonds 1,000 LPT and has 9,000 LPT delegated to it, the o"
  [L123] CONDITIONAL_IF: "if" in body prose — check for conditional gatekeeping
        → "Connect your wallet on the Explorer. Your voting power is your bonded LPT. If yo"
  [L128] CONDITIONAL_IF: "if" in body prose — check for conditional gatekeeping
        → "<StyledStep title="Override your orchestrator if needed" icon="user-shield">"
  [L68] NOT_CONSTRUCTION: "not [noun/verb]" — restate as positive claim
        → "The protocol does not give governance authority over private operator behaviour,"
  [L74] NOT_CONSTRUCTION: "not [noun/verb]" — restate as positive claim
        → "Every protocol or treasury change passes through the same staged process. Skippi"
  [L93] NOT_CONSTRUCTION: "not [noun/verb]" — restate as positive claim
        → "A proposal passes only if at least 33% of all bonded LPT participates (quorum) a"
  [L110] NOT_CONSTRUCTION: "not [noun/verb]" — restate as positive claim
        → "The override is per-proposal, not permanent. A delegator who overrides on one pr"
  [L126] NOT_CONSTRUCTION: "not [noun/verb]" — restate as positive claim
        → "Submit For, Against, or Abstain on-chain. The vote costs gas and is final once m"
  [L37] WEAKENED_VALUE: "can/may [verb]" in apparent value claim — assert directly or delete
        → "Livepeer is governed by the people who hold and stake its token. Any holder with"
  [L54] WEAKENED_VALUE: "can/may [verb]" in apparent value claim — assert directly or delete
        → "## What governance can change"
  [L87] WEAKENED_VALUE: "can/may [verb]" in apparent value claim — assert directly or delete
        → "Anyone with at least 100 LPT can submit the LIP on-chain to the Governor contrac"
  [L90] WEAKENED_VALUE: "can/may [verb]" in apparent value claim — assert directly or delete
        → "A 30-round voting window opens (~3.75 days on Arbitrum). Eligible voters - orche"
  [L108] WEAKENED_VALUE: "can/may [verb]" in apparent value claim — assert directly or delete
        → "This default has two consequences. First, orchestrators function as elected repr"
  [L4] DESCRIPTION_TOO_LONG: Description exceeds 160-character target (278) — tighten the outcome statement
        → "How Livepeer's on-chain governance works, what an LPT holder can vote on, and how to use the voting power that comes wit"

⚠️   v2/about/guides/treasury-and-proposals.mdx — 11 warning(s) (human sign-off required):

  [L66] CONDITIONAL_IF: "if" in body prose — check for conditional gatekeeping
        → "An SPE is a community-approved organisation - typically with a multi-person team"
  [L119] CONDITIONAL_IF: "if" in body prose — check for conditional gatekeeping
        → "Anyone with 100 LPT can submit the proposal to the LivepeerGovernor contract. Th"
  [L64] NOT_CONSTRUCTION: "not [noun/verb]" — restate as positive claim
        → "Most treasury funding does not flow directly to individual contributors. It flow"
  [L113] NOT_CONSTRUCTION: "not [noun/verb]" — restate as positive claim
        → "Submit the proposal as an RFP on the <LinkArrow label="Livepeer Forum" href="htt"
  [L125] NOT_CONSTRUCTION: "not [noun/verb]" — restate as positive claim
        → "On a successful vote, the LivepeerGovernor releases the requested LPT to the rec"
  [L135] NOT_CONSTRUCTION: "not [noun/verb]" — restate as positive claim
        → "- **Defensible budget.** Line items, not lump sums. Comparable benchmarks where "
  [L138] NOT_CONSTRUCTION: "not [noun/verb]" — restate as positive claim
        → "- **Ongoing reporting.** Forum threads, public dashboards, regular updates. Trea"
  [L139] NOT_CONSTRUCTION: "not [noun/verb]" — restate as positive claim
        → "- **Network alignment.** Work that strengthens the protocol or the network - not"
  [L38] WEAKENED_VALUE: "can/may [verb]" in apparent value claim — assert directly or delete
        → "The Livepeer Treasury is an on-chain pool funded by 10% of every round's LPT inf"
  [L119] WEAKENED_VALUE: "can/may [verb]" in apparent value claim — assert directly or delete
        → "Anyone with 100 LPT can submit the proposal to the LivepeerGovernor contract. Th"
  [L4] DESCRIPTION_TOO_LONG: Description exceeds 160-character target (229) — tighten the outcome statement
        → "How the Livepeer Treasury funds ecosystem growth, what Special Purpose Entities deliver, how the treasury proposal lifec"

❌  v2/about/guides/network-tools-and-metrics.mdx — 1 BLOCKING error(s):

  [L142] BANNED_WORD: "several" — delete or restate directly
        → "Several of the surfaces above are designed to be embedded in external sites - a "

⚠️   v2/about/guides/network-tools-and-metrics.mdx — 8 warning(s) (human sign-off required):

  [L87] CONDITIONAL_IF: "if" in body prose — check for conditional gatekeeping
        → "The Explorer is the surface to use for any answer that depends on what is actual"
  [L87] NOT_CONSTRUCTION: "not [noun/verb]" — restate as positive claim
        → "The Explorer is the surface to use for any answer that depends on what is actual"
  [L121] NOT_CONSTRUCTION: "not [noun/verb]" — restate as positive claim
        → "These surfaces have a structural blind spot: they only see what their telemetry "
  [L136] NOT_CONSTRUCTION: "not [noun/verb]" — restate as positive claim
        → "Capability advertisements are bitstrings, not free-form text. The list is govern"
  [L87] WEAKENED_VALUE: "can/may [verb]" in apparent value claim — assert directly or delete
        → "The Explorer is the surface to use for any answer that depends on what is actual"
  [L149] WEAKENED_VALUE: "can/may [verb]" in apparent value claim — assert directly or delete
        → "Grafana panels can be exposed as iframes for read-only embedding. Use this for o"
  [L4] DESCRIPTION_ANNOUNCES_CONTENT: Description announces page contents — lead with reader outcome instead
        → "How to read the Livepeer Network from the outside. Covers the five public observability surfaces - Explorer, subgraph, d"
  [L4] DESCRIPTION_TOO_LONG: Description exceeds 160-character target (223) — tighten the outcome statement
        → "How to read the Livepeer Network from the outside. Covers the five public observability surfaces - Explorer, subgraph, d"

⚠️   v2/about/guides/network-metrics.mdx — 16 warning(s) (human sign-off required):

  [L185] CONDITIONAL_IF: "if" in body prose — check for conditional gatekeeping
        → "'What it is': 'Boolean. True if the Controller has paused protocol writes (used "
  [L209] CONDITIONAL_IF: "if" in body prose — check for conditional gatekeeping
        → "'What it is': 'Boolean per-orchestrator. True if `activationRound <= currentRoun"
  [L269] CONDITIONAL_IF: "if" in body prose — check for conditional gatekeeping
        → "'What it is': 'LPT a delegator has bonded to their chosen orchestrator. Includes"
  [L359] CONDITIONAL_IF: "if" in body prose — check for conditional gatekeeping
        → "'What it is': 'LPT minted by this orchestrator in this round\'s reward call. Nul"
  [L587] CONDITIONAL_IF: "if" in body prose — check for conditional gatekeeping
        → "'What it is': 'ETH held in reserve for an orchestrator to claim if the deposit i"
  [L215] NOT_CONSTRUCTION: "not [noun/verb]" — restate as positive claim
        → "'What it is': 'Lifecycle state. Values: `NotRegistered`, `Registered`. Distinct "
  [L359] NOT_CONSTRUCTION: "not [noun/verb]" — restate as positive claim
        → "'What it is': 'LPT minted by this orchestrator in this round\'s reward call. Nul"
  [L748] NOT_CONSTRUCTION: "not [noun/verb]" — restate as positive claim
        → "These metrics live on the operator\'s own `go-livepeer` node, not on the Explore"
  [L876] NOT_CONSTRUCTION: "not [noun/verb]" — restate as positive claim
        → "Three classes of data exist but are not exposed publicly. Anyone building dashbo"
  [L878] NOT_CONSTRUCTION: "not [noun/verb]" — restate as positive claim
        → "- **Per-segment job content**. Individual transcoded segments and AI inference o"
  [L879] NOT_CONSTRUCTION: "not [noun/verb]" — restate as positive claim
        → "- **Non-winning probabilistic tickets**. Most tickets do not win and are never s"
  [L88] WEAKENED_VALUE: "can/may [verb]" in apparent value claim — assert directly or delete
        → "The protocol advances in rounds. A round is roughly 21 hours on Arbitrum One; th"
  [L215] WEAKENED_VALUE: "can/may [verb]" in apparent value claim — assert directly or delete
        → "'What it is': 'Lifecycle state. Values: `NotRegistered`, `Registered`. Distinct "
  [L299] WEAKENED_VALUE: "can/may [verb]" in apparent value claim — assert directly or delete
        → "'What it is': 'Per-unbonding-event: how much LPT is unbonding and the round afte"
  [L352] WEAKENED_VALUE: "can/may [verb]" in apparent value claim — assert directly or delete
        → "Each round, every active orchestrator can call `BondingManager.reward()` to mint"
  [L563] WEAKENED_VALUE: "can/may [verb]" in apparent value claim — assert directly or delete
        → "'What it is': 'On-chain advertised capability flags. Encodes which transcoding p"

❌  v2/about/guides/builders-guide.mdx — 3 BLOCKING error(s):

  [L79] BANNED_WORD: "significant" — delete or restate directly
        → "The reference node implementation is Go-based with significant native FFmpeg and"
  [L104] BANNED_WORD: "significant" — delete or restate directly
        → "A node-software change is reviewed through GitHub. The path is short: open an is"
  [L135] BANNED_WORD: "several" — delete or restate directly
        → "Code is one contribution. Several others matter as much."

⚠️   v2/about/guides/builders-guide.mdx — 13 warning(s) (human sign-off required):

  [L104] CONDITIONAL_IF: "if" in body prose — check for conditional gatekeeping
        → "A node-software change is reviewed through GitHub. The path is short: open an is"
  [L121] CONDITIONAL_IF: "if" in body prose — check for conditional gatekeeping
        → "headerList={["If you intend to work on", "Read first"]}"
  [L123] CONDITIONAL_IF: "if" in body prose — check for conditional gatekeeping
        → "{ "If you intend to work on": "Contracts (BondingManager, TicketBroker, etc.)", "
  [L124] CONDITIONAL_IF: "if" in body prose — check for conditional gatekeeping
        → "{ "If you intend to work on": "Inflation, rewards, or rounds", "Read first": "Li"
  [L125] CONDITIONAL_IF: "if" in body prose — check for conditional gatekeeping
        → "{ "If you intend to work on": "Governance or treasury", "Read first": "Governanc"
  [L126] CONDITIONAL_IF: "if" in body prose — check for conditional gatekeeping
        → "{ "If you intend to work on": "Node software (transcoding path)", "Read first": "
  [L127] CONDITIONAL_IF: "if" in body prose — check for conditional gatekeeping
        → "{ "If you intend to work on": "AI worker or BYOC", "Read first": "Job Pipelines "
  [L55] NOT_CONSTRUCTION: "not [noun/verb]" — restate as positive claim
        → "A contribution to a contract requires a LIP. A contribution to the node binary r"
  [L37] WEAKENED_VALUE: "can/may [verb]" in apparent value claim — assert directly or delete
        → "Livepeer is built in the open, by a community of contributors and Special Purpos"
  [L108] WEAKENED_VALUE: "can/may [verb]" in apparent value claim — assert directly or delete
        → "A contract change requires a Livepeer Improvement Proposal. The reason is struct"
  [L112] WEAKENED_VALUE: "can/may [verb]" in apparent value claim — assert directly or delete
        → "A new pipeline or BYOC container ships independently. The orchestrator runs it; "
  [L4] DESCRIPTION_ANNOUNCES_CONTENT: Description announces page contents — lead with reader outcome instead
        → "How to contribute to Livepeer at the protocol, network, or pipeline level. Covers the four canonical GitHub repositories"
  [L4] DESCRIPTION_TOO_LONG: Description exceeds 160-character target (250) — tighten the outcome statement
        → "How to contribute to Livepeer at the protocol, network, or pipeline level. Covers the four canonical GitHub repositories"

❌  v2/about/resources/faq.mdx — 2 BLOCKING error(s):

  [L39] BANNED_WORD: "effectively" — delete or restate directly
        → "- **Gateway** (Broadcaster): A stateless demand-side node. Gateways submit video"
  [L52] BANNED_WORD: "real" — delete or restate directly
        → "- **AI Artists & Content Creators**: Performers and creators who use Livepeer’s "

⚠️   v2/about/resources/faq.mdx — 6 warning(s) (human sign-off required):

  [L81] CONDITIONAL_IF: "if" in body prose — check for conditional gatekeeping
        → "<Accordion title="Where should I start if I am evaluating Livepeer?" icon="clipb"
  [L29] NOT_CONSTRUCTION: "not [noun/verb]" — restate as positive claim
        → "This FAQ answers the most common About-tab questions and points to the deeper pa"
  [L43] NOT_CONSTRUCTION: "not [noun/verb]" — restate as positive claim
        → "- **Transcoder** / **AI Worker**: A compute node (often a GPU) that performs the"
  [L70] NOT_CONSTRUCTION: "not [noun/verb]" — restate as positive claim
        → "LPT is used for staking, delegation, and governance. It is not the token used to"
  [L52] WEAKENED_VALUE: "can/may [verb]" in apparent value claim — assert directly or delete
        → "- **AI Artists & Content Creators**: Performers and creators who use Livepeer’s "
  [L87] WEAKENED_VALUE: "can/may [verb]" in apparent value claim — assert directly or delete
        → "<Accordion title="Where can I look up terms used in this section?" icon="book-op"

❌  v2/about/resources/glossary.mdx — 5 BLOCKING error(s):

  [L132] BANNED_PHRASE: "rather than" — see banned phrases list
        → "{ Term: "Stake-Weighted", Category: "livepeer", Niche: "governance", Definition:"
  [L445] BANNED_PHRASE: "rather than" — see banned phrases list
        → "**Definition**: A mechanism where each participant's voting power, reward alloca"
  [L369] BANNED_WORD: "meaningful" — delete or restate directly
        → "**Context**: Quorum in Livepeer governance ensures that protocol decisions refle"
  [L519] BANNED_WORD: "real" — delete or restate directly
        → "**Context**: ETH fees are the demand-side revenue stream for Orchestrators and t"
  [L529] BANNED_WORD: "real" — delete or restate directly
        → "**Context**: Fee share (the complement of Fee Cut) is how Delegators earn from r"

⚠️   v2/about/resources/glossary.mdx — 4 warning(s) (human sign-off required):

  [L360] NOT_CONSTRUCTION: "not [noun/verb]" — restate as positive claim
        → ""
  [L398] WEAKENED_VALUE: "can/may [verb]" in apparent value claim — assert directly or delete
        → ""
  [L450] WEAKENED_VALUE: "can/may [verb]" in apparent value claim — assert directly or delete
        → ""
  [L490] WEAKENED_VALUE: "can/may [verb]" in apparent value claim — assert directly or delete
        → ""

⚠️   v2/about/resources/knowledge-hub/gateways-vs-orchestrators.mdx — 1 warning(s) (human sign-off required):

  [L4] DESCRIPTION_TOO_LONG: Description exceeds 160-character target (308) — tighten the outcome statement
        → "Livepeer uses two core node types-**Gateways** and **Orchestrators**-that work together to provide real-time AI video co"

⚠️   v2/about/resources/reference/livepeer-contract-addresses.mdx — 1 warning(s) (human sign-off required):

  [L4] DESCRIPTION_TOO_LONG: Description exceeds 160-character target (223) — tighten the outcome statement
        → "Official Livepeer protocol contract addresses on Arbitrum One and Ethereum Mainnet. Verified from live chain state, upst"

⚠️   v2/solutions/solution-providers.mdx — 1 warning(s) (human sign-off required):

  [L43] WEAKENED_VALUE: "can/may [verb]" in apparent value claim — assert directly or delete
        → "Livepeer Solutions are ready-to-use video and AI products built on the Livepeer "

❌  v2/solutions/daydream/overview.mdx — 2 BLOCKING error(s):

  [L67] BANNED_WORD: "real" — delete or restate directly
        → "- **Real-time AI video** - Transform livestreams and video with text prompts and"
  [L111] BANNED_WORD: "real" — delete or restate directly
        → "3. Enter a text prompt to transform your video in real time (e.g. Style or chara"

⚠️   v2/solutions/daydream/overview.mdx — 1 warning(s) (human sign-off required):

  [L123] CONDITIONAL_IF: "if" in body prose — check for conditional gatekeeping
        → "Exact endpoints, SDK usage, and pipeline options are documented in the [Daydream"

⚠️   v2/solutions/livepeer-studio/overview.mdx — 1 warning(s) (human sign-off required):

  [L109] NOT_CONSTRUCTION: "not [noun/verb]" — restate as positive claim
        → "1. Go to [Livepeer Studio](https://livepeer.studio) and create an account."

❌  v2/solutions/embody/overview.mdx — 2 BLOCKING error(s):

  [L71] BANNED_WORD: "real" — delete or restate directly
        → "- **Interactive 3D avatars** - AI-driven avatars that respond to text prompts an"
  [L93] BANNED_WORD: "real" — delete or restate directly
        → "Try the human Avatar Interface - Interact with a live AI avatar in real time"

⚠️   v2/solutions/embody/overview.mdx — 2 warning(s) (human sign-off required):

  [L128] CONDITIONAL_IF: "if" in body prose — check for conditional gatekeeping
        → "</StyledStep>"
  [L128] NOT_CONSTRUCTION: "not [noun/verb]" — restate as positive claim
        → "</StyledStep>"

⚠️   v2/solutions/frameworks/overview.mdx — 1 warning(s) (human sign-off required):

  [L64] NOT_CONSTRUCTION: "not [noun/verb]" — restate as positive claim
        → "- **Hosted processing** - Use Frameworks' hosted ingest and transcoding services"

❌  v2/solutions/resources/glossary.mdx — 8 BLOCKING error(s):

  [L142] BANNED_PHRASE: "rather than" — see banned phrases list
        → "{ Term: "TUS Upload", Category: "technical", Niche: "security", Definition: "Res"
  [L151] BANNED_PHRASE: "rather than" — see banned phrases list
        → "{ Term: "World Model", Category: "ai", Niche: "application", Definition: "Neural"
  [L178] BANNED_PHRASE: "rather than" — see banned phrases list
        → "**Context**: In the Solutions context, the Gateway is the network layer that Liv"
  [L188] BANNED_PHRASE: "rather than" — see banned phrases list
        → "**Context**: From the Solutions perspective, the Livepeer Network is the underly"
  [L984] BANNED_PHRASE: "rather than" — see banned phrases list
        → "**Definition**: Resumable file upload protocol over HTTP that allows interrupted"
  [L76] BANNED_WORD: "real" — delete or restate directly
        → "{ Term: "ABR (Adaptive Bitrate)", Category: "video", Niche: "encoding", Definiti"
  [L454] BANNED_WORD: "real" — delete or restate directly
        → "**Definition**: Streaming technique that detects viewer bandwidth in real time a"
  [L808] BANNED_WORD: "real" — delete or restate directly
        → "**Definition**: Neural networks that understand the dynamics of the real world, "

⚠️   v2/solutions/resources/glossary.mdx — 12 warning(s) (human sign-off required):

  [L421] CONDITIONAL_IF: "if" in body prose — check for conditional gatekeeping
        → ""
  [L341] NOT_CONSTRUCTION: "not [noun/verb]" — restate as positive claim
        → ""
  [L68] WEAKENED_VALUE: "can/may [verb]" in apparent value claim — assert directly or delete
        → "showSeparators={true}"
  [L86] WEAKENED_VALUE: "can/may [verb]" in apparent value claim — assert directly or delete
        → "{ Term: "Broadcaster (deprecated)", Category: "livepeer", Niche: "role", Definit"
  [L299] WEAKENED_VALUE: "can/may [verb]" in apparent value claim — assert directly or delete
        → "</Accordion>"
  [L329] WEAKENED_VALUE: "can/may [verb]" in apparent value claim — assert directly or delete
        → ""
  [L331] WEAKENED_VALUE: "can/may [verb]" in apparent value claim — assert directly or delete
        → ""
  [L361] WEAKENED_VALUE: "can/may [verb]" in apparent value claim — assert directly or delete
        → ""
  [L421] WEAKENED_VALUE: "can/may [verb]" in apparent value claim — assert directly or delete
        → ""
  [L809] WEAKENED_VALUE: "can/may [verb]" in apparent value claim — assert directly or delete
        → ""
  [L885] WEAKENED_VALUE: "can/may [verb]" in apparent value claim — assert directly or delete
        → ""
  [L887] WEAKENED_VALUE: "can/may [verb]" in apparent value claim — assert directly or delete
        → ""

⚠️   v2/solutions/livepeer-studio/docs/quickstart.mdx — 1 warning(s) (human sign-off required):

  [L36] NOT_CONSTRUCTION: "not [noun/verb]" — restate as positive claim
        → "**CORS-enabled API keys** are not recommended and will be deprecated. Make reque"

⚠️   v2/solutions/livepeer-studio/docs/get-started/authentication.mdx — 6 warning(s) (human sign-off required):

  [L44] CONDITIONAL_IF: "if" in body prose — check for conditional gatekeeping
        → "**The security model is different for CORS-enabled API keys.** Since any user ha"
  [L50] CONDITIONAL_IF: "if" in body prose — check for conditional gatekeeping
        → "1. **Use backend API keys by default** - Only use CORS-enabled keys when absolut"
  [L42] NOT_CONSTRUCTION: "not [noun/verb]" — restate as positive claim
        → "### Security with CORS Keys"
  [L24] WEAKENED_VALUE: "can/may [verb]" in apparent value claim — assert directly or delete
        → "Livepeer API uses API keys to verify and authorise requests. You can manage and "
  [L30] WEAKENED_VALUE: "can/may [verb]" in apparent value claim — assert directly or delete
        → "It's important to note that your API keys come with broad privileges, so it's es"
  [L44] WEAKENED_VALUE: "can/may [verb]" in apparent value claim — assert directly or delete
        → "**The security model is different for CORS-enabled API keys.** Since any user ha"

⚠️   v2/solutions/livepeer-studio/docs/get-started/studio-cli.mdx — 1 warning(s) (human sign-off required):

  [L26] WEAKENED_VALUE: "can/may [verb]" in apparent value claim — assert directly or delete
        → "The Livepeer Studio CLI generates a new Livepeer app so you can go from zero to "

⚠️   v2/solutions/livepeer-studio/docs/livestream/overview.mdx — 8 warning(s) (human sign-off required):

  [L35] CONDITIONAL_IF: "if" in body prose — check for conditional gatekeeping
        → "If recording is enabled, the session can be stored as an **asset** when the stre"
  [L53] CONDITIONAL_IF: "if" in body prose — check for conditional gatekeeping
        → "Viewers use the **playback ID** to watch the stream. The [Livepeer Player](/solu"
  [L35] WEAKENED_VALUE: "can/may [verb]" in apparent value claim — assert directly or delete
        → "If recording is enabled, the session can be stored as an **asset** when the stre"
  [L39] WEAKENED_VALUE: "can/may [verb]" in apparent value claim — assert directly or delete
        → "You can send live video into a stream with:"
  [L45] WEAKENED_VALUE: "can/may [verb]" in apparent value claim — assert directly or delete
        → "When a stream is live, [stream health](./stream-health) provides metrics (e.g. T"
  [L49] WEAKENED_VALUE: "can/may [verb]" in apparent value claim — assert directly or delete
        → "You can send the same stream to multiple RTMP/RTMPS destinations (e.g. Twitch, Y"
  [L53] WEAKENED_VALUE: "can/may [verb]" in apparent value claim — assert directly or delete
        → "Viewers use the **playback ID** to watch the stream. The [Livepeer Player](/solu"
  [L56] WEAKENED_VALUE: "can/may [verb]" in apparent value claim — assert directly or delete
        → "**B-frames** (bidirectional frames) can break WebRTC playback and cause fallback"

⚠️   v2/solutions/livepeer-studio/docs/livestream/create-livestream.mdx — 2 warning(s) (human sign-off required):

  [L45] WEAKENED_VALUE: "can/may [verb]" in apparent value claim — assert directly or delete
        → "</Tab>"
  [L46] WEAKENED_VALUE: "can/may [verb]" in apparent value claim — assert directly or delete
        → "<Tab title="Python">"

⚠️   v2/solutions/livepeer-studio/docs/livestream/playback-livestream.mdx — 5 warning(s) (human sign-off required):

  [L46] CONDITIONAL_IF: "if" in body prose — check for conditional gatekeeping
        → ""
  [L46] NOT_CONSTRUCTION: "not [noun/verb]" — restate as positive claim
        → ""
  [L42] WEAKENED_VALUE: "can/may [verb]" in apparent value claim — assert directly or delete
        → "export async function getPlaybackSource() {"
  [L46] WEAKENED_VALUE: "can/may [verb]" in apparent value claim — assert directly or delete
        → ""
  [L51] WEAKENED_VALUE: "can/may [verb]" in apparent value claim — assert directly or delete
        → "<Player.Video title="Live stream" />"

⚠️   v2/solutions/livepeer-studio/docs/livestream/multistream.mdx — 3 warning(s) (human sign-off required):

  [L33] CONDITIONAL_IF: "if" in body prose — check for conditional gatekeeping
        → "- **Changes apply to the next session.** If the stream is live, new/updated targ"
  [L32] NOT_CONSTRUCTION: "not [noun/verb]" — restate as positive claim
        → "- Targets are **per stream**; new streams do not inherit them."
  [L49] WEAKENED_VALUE: "can/may [verb]" in apparent value claim — assert directly or delete
        → "- **Health** tab: targets show **Active** or **Offline** (may lag slightly)."

⚠️   v2/solutions/livepeer-studio/docs/livestream/clip-livestream.mdx — 6 warning(s) (human sign-off required):

  [L30] NOT_CONSTRUCTION: "not [noun/verb]" — restate as positive claim
        → "Clipping is supported only for **livestreams** and **livestream recordings**. Ot"
  [L48] NOT_CONSTRUCTION: "not [noun/verb]" — restate as positive claim
        → "Ensure `startTime` is at or after the stream start and `endTime` is not in the f"
  [L27] WEAKENED_VALUE: "can/may [verb]" in apparent value claim — assert directly or delete
        → "You can create **clips** from active Livepeer Studio streams via the API. A clip"
  [L37] WEAKENED_VALUE: "can/may [verb]" in apparent value claim — assert directly or delete
        → "- Livepeer creates an **asset** for the clip. You can poll the asset or listen f"
  [L56] WEAKENED_VALUE: "can/may [verb]" in apparent value claim — assert directly or delete
        → "endTime: Date.now(),"
  [L62] WEAKENED_VALUE: "can/may [verb]" in apparent value claim — assert directly or delete
        → "### With the Livepeer Player"

⚠️   v2/solutions/livepeer-studio/docs/livestream/stream-health.mdx — 7 warning(s) (human sign-off required):

  [L39] CONDITIONAL_IF: "if" in body prose — check for conditional gatekeeping
        → "- **Multistreaming** - Status of multistream targets: **Idle** (stream or multis"
  [L33] NOT_CONSTRUCTION: "not [noun/verb]" — restate as positive claim
        → "- **Idle** - The stream is not currently active."
  [L39] NOT_CONSTRUCTION: "not [noun/verb]" — restate as positive claim
        → "- **Multistreaming** - Status of multistream targets: **Idle** (stream or multis"
  [L37] WEAKENED_VALUE: "can/may [verb]" in apparent value claim — assert directly or delete
        → "- **Transcoding** - Healthy means multiple transcoded profiles are available for"
  [L38] WEAKENED_VALUE: "can/may [verb]" in apparent value claim — assert directly or delete
        → "- **Low-latency** - Indicates whether transcoding stays faster than live playbac"
  [L47] WEAKENED_VALUE: "can/may [verb]" in apparent value claim — assert directly or delete
        → "The **session ingest rate** is the bitrate of the video received by Livepeer, up"
  [L52] WEAKENED_VALUE: "can/may [verb]" in apparent value claim — assert directly or delete
        → "- **API** - Use [Get stream](https://livepeer.studio/docs/api-reference/stream/g"

⚠️   v2/solutions/livepeer-studio/docs/livestream/optimize-latency.mdx — 8 warning(s) (human sign-off required):

  [L40] CONDITIONAL_IF: "if" in body prose — check for conditional gatekeeping
        → "- **If the stream has B-frames, WebRTC playback is not available** and the playe"
  [L41] CONDITIONAL_IF: "if" in body prose — check for conditional gatekeeping
        → "- With **OBS**: set keyframe interval to **1** and disable B-frames (`bframes=0`"
  [L57] CONDITIONAL_IF: "if" in body prose — check for conditional gatekeeping
        → "- **HLS** - ~8–10 s if you prefer or if WebRTC isn’t available."
  [L64] CONDITIONAL_IF: "if" in body prose — check for conditional gatekeeping
        → "2. If latency is high (&gt;15 s HLS or &gt;4 s WebRTC), the issue is likely **in"
  [L65] CONDITIONAL_IF: "if" in body prose — check for conditional gatekeeping
        → "3. Compare with another HLS player if needed; the Livepeer Player’s HLS defaults"
  [L40] NOT_CONSTRUCTION: "not [noun/verb]" — restate as positive claim
        → "- **If the stream has B-frames, WebRTC playback is not available** and the playe"
  [L32] WEAKENED_VALUE: "can/may [verb]" in apparent value claim — assert directly or delete
        → "- **HLS** - Broader support; typical latency ~10–20 s. With recommended low-late"
  [L54] WEAKENED_VALUE: "can/may [verb]" in apparent value claim — assert directly or delete
        → "In-browser WebRTC broadcasts are low-latency by default. Viewers can watch via:"

⚠️   v2/solutions/livepeer-studio/docs/video-on-demand/overview.mdx — 3 warning(s) (human sign-off required):

  [L32] WEAKENED_VALUE: "can/may [verb]" in apparent value claim — assert directly or delete
        → "- **Recording** - When recording is enabled on a stream, the session can be stor"
  [L40] WEAKENED_VALUE: "can/may [verb]" in apparent value claim — assert directly or delete
        → "- Short assets may have MP4 renditions for fast time-to-first-frame; longer asse"
  [L44] WEAKENED_VALUE: "can/may [verb]" in apparent value claim — assert directly or delete
        → "You can upload **encrypted** video (AES-CBC, key encrypted with Livepeer's publi"

⚠️   v2/solutions/livepeer-studio/docs/video-on-demand/encrypted-assets.mdx — 1 warning(s) (human sign-off required):

  [L27] WEAKENED_VALUE: "can/may [verb]" in apparent value claim — assert directly or delete
        → "Livepeer Studio supports **encrypted** video assets: you encrypt the file with A"

⚠️   v2/solutions/livepeer-studio/docs/video-on-demand/thumbnails-vod.mdx — 4 warning(s) (human sign-off required):

  [L48] CONDITIONAL_IF: "if" in body prose — check for conditional gatekeeping
        → "00:00:10.000 --> 00:00:20.000"
  [L27] WEAKENED_VALUE: "can/may [verb]" in apparent value claim — assert directly or delete
        → "For VOD assets, Livepeer Studio can provide **thumbnails** for use in scrubbing "
  [L30] WEAKENED_VALUE: "can/may [verb]" in apparent value claim — assert directly or delete
        → "Assets uploaded after November 21, 2023 have thumbnails generated by default. Ol"
  [L56] WEAKENED_VALUE: "can/may [verb]" in apparent value claim — assert directly or delete
        → "`https://vod-cdn.lp-playback.studio/.../thumbnails/thumbnails.vtt`"

⚠️   v2/solutions/livepeer-studio/docs/access-control/overview.mdx — 1 warning(s) (human sign-off required):

  [L27] WEAKENED_VALUE: "can/may [verb]" in apparent value claim — assert directly or delete
        → "Livepeer Studio lets you restrict who can watch streams and assets. Two options:"

⚠️   v2/solutions/livepeer-studio/docs/analytics/webhooks.mdx — 2 warning(s) (human sign-off required):

  [L42] CONDITIONAL_IF: "if" in body prose — check for conditional gatekeeping
        → "1. **Create an HTTP endpoint** in your app that accepts POST and returns 2XX qui"
  [L27] WEAKENED_VALUE: "can/may [verb]" in apparent value claim — assert directly or delete
        → "**Webhooks** let Livepeer Studio send HTTP POST requests to your endpoint when e"

⚠️   v2/solutions/livepeer-studio/docs/analytics/listen-to-events.mdx — 1 warning(s) (human sign-off required):

  [L27] WEAKENED_VALUE: "can/may [verb]" in apparent value claim — assert directly or delete
        → "Use **webhooks** to get notified when streams or assets change state, so your ap"

⚠️   v2/solutions/livepeer-studio/docs/analytics/overview.mdx — 2 warning(s) (human sign-off required):

  [L27] WEAKENED_VALUE: "can/may [verb]" in apparent value claim — assert directly or delete
        → "Livepeer Studio provides **viewership and engagement** data so you can measure p"
  [L34] WEAKENED_VALUE: "can/may [verb]" in apparent value claim — assert directly or delete
        → "- **Usage metrics** - Views (play intent), minutes watched. Data refreshes about"

⚠️   v2/solutions/livepeer-studio/docs/player.mdx — 1 warning(s) (human sign-off required):

  [L47] WEAKENED_VALUE: "can/may [verb]" in apparent value claim — assert directly or delete
        → ""

⚠️   v2/solutions/livepeer-studio/docs/reference/api.mdx — 1 warning(s) (human sign-off required):

  [L36] NOT_CONSTRUCTION: "not [noun/verb]" — restate as positive claim
        → ""

⚠️   v2/solutions/livepeer-studio/docs/reference/managing-projects.mdx — 2 warning(s) (human sign-off required):

  [L46] CONDITIONAL_IF: "if" in body prose — check for conditional gatekeeping
        → "Project deletion is not currently supported. If this changes, it will be availab"
  [L46] NOT_CONSTRUCTION: "not [noun/verb]" — restate as positive claim
        → "Project deletion is not currently supported. If this changes, it will be availab"

⚠️   v2/solutions/livepeer-studio/docs/api-reference/assets/overview.mdx — 5 warning(s) (human sign-off required):

  [L53] CONDITIONAL_IF: "if" in body prose — check for conditional gatekeeping
        → "URL to manually download the asset if desired."
  [L77] NOT_CONSTRUCTION: "not [noun/verb]" — restate as positive claim
        → "Name of the asset. This is not necessarily the filename, can be a custom name or"
  [L33] WEAKENED_VALUE: "can/may [verb]" in apparent value claim — assert directly or delete
        → "Type of the asset. This can be either 'video' or 'audio'."
  [L61] WEAKENED_VALUE: "can/may [verb]" in apparent value claim — assert directly or delete
        → "Source of the asset, which can be URL, recording, directUpload, or clip."
  [L77] WEAKENED_VALUE: "can/may [verb]" in apparent value claim — assert directly or delete
        → "Name of the asset. This is not necessarily the filename, can be a custom name or"

⚠️   v2/solutions/livepeer-studio/docs/api-reference/streams/overview.mdx — 3 warning(s) (human sign-off required):

  [L77] CONDITIONAL_IF: "if" in body prose — check for conditional gatekeeping
        → "Indicates if the stream is currently active."
  [L117] CONDITIONAL_IF: "if" in body prose — check for conditional gatekeeping
        → "Indicates if the stream should be recorded."
  [L125] CONDITIONAL_IF: "if" in body prose — check for conditional gatekeeping
        → "Indicates if the stream is currently suspended."

⚠️   v2/solutions/livepeer-studio/docs/api-reference/playback/overview.mdx — 1 warning(s) (human sign-off required):

  [L32] CONDITIONAL_IF: "if" in body prose — check for conditional gatekeeping
        → "Indicates if the playback is live (1) or not (0)."

⚠️   v2/developers/concepts/landscape.mdx — 5 warning(s) (human sign-off required):

  [L80] NOT_CONSTRUCTION: "not [noun/verb]" — restate as positive claim
        → "You're treating Livepeer as a cryptoeconomic protocol. You're interested in LPT,"
  [L90] NOT_CONSTRUCTION: "not [noun/verb]" — restate as positive claim
        → "The **network** is the protocol plus the GPU operators running against it. It is"
  [L58] WEAKENED_VALUE: "can/may [verb]" in apparent value claim — assert directly or delete
        → "Your entry surface is `go-livepeer` itself, configured as a broadcaster. Inputs "
  [L92] WEAKENED_VALUE: "can/may [verb]" in apparent value claim — assert directly or delete
        → "A **gateway** is a node that accepts your job and routes it to an orchestrator. "
  [L4] DESCRIPTION_TOO_LONG: Description exceeds 160-character target (175) — tighten the outcome statement
        → "Five developer mental models for the Livepeer network: AI inference, video platform, compute primitives, live-video-firs"

⚠️   v2/developers/concepts/infra-stack.mdx — 4 warning(s) (human sign-off required):

  [L73] NOT_CONSTRUCTION: "not [noun/verb]" — restate as positive claim
        → ""
  [L104] NOT_CONSTRUCTION: "not [noun/verb]" — restate as positive claim
        → "REST --> CG"
  [L108] NOT_CONSTRUCTION: "not [noun/verb]" — restate as positive claim
        → "GoLP -.->|charges| Pay"
  [L118] NOT_CONSTRUCTION: "not [noun/verb]" — restate as positive claim
        → "classDef sdk fill:#faeeda,stroke:#854f0b,color:#412402"

⚠️   v2/developers/concepts/repo-map.mdx — 6 warning(s) (human sign-off required):

  [L206] CONDITIONAL_IF: "if" in body prose — check for conditional gatekeeping
        → "| If you want to work on... | Start here |"
  [L90] NOT_CONSTRUCTION: "not [noun/verb]" — restate as positive claim
        → "The internal `livepeer-data-mcp` server is not a developer surface. It backs int"
  [L131] NOT_CONSTRUCTION: "not [noun/verb]" — restate as positive claim
        → "Agent SDKs and frameworks built on top of the network. Some packages are not yet"
  [L136] NOT_CONSTRUCTION: "not [noun/verb]" — restate as positive claim
        → "| `@livepeer/agent` (in `storyboard` monorepo) | Official | Provider-agnostic ag"
  [L137] NOT_CONSTRUCTION: "not [noun/verb]" — restate as positive claim
        → "| `@livepeer/creative-kit` (in `storyboard` monorepo) | Official | Canvas state,"
  [L190] WEAKENED_VALUE: "can/may [verb]" in apparent value claim — assert directly or delete
        → "The stack is a dependency chain. Every layer above depends on the layers below i"

⚠️   v2/developers/learn/ai-and-agents.mdx — 5 warning(s) (human sign-off required):

  [L208] CONDITIONAL_IF: "if" in body prose — check for conditional gatekeeping
        → "**Where to start:** [AI quickstart](/v2/developers/build/ai-and-agents/ai-jobs-d"
  [L146] NOT_CONSTRUCTION: "not [noun/verb]" — restate as positive claim
        → "- **Connection:** Persistent WebRTC or trickle stream, not request/response"
  [L149] NOT_CONSTRUCTION: "not [noun/verb]" — restate as positive claim
        → "- **Output:** Continuous frame-by-frame results, not a single returned asset"
  [L195] NOT_CONSTRUCTION: "not [noun/verb]" — restate as positive claim
        → "-H "Content-Type: application/json" \"
  [L4] DESCRIPTION_TOO_LONG: Description exceeds 160-character target (173) — tighten the outcome statement
        → "Three AI pipeline categories on the Livepeer network: batch inference, real-time AI, and LLM, with the infrastructure, G"

⚠️   v2/developers/learn/applications.mdx — 7 warning(s) (human sign-off required):

  [L83] CONDITIONAL_IF: "if" in body prose — check for conditional gatekeeping
        → "If you are ready to self-host, start with the [local gateway](/v2/developers/gui"
  [L53] NOT_CONSTRUCTION: "not [noun/verb]" — restate as positive claim
        → "Windows and macOS binaries for the AI Gateway are not currently available. Runni"
  [L59] NOT_CONSTRUCTION: "not [noun/verb]" — restate as positive claim
        → "| **ETH / On-Chain Account** | Not required | Required: ETH account plus Arbitru"
  [L60] NOT_CONSTRUCTION: "not [noun/verb]" — restate as positive claim
        → "| **Staking / LPT** | Not required | Not required for Gateway role |"
  [L66] NOT_CONSTRUCTION: "not [noun/verb]" — restate as positive claim
        → "The AI Gateway path is designed for developers, not infrastructure operators. A "
  [L83] NOT_CONSTRUCTION: "not [noun/verb]" — restate as positive claim
        → "If you are ready to self-host, start with the [local gateway](/v2/developers/gui"
  [L92] NOT_CONSTRUCTION: "not [noun/verb]" — restate as positive claim
        → "Not ready to self-host yet. Return to the hosted API quickstart."

❌  v2/developers/build/ai-and-agents/overview.mdx — 1 BLOCKING error(s):

  [L158] BANNED_WORD: "real" — delete or restate directly
        → "The pricing surface for orchestrators (`autoAdjustPrice`, `pricePerGateway`, `ai"

⚠️   v2/developers/build/ai-and-agents/overview.mdx — 4 warning(s) (human sign-off required):

  [L57] NOT_CONSTRUCTION: "not [noun/verb]" — restate as positive claim
        → "| A model architecture not in the native set | BYOC |"
  [L75] NOT_CONSTRUCTION: "not [noun/verb]" — restate as positive claim
        → "↓ trickle protocol"
  [L174] NOT_CONSTRUCTION: "not [noun/verb]" — restate as positive claim
        → "The reference repositories for community-built BYOC containers live under `muxio"
  [L112] WEAKENED_VALUE: "can/may [verb]" in apparent value claim — assert directly or delete
        → "async def initialize(self):"

⚠️   v2/developers/build/ai-and-agents/ai-jobs-direct-quickstart.mdx — 2 warning(s) (human sign-off required):

  [L158] CONDITIONAL_IF: "if" in body prose — check for conditional gatekeeping
        → "const livepeer = new Livepeer({"
  [L155] NOT_CONSTRUCTION: "not [noun/verb]" — restate as positive claim
        → "```ts"

⚠️   v2/developers/build/ai-and-agents/ai-pipelines.mdx — 6 warning(s) (human sign-off required):

  [L59] CONDITIONAL_IF: "if" in body prose — check for conditional gatekeeping
        → "**Cold model latency:** If no orchestrator has the requested model warm in GPU m"
  [L51] NOT_CONSTRUCTION: "not [noun/verb]" — restate as positive claim
        → "**Authentication:** Bearer token when the gateway requires it. The community gat"
  [L129] NOT_CONSTRUCTION: "not [noun/verb]" — restate as positive claim
        → ""
  [L178] NOT_CONSTRUCTION: "not [noun/verb]" — restate as positive claim
        → ""
  [L247] NOT_CONSTRUCTION: "not [noun/verb]" — restate as positive claim
        → "Promptable visual segmentation for images using SAM 2 (Meta AI)."
  [L247] WEAKENED_VALUE: "can/may [verb]" in apparent value claim — assert directly or delete
        → "Promptable visual segmentation for images using SAM 2 (Meta AI)."

⚠️   v2/developers/build/ai-and-agents/model-support.mdx — 11 warning(s) (human sign-off required):

  [L124] CONDITIONAL_IF: "if" in body prose — check for conditional gatekeeping
        → "Orchestrators advertise their warm models to the gateway. When a `model_id` is r"
  [L134] CONDITIONAL_IF: "if" in body prose — check for conditional gatekeeping
        → "-H "Content-Type: application/json" \"
  [L68] NOT_CONSTRUCTION: "not [noun/verb]" — restate as positive claim
        → "**Text to image, image to image, upscale.** Pass any Hugging Face model ID in th"
  [L94] NOT_CONSTRUCTION: "not [noun/verb]" — restate as positive claim
        → "The live-video-to-video pipeline is served by ComfyStream. The pipeline type in "
  [L102] NOT_CONSTRUCTION: "not [noun/verb]" — restate as positive claim
        → "BYOC is a container onboarding mechanism, not a pipeline type. Any model that ru"
  [L108] NOT_CONSTRUCTION: "not [noun/verb]" — restate as positive claim
        → "With BYOC, model support is bounded by the container, not the network. Implement"
  [L116] NOT_CONSTRUCTION: "not [noun/verb]" — restate as positive claim
        → "**Cold model.** A model not currently in VRAM. The orchestrator downloads and lo"
  [L134] NOT_CONSTRUCTION: "not [noun/verb]" — restate as positive claim
        → "-H "Content-Type: application/json" \"
  [L155] NOT_CONSTRUCTION: "not [noun/verb]" — restate as positive claim
        → "First batch AI inference call with a working code example."
  [L68] WEAKENED_VALUE: "can/may [verb]" in apparent value claim — assert directly or delete
        → "**Text to image, image to image, upscale.** Pass any Hugging Face model ID in th"
  [L92] WEAKENED_VALUE: "can/may [verb]" in apparent value claim — assert directly or delete
        → "VRAM source: the <LinkArrow href="/v2/developers/build/ai-and-agents/realtime-ai"

⚠️   v2/developers/build/ai-and-agents/ai-sdks-overview.mdx — 2 warning(s) (human sign-off required):

  [L68] NOT_CONSTRUCTION: "not [noun/verb]" — restate as positive claim
        → "httpBearer: '<YOUR_GATEWAY_TOKEN>',"
  [L35] WEAKENED_VALUE: "can/may [verb]" in apparent value claim — assert directly or delete
        → "<Tip>Both SDKs are generated from the ai-runner OpenAPI specification and mirror"

❌  v2/developers/build/ai-and-agents/realtime-ai/overview.mdx — 1 BLOCKING error(s):

  [L33] BANNED_WORD: "real" — delete or restate directly
        → "<Tip>Real-time AI on Livepeer transforms a live video stream frame by frame. You"

⚠️   v2/developers/build/ai-and-agents/realtime-ai/overview.mdx — 1 warning(s) (human sign-off required):

  [L58] WEAKENED_VALUE: "can/may [verb]" in apparent value claim — assert directly or delete
        → "The orchestrator and ai-runner communicate over trickle. Dynamic parameter updat"

⚠️   v2/developers/build/ai-and-agents/realtime-ai/comfystream/overview.mdx — 10 warning(s) (human sign-off required):

  [L178] CONDITIONAL_IF: "if" in body prose — check for conditional gatekeeping
        → "| If you want to | Use |"
  [L99] NOT_CONSTRUCTION: "not [noun/verb]" — restate as positive claim
        → "| `StreamDiffusionTensorRTEngineLoader` | Loads a pre-compiled TensorRT engine. "
  [L112] NOT_CONSTRUCTION: "not [noun/verb]" — restate as positive claim
        → "ComfyStream requires workflows in ComfyUI **API format**, not the default save f"
  [L119] NOT_CONSTRUCTION: "not [noun/verb]" — restate as positive claim
        → "Workflows saved in the default format will not load correctly. API format is the"
  [L135] NOT_CONSTRUCTION: "not [noun/verb]" — restate as positive claim
        → "- Any workflow where the output is data, not video"
  [L162] NOT_CONSTRUCTION: "not [noun/verb]" — restate as positive claim
        → "ComfyStream requires an NVIDIA GPU. The server component runs on Linux only; Win"
  [L59] WEAKENED_VALUE: "can/may [verb]" in apparent value claim — assert directly or delete
        → "A single ComfyStream container can host multiple pipelines (Phase 4 addition). D"
  [L87] WEAKENED_VALUE: "can/may [verb]" in apparent value claim — assert directly or delete
        → "| Motion detection nodes | `ComfyUI_RealtimeNodes` | Detect motion between frame"
  [L168] WEAKENED_VALUE: "can/may [verb]" in apparent value claim — assert directly or delete
        → "VRAM headroom matters for stability. A workflow that runs at 12 GB may stutter u"
  [L176] WEAKENED_VALUE: "can/may [verb]" in apparent value claim — assert directly or delete
        → "ComfyStream is itself BYOC-compatible. Phase 4 integrated ComfyStream with PyTri"

⚠️   v2/developers/build/ai-and-agents/realtime-ai/comfystream/comfystream-quickstart.mdx — 6 warning(s) (human sign-off required):

  [L155] CONDITIONAL_IF: "if" in body prose — check for conditional gatekeeping
        → "In the ComfyStream UI, open the workflow panel and choose a StreamDiffusion SD 1"
  [L121] NOT_CONSTRUCTION: "not [noun/verb]" — restate as positive claim
        → "<Step title="Create a conda environment">"
  [L157] NOT_CONSTRUCTION: "not [noun/verb]" — restate as positive claim
        → "<Step title="Select the camera input">"
  [L176] NOT_CONSTRUCTION: "not [noun/verb]" — restate as positive claim
        → ""
  [L170] WEAKENED_VALUE: "can/may [verb]" in apparent value claim — assert directly or delete
        → ""
  [L187] WEAKENED_VALUE: "can/may [verb]" in apparent value claim — assert directly or delete
        → "</Accordion>"

❌  v2/developers/build/ai-and-agents/realtime-ai/comfystream/workflow-authoring.mdx — 1 BLOCKING error(s):

  [L38] BANNED_WORD: "real" — delete or restate directly
        → "ComfyStream applies ComfyUI workflows to incoming video frames in real time. The"

⚠️   v2/developers/build/ai-and-agents/realtime-ai/comfystream/workflow-authoring.mdx — 3 warning(s) (human sign-off required):

  [L64] CONDITIONAL_IF: "if" in body prose — check for conditional gatekeeping
        → "</StyledStep>"
  [L149] CONDITIONAL_IF: "if" in body prose — check for conditional gatekeeping
        → "href="/v2/developers/build/ai-and-agents/realtime-ai/overview""
  [L4] DESCRIPTION_ANNOUNCES_CONTENT: Description announces page contents — lead with reader outcome instead
        → "How to build ComfyUI workflows for real-time video processing with ComfyStream and connect them to a live video source."

⚠️   v2/developers/build/ai-and-agents/realtime-ai/comfystream/comfystream-as-byoc.mdx — 5 warning(s) (human sign-off required):

  [L38] WEAKENED_VALUE: "can/may [verb]" in apparent value claim — assert directly or delete
        → "A ComfyStream instance running locally or on a remote server can receive jobs fr"
  [L50] WEAKENED_VALUE: "can/may [verb]" in apparent value claim — assert directly or delete
        → "The orchestrator and ComfyStream can run on the same machine or on separate host"
  [L58] WEAKENED_VALUE: "can/may [verb]" in apparent value claim — assert directly or delete
        → "Start ComfyStream with a host address the orchestrator can reach. For a local se"
  [L67] WEAKENED_VALUE: "can/may [verb]" in apparent value claim — assert directly or delete
        → "</StyledStep>"
  [L4] DESCRIPTION_ANNOUNCES_CONTENT: Description announces page contents — lead with reader outcome instead
        → "How to register a ComfyStream instance as a BYOC container with a Livepeer orchestrator, making it a routable live-video"

⚠️   v2/developers/build/ai-and-agents/realtime-ai/pytrickle/pytrickle-quickstart.mdx — 1 warning(s) (human sign-off required):

  [L32] WEAKENED_VALUE: "can/may [verb]" in apparent value claim — assert directly or delete
        → "<Tip>By the end of this tutorial you will have a PyTrickle service running local"

⚠️   v2/developers/build/ai-and-agents/realtime-ai/pytrickle/frame-processor.mdx — 1 warning(s) (human sign-off required):

  [L236] WEAKENED_VALUE: "can/may [verb]" in apparent value claim — assert directly or delete
        → "<TableCell>Start a processing session. Body: `subscribe_url`, `publish_url`, `ga"

⚠️   v2/developers/build/ai-and-agents/realtime-ai/pytrickle/data-channels.mdx — 5 warning(s) (human sign-off required):

  [L41] CONDITIONAL_IF: "if" in body prose — check for conditional gatekeeping
        → "import json"
  [L41] NOT_CONSTRUCTION: "not [noun/verb]" — restate as positive claim
        → "import json"
  [L51] NOT_CONSTRUCTION: "not [noun/verb]" — restate as positive claim
        → "elif payload.get('type') == 'detection':"
  [L33] WEAKENED_VALUE: "can/may [verb]" in apparent value claim — assert directly or delete
        → "PyTrickle data channels extend real-time sessions with non-media output. A pipel"
  [L51] WEAKENED_VALUE: "can/may [verb]" in apparent value claim — assert directly or delete
        → "elif payload.get('type') == 'detection':"

⚠️   v2/developers/build/ai-and-agents/ai-stream-pack/overview.mdx — 1 warning(s) (human sign-off required):

  [L107] NOT_CONSTRUCTION: "not [noun/verb]" — restate as positive claim
        → "3. Export the workflow in API format"

⚠️   v2/developers/build/ai-and-agents/agents/overview.mdx — 3 warning(s) (human sign-off required):

  [L49] WEAKENED_VALUE: "can/may [verb]" in apparent value claim — assert directly or delete
        → "**Image generation provider**: merged in elizaOS v0.1.7-alpha.2 (PR #1525, contr"
  [L65] WEAKENED_VALUE: "can/may [verb]" in apparent value claim — assert directly or delete
        → ""
  [L114] WEAKENED_VALUE: "can/may [verb]" in apparent value claim — assert directly or delete
        → "<TableCell>`live-video-to-video`</TableCell>"

⚠️   v2/developers/build/ai-and-agents/agents/storyboard.mdx — 2 warning(s) (human sign-off required):

  [L89] CONDITIONAL_IF: "if" in body prose — check for conditional gatekeeping
        → "</tbody>"
  [L4] DESCRIPTION_TOO_LONG: Description exceeds 160-character target (173) — tighten the outcome statement
        → "Storyboard is an agent-powered creative platform built on Livepeer. Chat with AI to generate, edit, animate, and live-st"

⚠️   v2/developers/build/ai-and-agents/agents/llm-provider-routing.mdx — 1 warning(s) (human sign-off required):

  [L97] CONDITIONAL_IF: "if" in body prose — check for conditional gatekeeping
        → "import { LivepeerProvider } from '@livepeer/agent/providers/livepeer';"

⚠️   v2/developers/build/ai-and-agents/agents/eliza-integration.mdx — 3 warning(s) (human sign-off required):

  [L61] NOT_CONSTRUCTION: "not [noun/verb]" — restate as positive claim
        → "# .env"
  [L84] WEAKENED_VALUE: "can/may [verb]" in apparent value claim — assert directly or delete
        → ""
  [L4] DESCRIPTION_TOO_LONG: Description exceeds 160-character target (166) — tighten the outcome statement
        → "The Livepeer model provider plugin for the Eliza agent framework (ai16z). Route Eliza's LLM inference through the Livepe"

⚠️   v2/developers/build/ai-and-agents/ecosystem-mcp/overview.mdx — 5 warning(s) (human sign-off required):

  [L38] WEAKENED_VALUE: "can/may [verb]" in apparent value claim — assert directly or delete
        → "The Model Context Protocol (MCP) is an open standard for connecting AI applicati"
  [L40] WEAKENED_VALUE: "can/may [verb]" in apparent value claim — assert directly or delete
        → "Livepeer has two relevant MCP surfaces: the documentation MCP served by Mintlify"
  [L56] WEAKENED_VALUE: "can/may [verb]" in apparent value claim — assert directly or delete
        → "The Livepeer AI gateway REST API follows standard HTTP conventions. Any MCP serv"
  [L72] WEAKENED_VALUE: "can/may [verb]" in apparent value claim — assert directly or delete
        → "async def list_tools():"
  [L106] WEAKENED_VALUE: "can/may [verb]" in apparent value claim — assert directly or delete
        → "The Livepeer documentation exposes an `llms.txt` file at `https://docs.livepeer."

⚠️   v2/developers/build/ai-and-agents/ecosystem-mcp/docs-mcp.mdx — 4 warning(s) (human sign-off required):

  [L85] CONDITIONAL_IF: "if" in body prose — check for conditional gatekeeping
        → ""
  [L93] CONDITIONAL_IF: "if" in body prose — check for conditional gatekeeping
        → "<CustomDivider />"
  [L85] NOT_CONSTRUCTION: "not [noun/verb]" — restate as positive claim
        → ""
  [L37] WEAKENED_VALUE: "can/may [verb]" in apparent value claim — assert directly or delete
        → "The Livepeer documentation site exposes an MCP server at `https://docs.livepeer."

⚠️   v2/developers/build/video/overview.mdx — 2 warning(s) (human sign-off required):

  [L39] WEAKENED_VALUE: "can/may [verb]" in apparent value claim — assert directly or delete
        → "Livepeer's video infrastructure separates ingest, transcoding, and delivery into"
  [L4] DESCRIPTION_ANNOUNCES_CONTENT: Description announces page contents — lead with reader outcome instead
        → "How to build video applications on Livepeer: live streaming, VOD, and transcoding, using the livepeer SDK and the go-liv"

⚠️   v2/developers/build/video/transcoding-direct-quickstart.mdx — 2 warning(s) (human sign-off required):

  [L77] CONDITIONAL_IF: "if" in body prose — check for conditional gatekeeping
        → "</Tab>"
  [L230] CONDITIONAL_IF: "if" in body prose — check for conditional gatekeeping
        → "<CustomDivider />"

⚠️   v2/developers/build/video/ingest-and-playback.mdx — 2 warning(s) (human sign-off required):

  [L105] CONDITIONAL_IF: "if" in body prose — check for conditional gatekeeping
        → "<CustomDivider />"
  [L38] WEAKENED_VALUE: "can/may [verb]" in apparent value claim — assert directly or delete
        → "Livepeer accepts live video via RTMP. A stream object holds the ingest configura"

⚠️   v2/developers/build/video/lpms-integration.mdx — 1 warning(s) (human sign-off required):

  [L41] WEAKENED_VALUE: "can/may [verb]" in apparent value claim — assert directly or delete
        → "LPMS can run as a standalone binary for testing or be imported as a library into"

⚠️   v2/developers/build/compute/byoc/overview.mdx — 1 warning(s) (human sign-off required):

  [L115] NOT_CONSTRUCTION: "not [noun/verb]" — restate as positive claim
        → ""

❌  v2/developers/build/compute/byoc/byoc-quickstart.mdx — 1 BLOCKING error(s):

  [L366] BANNED_WORD: "real" — delete or restate directly
        → "The frame size sent to the container doesn't match what `process()` expects. Bla"

⚠️   v2/developers/build/compute/byoc/byoc-quickstart.mdx — 4 warning(s) (human sign-off required):

  [L219] CONDITIONAL_IF: "if" in body prose — check for conditional gatekeeping
        → "Second terminal:"
  [L222] CONDITIONAL_IF: "if" in body prose — check for conditional gatekeeping
        → "./livepeer \"
  [L42] WEAKENED_VALUE: "can/may [verb]" in apparent value claim — assert directly or delete
        → "This is the Persona 3 activation moment. The transcoding quickstart proved the g"
  [L209] WEAKENED_VALUE: "can/may [verb]" in apparent value claim — assert directly or delete
        → "First terminal:"

⚠️   v2/developers/build/compute/byoc/byoc-architecture.mdx — 1 warning(s) (human sign-off required):

  [L75] NOT_CONSTRUCTION: "not [noun/verb]" — restate as positive claim
        → "}"

❌  v2/developers/build/compute/byoc/byoc-production.mdx — 1 BLOCKING error(s):

  [L76] BANNED_PHRASE: "may produce" — see banned phrases list
        → "A container that does not handle `SIGTERM` is killed after a timeout (default 10"

⚠️   v2/developers/build/compute/byoc/byoc-production.mdx — 5 warning(s) (human sign-off required):

  [L44] CONDITIONAL_IF: "if" in body prose — check for conditional gatekeeping
        → "watch -n 1 nvidia-smi"
  [L60] CONDITIONAL_IF: "if" in body prose — check for conditional gatekeeping
        → "```python"
  [L54] NOT_CONSTRUCTION: "not [noun/verb]" — restate as positive claim
        → "<CustomDivider />"
  [L34] WEAKENED_VALUE: "can/may [verb]" in apparent value claim — assert directly or delete
        → "A BYOC container that works locally may fail in production under concurrent sess"
  [L54] WEAKENED_VALUE: "can/may [verb]" in apparent value claim — assert directly or delete
        → "<CustomDivider />"

⚠️   v2/developers/build/compute/byoc/byoc-sdk.mdx — 1 warning(s) (human sign-off required):

  [L62] NOT_CONSTRUCTION: "not [noun/verb]" — restate as positive claim
        → "The BYOC SDK is maintained by MuxionLabs, not the Livepeer core team. Check the "

⚠️   v2/developers/build/plugins-and-extensions/overview.mdx — 4 warning(s) (human sign-off required):

  [L30] WEAKENED_VALUE: "can/may [verb]" in apparent value claim — assert directly or delete
        → "<Tip>NaaP (Network as a Platform) is the live Livepeer network portal at operato"
  [L37] WEAKENED_VALUE: "can/may [verb]" in apparent value claim — assert directly or delete
        → "The platform gives operators, developers, and governance participants a single i"
  [L40] WEAKENED_VALUE: "can/may [verb]" in apparent value claim — assert directly or delete
        → "NaaP is in active beta development. Breaking changes to the plugin SDK may occur"
  [L4] DESCRIPTION_TOO_LONG: Description exceeds 160-character target (169) — tighten the outcome statement
        → "NaaP (Network as a Platform) is the official Livepeer network portal and plugin platform. Build, install, and publish mo"

⚠️   v2/developers/build/plugins-and-extensions/building-a-plugin.mdx — 1 warning(s) (human sign-off required):

  [L35] CONDITIONAL_IF: "if" in body prose — check for conditional gatekeeping
        → "NaaP has full tooling for plugin development and publishing. If you are building"

⚠️   v2/developers/build/alt-gateways/overview.mdx — 2 warning(s) (human sign-off required):

  [L54] NOT_CONSTRUCTION: "not [noun/verb]" — restate as positive claim
        → "The gateway still needs to communicate with the Livepeer network protocol (orche"
  [L50] WEAKENED_VALUE: "can/may [verb]" in apparent value claim — assert directly or delete
        → "- The gateway implementation (media routing, orchestrator selection, job submiss"

⚠️   v2/developers/build/applications/overview.mdx — 1 warning(s) (human sign-off required):

  [L38] WEAKENED_VALUE: "can/may [verb]" in apparent value claim — assert directly or delete
        → "**`@livepeer/react` Broadcast** provides browser-based WHIP publishing for live "

⚠️   v2/developers/build/applications/frontend-react-player.mdx — 2 warning(s) (human sign-off required):

  [L85] CONDITIONAL_IF: "if" in body prose — check for conditional gatekeeping
        → "- `Player.Root` accepts `src` (source array), `autoPlay`, `volume`, and event ca"
  [L85] NOT_CONSTRUCTION: "not [noun/verb]" — restate as positive claim
        → "- `Player.Root` accepts `src` (source array), `autoPlay`, `volume`, and event ca"

⚠️   v2/developers/build/tutorials/ai-agent-on-livepeer.mdx — 3 warning(s) (human sign-off required):

  [L90] CONDITIONAL_IF: "if" in body prose — check for conditional gatekeeping
        → "<StyledStep title="Create a character file" icon="user">"
  [L90] NOT_CONSTRUCTION: "not [noun/verb]" — restate as positive claim
        → "<StyledStep title="Create a character file" icon="user">"
  [L90] WEAKENED_VALUE: "can/may [verb]" in apparent value claim — assert directly or delete
        → "<StyledStep title="Create a character file" icon="user">"

⚠️   v2/developers/build/tutorials/ai-image-generation-app.mdx — 4 warning(s) (human sign-off required):

  [L92] CONDITIONAL_IF: "if" in body prose — check for conditional gatekeeping
        → "<CustomDivider />"
  [L160] CONDITIONAL_IF: "if" in body prose — check for conditional gatekeeping
        → ""
  [L92] WEAKENED_VALUE: "can/may [verb]" in apparent value claim — assert directly or delete
        → "<CustomDivider />"
  [L146] WEAKENED_VALUE: "can/may [verb]" in apparent value claim — assert directly or delete
        → "result: {"

⚠️   v2/developers/build/tutorials/build-a-chatbot-with-livepeer-llm.mdx — 4 warning(s) (human sign-off required):

  [L148] CONDITIONAL_IF: "if" in body prose — check for conditional gatekeeping
        → "data: {"choices":[{"delta":{"content":" is","role":"assistant"},"finish_reason":"
  [L167] CONDITIONAL_IF: "if" in body prose — check for conditional gatekeeping
        → ""
  [L134] NOT_CONSTRUCTION: "not [noun/verb]" — restate as positive claim
        → ""
  [L148] WEAKENED_VALUE: "can/may [verb]" in apparent value claim — assert directly or delete
        → "data: {"choices":[{"delta":{"content":" is","role":"assistant"},"finish_reason":"

⚠️   v2/developers/build/tutorials/build-a-naap-plugin.mdx — 5 warning(s) (human sign-off required):

  [L166] CONDITIONAL_IF: "if" in body prose — check for conditional gatekeeping
        → "<CustomDivider />"
  [L212] CONDITIONAL_IF: "if" in body prose — check for conditional gatekeeping
        → "}"
  [L72] NOT_CONSTRUCTION: "not [noun/verb]" — restate as positive claim
        → "Every plugin receives a `ShellContext` object on mount. This is the entire inter"
  [L239] NOT_CONSTRUCTION: "not [noun/verb]" — restate as positive claim
        → "<td className="p-2">{(o.capacityUtilisation * 100).toFixed(0)}%</td>"
  [L45] WEAKENED_VALUE: "can/may [verb]" in apparent value claim — assert directly or delete
        → "NaaP is an official Livepeer project in active beta. Breaking changes to the plu"

⚠️   v2/developers/build/tutorials/build-a-vtuber-avatar-pipeline.mdx — 8 warning(s) (human sign-off required):

  [L95] CONDITIONAL_IF: "if" in body prose — check for conditional gatekeeping
        → ""
  [L107] CONDITIONAL_IF: "if" in body prose — check for conditional gatekeeping
        → ""
  [L204] CONDITIONAL_IF: "if" in body prose — check for conditional gatekeeping
        → "**Stream out to viewers.** ComfyStream emits WebRTC. For broadcast to Twitch, Yo"
  [L95] NOT_CONSTRUCTION: "not [noun/verb]" — restate as positive claim
        → ""
  [L177] NOT_CONSTRUCTION: "not [noun/verb]" — restate as positive claim
        → ""
  [L191] NOT_CONSTRUCTION: "not [noun/verb]" — restate as positive claim
        → ""
  [L200] NOT_CONSTRUCTION: "not [noun/verb]" — restate as positive claim
        → "**Dedicated GPU per stream.** Real-time AI assigns a GPU to a stream for its ful"
  [L213] WEAKENED_VALUE: "can/may [verb]" in apparent value claim — assert directly or delete
        → "<Accordion title="DWPose node not found">"

⚠️   v2/developers/build/tutorials/eliza-livepeer-plugin.mdx — 8 warning(s) (human sign-off required):

  [L171] NOT_CONSTRUCTION: "not [noun/verb]" — restate as positive claim
        → ""settings": {"
  [L270] NOT_CONSTRUCTION: "not [noun/verb]" — restate as positive claim
        → ""
  [L276] NOT_CONSTRUCTION: "not [noun/verb]" — restate as positive claim
        → ""
  [L43] WEAKENED_VALUE: "can/may [verb]" in apparent value claim — assert directly or delete
        → "By the end of this tutorial you'll have an Eliza agent running on Livepeer's LLM"
  [L45] WEAKENED_VALUE: "can/may [verb]" in apparent value claim — assert directly or delete
        → "This is the Persona 1 deep activation moment. The LLM chatbot tutorial proved Li"
  [L139] WEAKENED_VALUE: "can/may [verb]" in apparent value claim — assert directly or delete
        → "```"
  [L256] WEAKENED_VALUE: "can/may [verb]" in apparent value claim — assert directly or delete
        → ""
  [L285] WEAKENED_VALUE: "can/may [verb]" in apparent value claim — assert directly or delete
        → "## Slack and Discord Clients"

⚠️   v2/developers/build/tutorials/huggingface-to-livepeer.mdx — 25 warning(s) (human sign-off required):

  [L57] CONDITIONAL_IF: "if" in body prose — check for conditional gatekeeping
        → "This is the right tutorial if your model is, for example, an SDXL fine-tune, a B"
  [L58] CONDITIONAL_IF: "if" in body prose — check for conditional gatekeeping
        → "variant. It is not the right tutorial if:"
  [L149] CONDITIONAL_IF: "if" in body prose — check for conditional gatekeeping
        → "If your model fits the input and output shape of one of these, take this tutoria"
  [L156] CONDITIONAL_IF: "if" in body prose — check for conditional gatekeeping
        → "Each requirement is a hard prerequisite, not a soft one. Stop here if any is not"
  [L269] CONDITIONAL_IF: "if" in body prose — check for conditional gatekeeping
        → "git clone https://github.com/livepeer/ai-worker.git"
  [L313] CONDITIONAL_IF: "if" in body prose — check for conditional gatekeeping
        → "-aiModelsDir "$LP_AI_MODELS_DIR" \"
  [L334] CONDITIONAL_IF: "if" in body prose — check for conditional gatekeeping
        → "<TableRow>"
  [L336] CONDITIONAL_IF: "if" in body prose — check for conditional gatekeeping
        → "<TableCell>Path to your `aiModels.json` file.</TableCell>"
  [L416] CONDITIONAL_IF: "if" in body prose — check for conditional gatekeeping
        → ""guidance_scale": 2.0"
  [L58] NOT_CONSTRUCTION: "not [noun/verb]" — restate as positive claim
        → "variant. It is not the right tutorial if:"
  [L156] NOT_CONSTRUCTION: "not [noun/verb]" — restate as positive claim
        → "Each requirement is a hard prerequisite, not a soft one. Stop here if any is not"
  [L336] NOT_CONSTRUCTION: "not [noun/verb]" — restate as positive claim
        → "<TableCell>Path to your `aiModels.json` file.</TableCell>"
  [L339] NOT_CONSTRUCTION: "not [noun/verb]" — restate as positive claim
        → "<TableCell>`-aiModelsDir`</TableCell>"
  [L347] NOT_CONSTRUCTION: "not [noun/verb]" — restate as positive claim
        → "</StyledTable>"
  [L348] NOT_CONSTRUCTION: "not [noun/verb]" — restate as positive claim
        → ""
  [L378] NOT_CONSTRUCTION: "not [noun/verb]" — restate as positive claim
        → "<Accordion title="Orchestrator not in the active set" icon="circle-exclamation">"
  [L401] NOT_CONSTRUCTION: "not [noun/verb]" — restate as positive claim
        → "### Step 6a: Hit the runner directly on localhost"
  [L416] NOT_CONSTRUCTION: "not [noun/verb]" — restate as positive claim
        → ""guidance_scale": 2.0"
  [L432] NOT_CONSTRUCTION: "not [noun/verb]" — restate as positive claim
        → "through the Livepeer network. That is Step 6b."
  [L458] NOT_CONSTRUCTION: "not [noun/verb]" — restate as positive claim
        → ""height": 1024,"
  [L517] NOT_CONSTRUCTION: "not [noun/verb]" — restate as positive claim
        → "## LLM variant via Ollama"
  [L388] WEAKENED_VALUE: "can/may [verb]" in apparent value claim — assert directly or delete
        → "startup logs for parse errors."
  [L401] WEAKENED_VALUE: "can/may [verb]" in apparent value claim — assert directly or delete
        → "### Step 6a: Hit the runner directly on localhost"
  [L431] WEAKENED_VALUE: "can/may [verb]" in apparent value claim — assert directly or delete
        → "This step confirms the model is loaded and inference works. It does not confirm "
  [L4] DESCRIPTION_TOO_LONG: Description exceeds 160-character target (197) — tighten the outcome statement
        → "Configure an existing Livepeer pipeline to serve a Hugging Face model. Declare the model, pre-download weights, restart "

⚠️   v2/developers/build/tutorials/huggingface-to-livepeer-advanced.mdx — 36 warning(s) (human sign-off required):

  [L168] CONDITIONAL_IF: "if" in body prose — check for conditional gatekeeping
        → "<TableRow>"
  [L171] CONDITIONAL_IF: "if" in body prose — check for conditional gatekeeping
        → "<TableCell>WebRTC stream</TableCell>"
  [L175] CONDITIONAL_IF: "if" in body prose — check for conditional gatekeeping
        → "</StyledTable>"
  [L194] CONDITIONAL_IF: "if" in body prose — check for conditional gatekeeping
        → ""
  [L213] CONDITIONAL_IF: "if" in body prose — check for conditional gatekeeping
        → "- a stable container image and version"
  [L347] CONDITIONAL_IF: "if" in body prose — check for conditional gatekeeping
        → "[`livepeer/go-livepeer/ai/worker/docker.go`](https://github.com/livepeer/go-live"
  [L374] CONDITIONAL_IF: "if" in body prose — check for conditional gatekeeping
        → "bash /runner/dl_checkpoints.sh"
  [L450] CONDITIONAL_IF: "if" in body prose — check for conditional gatekeeping
        → ""prompt": "a quiet harbour at dawn, photo realistic","
  [L594] CONDITIONAL_IF: "if" in body prose — check for conditional gatekeeping
        → ""
  [L603] CONDITIONAL_IF: "if" in body prose — check for conditional gatekeeping
        → "#### Pipeline class"
  [L659] CONDITIONAL_IF: "if" in body prose — check for conditional gatekeeping
        → "**Keep `__init__.py` files minimal.** Do not export `Pipeline` or `Params` from "
  [L693] CONDITIONAL_IF: "if" in body prose — check for conditional gatekeeping
        → ""
  [L171] NOT_CONSTRUCTION: "not [noun/verb]" — restate as positive claim
        → "<TableCell>WebRTC stream</TableCell>"
  [L173] NOT_CONSTRUCTION: "not [noun/verb]" — restate as positive claim
        → "</TableRow>"
  [L186] NOT_CONSTRUCTION: "not [noun/verb]" — restate as positive claim
        → ""
  [L220] NOT_CONSTRUCTION: "not [noun/verb]" — restate as positive claim
        → "capability. You are shipping both a model and a small protocol that gateways mus"
  [L308] NOT_CONSTRUCTION: "not [noun/verb]" — restate as positive claim
        → ""
  [L374] NOT_CONSTRUCTION: "not [noun/verb]" — restate as positive claim
        → "bash /runner/dl_checkpoints.sh"
  [L400] NOT_CONSTRUCTION: "not [noun/verb]" — restate as positive claim
        → "```"
  [L449] NOT_CONSTRUCTION: "not [noun/verb]" — restate as positive claim
        → ""model_id": "SG161222/RealVisXL_V4.0_Lightning","
  [L492] NOT_CONSTRUCTION: "not [noun/verb]" — restate as positive claim
        → ""
  [L533] NOT_CONSTRUCTION: "not [noun/verb]" — restate as positive claim
        → "### Step 1: Initialise the project"
  [L588] NOT_CONSTRUCTION: "not [noun/verb]" — restate as positive claim
        → "### Step 2: Implement the Pipeline interface"
  [L598] NOT_CONSTRUCTION: "not [noun/verb]" — restate as positive claim
        → "class MyPipelineParams(BaseParams):"
  [L621] NOT_CONSTRUCTION: "not [noun/verb]" — restate as positive claim
        → "..."
  [L638] NOT_CONSTRUCTION: "not [noun/verb]" — restate as positive claim
        → "# accept incoming frames, queue for inference"
  [L760] NOT_CONSTRUCTION: "not [noun/verb]" — restate as positive claim
        → "Edit"
  [L777] NOT_CONSTRUCTION: "not [noun/verb]" — restate as positive claim
        → "prepare_my_pipeline_models"
  [L779] NOT_CONSTRUCTION: "not [noun/verb]" — restate as positive claim
        → ""all")"
  [L780] NOT_CONSTRUCTION: "not [noun/verb]" — restate as positive claim
        → "# existing code..."
  [L783] NOT_CONSTRUCTION: "not [noun/verb]" — restate as positive claim
        → "esac"
  [L192] WEAKENED_VALUE: "can/may [verb]" in apparent value claim — assert directly or delete
        → "Python project managed with [uv](https://docs.astral.sh/uv/), shipped as a Docke"
  [L208] WEAKENED_VALUE: "can/may [verb]" in apparent value claim — assert directly or delete
        → "The BYOC contract, defined in `livepeer/go-livepeer` and visible in the orchestr"
  [L750] WEAKENED_VALUE: "can/may [verb]" in apparent value claim — assert directly or delete
        → ""
  [L768] WEAKENED_VALUE: "can/may [verb]" in apparent value claim — assert directly or delete
        → ""
  [L4] DESCRIPTION_TOO_LONG: Description exceeds 160-character target (215) — tighten the outcome statement
        → "Three structurally different ways to put a Hugging Face model on Livepeer: configure an existing pipeline, build a custo"

⚠️   v2/developers/build/tutorials/ipfs-video-integration.mdx — 3 warning(s) (human sign-off required):

  [L76] NOT_CONSTRUCTION: "not [noun/verb]" — restate as positive claim
        → "// Construct the IPFS gateway URL"
  [L58] WEAKENED_VALUE: "can/may [verb]" in apparent value claim — assert directly or delete
        → "```typescript"
  [L91] WEAKENED_VALUE: "can/may [verb]" in apparent value claim — assert directly or delete
        → "serverURL: process.env.LIVEPEER_API_URL,"

⚠️   v2/developers/build/tutorials/low-latency-live-streaming-app.mdx — 1 warning(s) (human sign-off required):

  [L70] CONDITIONAL_IF: "if" in body prose — check for conditional gatekeeping
        → "B-frames are the gotcha. If the encoder emits B-frames, WebRTC frame ordering br"

⚠️   v2/developers/build/tutorials/multi-tenant-billing-with-pymthouse.mdx — 4 warning(s) (human sign-off required):

  [L186] CONDITIONAL_IF: "if" in body prose — check for conditional gatekeeping
        → "scope: 'admin',"
  [L46] NOT_CONSTRUCTION: "not [noun/verb]" — restate as positive claim
        → "pymthouse is a community project by John ([@eliteprox](https://github.com/elitep"
  [L144] NOT_CONSTRUCTION: "not [noun/verb]" — restate as positive claim
        → "PYMTHOUSE_CLIENT_SECRET=<your-client-secret>"
  [L43] WEAKENED_VALUE: "can/may [verb]" in apparent value claim — assert directly or delete
        → "This is the Persona 2 activation moment for SaaS. The VOD and live-streaming tut"

⚠️   v2/developers/build/tutorials/token-gated-video.mdx — 3 warning(s) (human sign-off required):

  [L79] CONDITIONAL_IF: "if" in body prose — check for conditional gatekeeping
        → ""
  [L38] WEAKENED_VALUE: "can/may [verb]" in apparent value claim — assert directly or delete
        → "**What you will build:** A React application where only holders of a specific NF"
  [L83] WEAKENED_VALUE: "can/may [verb]" in apparent value claim — assert directly or delete
        → ""

⚠️   v2/developers/build/tutorials/vod-upload-and-playback.mdx — 8 warning(s) (human sign-off required):

  [L130] CONDITIONAL_IF: "if" in body prose — check for conditional gatekeeping
        → "return Response.json({"
  [L193] CONDITIONAL_IF: "if" in body prose — check for conditional gatekeeping
        → ""
  [L199] CONDITIONAL_IF: "if" in body prose — check for conditional gatekeeping
        → "const createRes = await fetch('/api/assets', {"
  [L65] NOT_CONSTRUCTION: "not [noun/verb]" — restate as positive claim
        → "| `waiting` | Upload URL issued; file not yet received | Cannot play |"
  [L176] NOT_CONSTRUCTION: "not [noun/verb]" — restate as positive claim
        → ""
  [L193] NOT_CONSTRUCTION: "not [noun/verb]" — restate as positive claim
        → ""
  [L193] WEAKENED_VALUE: "can/may [verb]" in apparent value claim — assert directly or delete
        → ""
  [L199] WEAKENED_VALUE: "can/may [verb]" in apparent value claim — assert directly or delete
        → "const createRes = await fetch('/api/assets', {"

⚠️   v2/developers/guides/overview.mdx — 5 warning(s) (human sign-off required):

  [L58] CONDITIONAL_IF: "if" in body prose — check for conditional gatekeeping
        → "Move into protocol, tooling, and ecosystem contribution paths if you are buildin"
  [L122] CONDITIONAL_IF: "if" in body prose — check for conditional gatekeeping
        → "Use the compatibility quickstart if you are arriving from older links while migr"
  [L186] NOT_CONSTRUCTION: "not [noun/verb]" — restate as positive claim
        → "Need something not covered here yet? Open a pull request or [submit an issue](ht"
  [L118] WEAKENED_VALUE: "can/may [verb]" in apparent value claim — assert directly or delete
        → "Monitor lifecycle and delivery signals so you can detect ingest and playback iss"
  [L186] WEAKENED_VALUE: "can/may [verb]" in apparent value claim — assert directly or delete
        → "Need something not covered here yet? Open a pull request or [submit an issue](ht"

❌  v2/developers/guides/production-hardening-checklist.mdx — 1 BLOCKING error(s):

  [L118] BANNED_WORD: "real" — delete or restate directly
        → "Actual rates vary by orchestrator and pipeline. Monitor real costs after the fir"

⚠️   v2/developers/guides/production-hardening-checklist.mdx — 6 warning(s) (human sign-off required):

  [L67] CONDITIONAL_IF: "if" in body prose — check for conditional gatekeeping
        → "- [ ] `500` handler: retry once; if persistent, check model_id, input dimensions"
  [L94] CONDITIONAL_IF: "if" in body prose — check for conditional gatekeeping
        → "- [ ] Recording enabled if VOD archival is required (`record: true` on stream cr"
  [L47] NOT_CONSTRUCTION: "not [noun/verb]" — restate as positive claim
        → "Switch before launch. Do not ship user-facing applications on the community gate"
  [L63] NOT_CONSTRUCTION: "not [noun/verb]" — restate as positive claim
        → "- [ ] `401` handler: log and surface a configuration error; do not retry (the ke"
  [L65] NOT_CONSTRUCTION: "not [noun/verb]" — restate as positive claim
        → "- [ ] `503` handler: retry with exponential backoff; cold model load is expected"
  [L138] NOT_CONSTRUCTION: "not [noun/verb]" — restate as positive claim
        → "- [ ] API key in secrets manager, not in code"

⚠️   v2/developers/guides/payments/overview.mdx — 2 warning(s) (human sign-off required):

  [L93] CONDITIONAL_IF: "if" in body prose — check for conditional gatekeeping
        → "The gateway's ETH deposit covers the expected value of outstanding winning ticke"
  [L48] NOT_CONSTRUCTION: "not [noun/verb]" — restate as positive claim
        → "The `on-chain` and `off-chain` labels in Livepeer describe how a **gateway** han"

⚠️   v2/developers/guides/payments/probabilistic-micropayments.mdx — 6 warning(s) (human sign-off required):

  [L47] CONDITIONAL_IF: "if" in body prose — check for conditional gatekeeping
        → "- **Face value** (`faceVal`): the ETH amount the orchestrator receives if the ti"
  [L71] CONDITIONAL_IF: "if" in body prose — check for conditional gatekeeping
        → ""
  [L73] CONDITIONAL_IF: "if" in body prose — check for conditional gatekeeping
        → ""
  [L105] CONDITIONAL_IF: "if" in body prose — check for conditional gatekeeping
        → "livepeer -broadcaster \"
  [L106] CONDITIONAL_IF: "if" in body prose — check for conditional gatekeeping
        → "-maxTicketEV 3000000000000000 \  # max EV = 0.003 ETH"
  [L106] NOT_CONSTRUCTION: "not [noun/verb]" — restate as positive claim
        → "-maxTicketEV 3000000000000000 \  # max EV = 0.003 ETH"

⚠️   v2/developers/guides/payments/per-second-compute.mdx — 4 warning(s) (human sign-off required):

  [L77] CONDITIONAL_IF: "if" in body prose — check for conditional gatekeeping
        → "Gateways set a maximum acceptable price via `-maxPricePerUnit`. Orchestrators wh"
  [L33] NOT_CONSTRUCTION: "not [noun/verb]" — restate as positive claim
        → "<Tip>The live-video-to-video pipeline bills per wall-clock second of active infe"
  [L38] NOT_CONSTRUCTION: "not [noun/verb]" — restate as positive claim
        → "The `live-video-to-video` (Cascade) pipeline operates as a persistent streaming "
  [L85] NOT_CONSTRUCTION: "not [noun/verb]" — restate as positive claim
        → "- The gateway sends `signerState` (the accumulated bookkeeping state from the pr"

⚠️   v2/developers/guides/payments/eth-escrow-and-deposits.mdx — 3 warning(s) (human sign-off required):

  [L67] CONDITIONAL_IF: "if" in body prose — check for conditional gatekeeping
        → "Orchestrators query the gateway's deposit before accepting a ticket. If `deposit"
  [L110] NOT_CONSTRUCTION: "not [noun/verb]" — restate as positive claim
        → "```bash"
  [L93] WEAKENED_VALUE: "can/may [verb]" in apparent value claim — assert directly or delete
        → "--private-key <GATEWAY_KEY>"

⚠️   v2/developers/guides/payments/remote-signer.mdx — 8 warning(s) (human sign-off required):

  [L35] NOT_CONSTRUCTION: "not [noun/verb]" — restate as positive claim
        → "<Tip>The remote signer takes on the gateway's Ethereum responsibilities (ticket "
  [L74] NOT_CONSTRUCTION: "not [noun/verb]" — restate as positive claim
        → "..."
  [L81] NOT_CONSTRUCTION: "not [noun/verb]" — restate as positive claim
        → "## Stateless Signer Design"
  [L88] NOT_CONSTRUCTION: "not [noun/verb]" — restate as positive claim
        → ""
  [L92] NOT_CONSTRUCTION: "not [noun/verb]" — restate as positive claim
        → ""
  [L100] NOT_CONSTRUCTION: "not [noun/verb]" — restate as positive claim
        → ""
  [L105] NOT_CONSTRUCTION: "not [noun/verb]" — restate as positive claim
        → "## Security Properties"
  [L80] WEAKENED_VALUE: "can/may [verb]" in apparent value claim — assert directly or delete
        → ""

⚠️   v2/developers/guides/payments/clearinghouse-pattern.mdx — 1 warning(s) (human sign-off required):

  [L43] NOT_CONSTRUCTION: "not [noun/verb]" — restate as positive claim
        → "pymthouse is a community ecosystem project, not an official Livepeer Foundation "

⚠️   v2/developers/guides/payments/custom-auth-and-billing.mdx — 3 warning(s) (human sign-off required):

  [L39] NOT_CONSTRUCTION: "not [noun/verb]" — restate as positive claim
        → "The Livepeer network settles payments between gateways and orchestrators using p"
  [L69] NOT_CONSTRUCTION: "not [noun/verb]" — restate as positive claim
        → "The gateway itself does not natively expose per-user accounting. You add this as"
  [L77] NOT_CONSTRUCTION: "not [noun/verb]" — restate as positive claim
        → "Quota enforcement sits in the clearinghouse or authentication proxy, not the gat"

⚠️   v2/developers/guides/payments/orchestrator-selection-and-pricing.mdx — 5 warning(s) (human sign-off required):

  [L47] NOT_CONSTRUCTION: "not [noun/verb]" — restate as positive claim
        → "Capability data is read at session start; the gateway caches the active set and "
  [L103] NOT_CONSTRUCTION: "not [noun/verb]" — restate as positive claim
        → ""
  [L47] WEAKENED_VALUE: "can/may [verb]" in apparent value claim — assert directly or delete
        → "Capability data is read at session start; the gateway caches the active set and "
  [L71] WEAKENED_VALUE: "can/may [verb]" in apparent value claim — assert directly or delete
        → "<CustomDivider />"
  [L63] CONSISTENTLY_NO_NUMBER: "consistently" without adjacent number — add threshold or rewrite
        → "## Stake-Weighted Selection"

⚠️   v2/developers/guides/transport/overview.mdx — 2 warning(s) (human sign-off required):

  [L106] NOT_CONSTRUCTION: "not [noun/verb]" — restate as positive claim
        → "HLS carries 5-15 seconds of glass-to-glass latency for live streams due to segme"
  [L94] WEAKENED_VALUE: "can/may [verb]" in apparent value claim — assert directly or delete
        → "The stream name is taken from the first path segment of the RTMP URL: `rtmp://lo"

❌  v2/developers/guides/gateways-as-developer/gateway-access.mdx — 1 BLOCKING error(s):

  [L177] BANNED_WORD: "real" — delete or restate directly
        → "The [local gateway setup](/v2/developers/guides/local-development/local-gateway)"

⚠️   v2/developers/guides/gateways-as-developer/gateway-access.mdx — 5 warning(s) (human sign-off required):

  [L89] NOT_CONSTRUCTION: "not [noun/verb]" — restate as positive claim
        → "-H "Content-Type: application/json" \"
  [L118] NOT_CONSTRUCTION: "not [noun/verb]" — restate as positive claim
        → "Running go-livepeer in broadcaster mode gives direct network access. You control"
  [L125] NOT_CONSTRUCTION: "not [noun/verb]" — restate as positive claim
        → "-ethKeystorePath ~/.lpData/arbitrum-one-mainnet/keystore \"
  [L153] WEAKENED_VALUE: "can/may [verb]" in apparent value claim — assert directly or delete
        → ""
  [L4] DESCRIPTION_TOO_LONG: Description exceeds 160-character target (189) — tighten the outcome statement
        → "Three ways to access the Livepeer network as a developer: the community gateway (free, no setup), a managed gateway prov"

⚠️   v2/developers/guides/auth-and-security/ai-authentication.mdx — 7 warning(s) (human sign-off required):

  [L52] CONDITIONAL_IF: "if" in body prose — check for conditional gatekeeping
        → "<TableCell header>Risk if leaked</TableCell>"
  [L109] CONDITIONAL_IF: "if" in body prose — check for conditional gatekeeping
        → "```"
  [L116] CONDITIONAL_IF: "if" in body prose — check for conditional gatekeeping
        → ""
  [L95] NOT_CONSTRUCTION: "not [noun/verb]" — restate as positive claim
        → "const client = new Livepeer({ apiKey: process.env.LIVEPEER_API_KEY });"
  [L129] NOT_CONSTRUCTION: "not [noun/verb]" — restate as positive claim
        → "- After any team member offboarding"
  [L130] NOT_CONSTRUCTION: "not [noun/verb]" — restate as positive claim
        → "- Immediately after any suspected exposure"
  [L131] NOT_CONSTRUCTION: "not [noun/verb]" — restate as positive claim
        → ""

❌  v2/developers/guides/observability-and-debugging/orchestrator-monitoring.mdx — 1 BLOCKING error(s):

  [L37] BANNED_WORD: "real" — delete or restate directly
        → "Orchestrator health on the Livepeer network is evaluated by gateways in real tim"

⚠️   v2/developers/guides/observability-and-debugging/orchestrator-monitoring.mdx — 4 warning(s) (human sign-off required):

  [L51] CONDITIONAL_IF: "if" in body prose — check for conditional gatekeeping
        → "If the orchestrator disappears from a gateway's active pool unexpectedly, check:"
  [L32] NOT_CONSTRUCTION: "not [noun/verb]" — restate as positive claim
        → "<Tip>The transcode score metric is the single most useful health indicator for a"
  [L67] NOT_CONSTRUCTION: "not [noun/verb]" — restate as positive claim
        → "go-livepeer does not expose NVIDIA GPU metrics directly. Supplement Prometheus s"
  [L102] NOT_CONSTRUCTION: "not [noun/verb]" — restate as positive claim
        → "for: 2m"

⚠️   v2/developers/guides/observability-and-debugging/job-debugging.mdx — 12 warning(s) (human sign-off required):

  [L76] CONDITIONAL_IF: "if" in body prose — check for conditional gatekeeping
        → "<TableCell>Check the error body for detail. Retry once. If persistent, check mod"
  [L117] CONDITIONAL_IF: "if" in body prose — check for conditional gatekeeping
        → "```"
  [L153] CONDITIONAL_IF: "if" in body prose — check for conditional gatekeeping
        → "{"
  [L56] NOT_CONSTRUCTION: "not [noun/verb]" — restate as positive claim
        → "<TableCell>Check the `Authorization: Bearer <key>` header. No colon after Bearer"
  [L66] NOT_CONSTRUCTION: "not [noun/verb]" — restate as positive claim
        → "<TableCell>Wait and retry with exponential backoff. This is expected behaviour, "
  [L87] NOT_CONSTRUCTION: "not [noun/verb]" — restate as positive claim
        → "A cold model returns a `503` or a long pending response. This is not an error in"
  [L133] NOT_CONSTRUCTION: "not [noun/verb]" — restate as positive claim
        → "curl -v -X POST https://dream-gateway.livepeer.cloud/text-to-image \"
  [L144] NOT_CONSTRUCTION: "not [noun/verb]" — restate as positive claim
        → "<CustomDivider />"
  [L146] NOT_CONSTRUCTION: "not [noun/verb]" — restate as positive claim
        → "## 422 validation errors"
  [L147] NOT_CONSTRUCTION: "not [noun/verb]" — restate as positive claim
        → ""
  [L153] NOT_CONSTRUCTION: "not [noun/verb]" — restate as positive claim
        → "{"
  [L99] WEAKENED_VALUE: "can/may [verb]" in apparent value claim — assert directly or delete
        → "Implement retry with exponential backoff for any request that may target a cold "

❌  v2/developers/guides/local-development/overview.mdx — 2 BLOCKING error(s):

  [L37] BANNED_WORD: "real" — delete or restate directly
        → "Most developer tasks (calling AI pipelines, uploading assets, testing playback) "
  [L64] BANNED_WORD: "real" — delete or restate directly
        → "<TableCell>End-to-end protocol testing without real ETH</TableCell>"

⚠️   v2/developers/guides/local-development/overview.mdx — 1 warning(s) (human sign-off required):

  [L100] CONDITIONAL_IF: "if" in body prose — check for conditional gatekeeping
        → "# GPU-accelerated build (NVIDIA)"

❌  v2/developers/guides/local-development/local-gateway.mdx — 1 BLOCKING error(s):

  [L111] BANNED_WORD: "real" — delete or restate directly
        → "Once the deposit is funded and a test stream completes successfully, the gateway"

⚠️   v2/developers/guides/local-development/local-gateway.mdx — 4 warning(s) (human sign-off required):

  [L51] CONDITIONAL_IF: "if" in body prose — check for conditional gatekeeping
        → "go-livepeer generates a keystore on first run if none exists. Alternatively, imp"
  [L32] NOT_CONSTRUCTION: "not [noun/verb]" — restate as positive claim
        → "<Tip>A local gateway in broadcaster mode needs ETH on Arbitrum One in its keysto"
  [L61] NOT_CONSTRUCTION: "not [noun/verb]" — restate as positive claim
        → ""
  [L32] WEAKENED_VALUE: "can/may [verb]" in apparent value claim — assert directly or delete
        → "<Tip>A local gateway in broadcaster mode needs ETH on Arbitrum One in its keysto"

❌  v2/developers/guides/local-development/local-orchestrator.mdx — 1 BLOCKING error(s):

  [L37] BANNED_WORD: "real" — delete or restate directly
        → "A local go-livepeer orchestrator provides a real protocol-level test target for "

⚠️   v2/developers/guides/local-development/local-orchestrator.mdx — 1 warning(s) (human sign-off required):

  [L32] NOT_CONSTRUCTION: "not [noun/verb]" — restate as positive claim
        → "<Tip>A local orchestrator in standalone transcoder mode does not require an Ethe"

❌  v2/developers/guides/local-development/local-testnet.mdx — 2 BLOCKING error(s):

  [L31] BANNED_WORD: "real" — delete or restate directly
        → "Running a local Livepeer stack lets you develop against real protocol contracts "
  [L268] BANNED_WORD: "real" — delete or restate directly
        → "The local testnet gives you a complete protocol stack for development without re"

⚠️   v2/developers/guides/local-development/local-testnet.mdx — 5 warning(s) (human sign-off required):

  [L198] NOT_CONSTRUCTION: "not [noun/verb]" — restate as positive claim
        → "```bash icon="terminal""
  [L31] WEAKENED_VALUE: "can/may [verb]" in apparent value claim — assert directly or delete
        → "Running a local Livepeer stack lets you develop against real protocol contracts "
  [L132] WEAKENED_VALUE: "can/may [verb]" in apparent value claim — assert directly or delete
        → "| ServiceRegistry | Proxy + target. |"
  [L148] WEAKENED_VALUE: "can/may [verb]" in apparent value claim — assert directly or delete
        → "<Steps>"
  [L183] WEAKENED_VALUE: "can/may [verb]" in apparent value claim — assert directly or delete
        → "```"

⚠️   v2/developers/guides/help.mdx — 1 warning(s) (human sign-off required):

  [L123] NOT_CONSTRUCTION: "not [noun/verb]" — restate as positive claim
        → "Report smart contract vulnerabilities through the [Immunefi bug bounty programme"

⚠️   v2/developers/resources/glossary.mdx — 6 warning(s) (human sign-off required):

  [L170] NOT_CONSTRUCTION: "not [noun/verb]" — restate as positive claim
        → ""
  [L122] WEAKENED_VALUE: "can/may [verb]" in apparent value claim — assert directly or delete
        → "{ Term: "PyTrickle", Category: "livepeer", Niche: "sdk", Definition: "Python pac"
  [L380] WEAKENED_VALUE: "can/may [verb]" in apparent value claim — assert directly or delete
        → ""
  [L390] WEAKENED_VALUE: "can/may [verb]" in apparent value claim — assert directly or delete
        → ""
  [L400] WEAKENED_VALUE: "can/may [verb]" in apparent value claim — assert directly or delete
        → ""
  [L968] WEAKENED_VALUE: "can/may [verb]" in apparent value claim — assert directly or delete
        → ""

❌  v2/developers/resources/contributing.mdx — 1 BLOCKING error(s):

  [L28] BANNED_WORD: "real" — delete or restate directly
        → "<Tip>This quickstart gets you from zero to a running local testnet in approximat"

⚠️   v2/developers/resources/grants-and-programmes.mdx — 5 warning(s) (human sign-off required):

  [L103] CONDITIONAL_IF: "if" in body prose — check for conditional gatekeeping
        → ""
  [L49] NOT_CONSTRUCTION: "not [noun/verb]" — restate as positive claim
        → ""
  [L49] WEAKENED_VALUE: "can/may [verb]" in apparent value claim — assert directly or delete
        → ""
  [L235] WEAKENED_VALUE: "can/may [verb]" in apparent value claim — assert directly or delete
        → "Watch for future bootcamp cohort announcements on the Dev Hub."
  [L4] DESCRIPTION_TOO_LONG: Description exceeds 160-character target (176) — tighten the outcome statement
        → "Funded pathways for Livepeer builders: microgrants, the AI Video Startup accelerator, ComfyUI hacker cohorts, bootcamps,"

⚠️   v2/developers/resources/deepwiki.mdx — 3 warning(s) (human sign-off required):

  [L26] CONDITIONAL_IF: "if" in body prose — check for conditional gatekeeping
        → "If you haven't heard of it before, DeepWiki - developed by Cognition AI (the cre"
  [L40] NOT_CONSTRUCTION: "not [noun/verb]" — restate as positive claim
        → "As with all AI generated content, not everything on DeepWiki is accurate!"
  [L48] NOT_CONSTRUCTION: "not [noun/verb]" — restate as positive claim
        → "<p>Your browser does not support iframes.</p>"

⚠️   v2/developers/resources/reference/pytrickle-reference.mdx — 1 warning(s) (human sign-off required):

  [L4] DESCRIPTION_TOO_LONG: Description exceeds 160-character target (169) — tighten the outcome statement
        → "PyTrickle is the Python framework for building BYOC containers on Livepeer. Covers FrameProcessor API, StreamServer, Tri"

⚠️   v2/gateways/navigator.mdx — 5 warning(s) (human sign-off required):

  [L163] CONDITIONAL_IF: "if" in body prose — check for conditional gatekeeping
        → "V -->|"Video, AI, or both"| S1["Setup → Requirements"]"
  [L149] NOT_CONSTRUCTION: "not [noun/verb]" — restate as positive claim
        → "<TableCell>AI app devs, API providers, platform builders</TableCell>"
  [L89] WEAKENED_VALUE: "can/may [verb]" in apparent value claim — assert directly or delete
        → "<Tab title="Evaluate first" icon="magnifying-glass">"
  [L157] WEAKENED_VALUE: "can/may [verb]" in apparent value claim — assert directly or delete
        → "%%{init: {'theme': 'base', 'themeVariables': {'primaryColor': '#18794E', 'primar"
  [L226] WEAKENED_VALUE: "can/may [verb]" in apparent value claim — assert directly or delete
        → ""

⚠️   v2/gateways/concepts/role.mdx — 4 warning(s) (human sign-off required):

  [L169] NOT_CONSTRUCTION: "not [noun/verb]" — restate as positive claim
        → "style Settlement fill:#0d0d0d,stroke:#2d9a67,stroke-width:1px"
  [L62] WEAKENED_VALUE: "can/may [verb]" in apparent value claim — assert directly or delete
        → "subgraph Settlement["Coordination & Settlement"]"
  [L169] WEAKENED_VALUE: "can/may [verb]" in apparent value claim — assert directly or delete
        → "style Settlement fill:#0d0d0d,stroke:#2d9a67,stroke-width:1px"
  [L218] WEAKENED_VALUE: "can/may [verb]" in apparent value claim — assert directly or delete
        → "See <LinkArrow href="/v2/gateways/concepts/capabilities" label="Gateway Capabili"

⚠️   v2/gateways/concepts/capabilities.mdx — 2 warning(s) (human sign-off required):

  [L38] NOT_CONSTRUCTION: "not [noun/verb]" — restate as positive claim
        → "<Tip>Gateways route work to orchestrators; they do not perform the compute thems"
  [L169] NOT_CONSTRUCTION: "not [noun/verb]" — restate as positive claim
        → "</tbody>"

⚠️   v2/gateways/concepts/business-model.mdx — 1 warning(s) (human sign-off required):

  [L163] CONDITIONAL_IF: "if" in body prose — check for conditional gatekeeping
        → ""

⚠️   v2/gateways/quickstart/gateway-setup.mdx — 2 warning(s) (human sign-off required):

  [L122] CONDITIONAL_IF: "if" in body prose — check for conditional gatekeeping
        → "<DockerOnChainTab />"
  [L122] WEAKENED_VALUE: "can/may [verb]" in apparent value claim — assert directly or delete
        → "<DockerOnChainTab />"

⚠️   v2/gateways/guides/tutorials/byoc-cpu-tutorial.mdx — 17 warning(s) (human sign-off required):

  [L57] CONDITIONAL_IF: "if" in body prose — check for conditional gatekeeping
        → ""
  [L222] CONDITIONAL_IF: "if" in body prose — check for conditional gatekeeping
        → "Expected output ends with:"
  [L246] CONDITIONAL_IF: "if" in body prose — check for conditional gatekeeping
        → "chmod +x livepeer livepeer_cli"
  [L252] CONDITIONAL_IF: "if" in body prose — check for conditional gatekeeping
        → ""
  [L256] CONDITIONAL_IF: "if" in body prose — check for conditional gatekeeping
        → "--network host \"
  [L264] CONDITIONAL_IF: "if" in body prose — check for conditional gatekeeping
        → "# Should see: PassthroughPipeline: initialized (CPU, no model loading)"
  [L42] NOT_CONSTRUCTION: "not [noun/verb]" — restate as positive claim
        → ""
  [L222] NOT_CONSTRUCTION: "not [noun/verb]" — restate as positive claim
        → "Expected output ends with:"
  [L249] NOT_CONSTRUCTION: "not [noun/verb]" — restate as positive claim
        → ""
  [L252] NOT_CONSTRUCTION: "not [noun/verb]" — restate as positive claim
        → ""
  [L295] NOT_CONSTRUCTION: "not [noun/verb]" — restate as positive claim
        → "Successful startup logs include:"
  [L319] NOT_CONSTRUCTION: "not [noun/verb]" — restate as positive claim
        → "-datadir ./data-gateway"
  [L42] WEAKENED_VALUE: "can/may [verb]" in apparent value claim — assert directly or delete
        → ""
  [L222] WEAKENED_VALUE: "can/may [verb]" in apparent value claim — assert directly or delete
        → "Expected output ends with:"
  [L246] WEAKENED_VALUE: "can/may [verb]" in apparent value claim — assert directly or delete
        → "chmod +x livepeer livepeer_cli"
  [L290] WEAKENED_VALUE: "can/may [verb]" in apparent value claim — assert directly or delete
        → "- `-byocModelID` - must match the `name` in your pipeline's `PipelineSpec`"
  [L4] DESCRIPTION_TOO_LONG: Description exceeds 160-character target (219) — tighten the outcome statement
        → "Run a complete Livepeer gateway and orchestrator on one machine using a CPU Docker container as a BYOC pipeline, test en"

⚠️   v2/gateways/quickstart/AI-prompt.mdx — 2 warning(s) (human sign-off required):

  [L4] DESCRIPTION_ANNOUNCES_CONTENT: Description announces page contents — lead with reader outcome instead
        → "This page is a downloadable task list for your AI coding agent to follow to set up your Livepeer Gateway for you - becau"
  [L4] DESCRIPTION_TOO_LONG: Description exceeds 160-character target (164) — tighten the outcome statement
        → "This page is a downloadable task list for your AI coding agent to follow to set up your Livepeer Gateway for you - becau"

⚠️   v2/gateways/setup/guide.mdx — 6 warning(s) (human sign-off required):

  [L91] NOT_CONSTRUCTION: "not [noun/verb]" — restate as positive claim
        → "<TableCell>**Node type**</TableCell>"
  [L102] NOT_CONSTRUCTION: "not [noun/verb]" — restate as positive claim
        → ""
  [L72] WEAKENED_VALUE: "can/may [verb]" in apparent value claim — assert directly or delete
        → "<thead>"
  [L99] WEAKENED_VALUE: "can/may [verb]" in apparent value claim — assert directly or delete
        → "## Setup Type: `go-livepeer`"
  [L110] WEAKENED_VALUE: "can/may [verb]" in apparent value claim — assert directly or delete
        → "<StyledTable variant="bordered">"
  [L111] WEAKENED_VALUE: "can/may [verb]" in apparent value claim — assert directly or delete
        → "<thead>"

⚠️   v2/gateways/setup/prepare.mdx — 4 warning(s) (human sign-off required):

  [L245] CONDITIONAL_IF: "if" in body prose — check for conditional gatekeeping
        → ""
  [L341] CONDITIONAL_IF: "if" in body prose — check for conditional gatekeeping
        → "<TableCell>Ethereum wallet address (0x prefix optional)</TableCell>"
  [L59] NOT_CONSTRUCTION: "not [noun/verb]" — restate as positive claim
        → "Gateway nodes do not require NVIDIA GPU drivers. Driver setup is only required o"
  [L258] WEAKENED_VALUE: "can/may [verb]" in apparent value claim — assert directly or delete
        → "-ethUrl=https://arb1.arbitrum.io/rpc \"

⚠️   v2/gateways/setup/configure.mdx — 1 warning(s) (human sign-off required):

  [L40] WEAKENED_VALUE: "can/may [verb]" in apparent value claim — assert directly or delete
        → "You can configure a Livepeer Gateway using:"

⚠️   v2/gateways/setup/connect.mdx — 2 warning(s) (human sign-off required):

  [L82] NOT_CONSTRUCTION: "not [noun/verb]" — restate as positive claim
        → "Off-chain Gateways use a static list of known Orchestrators passed via `-orchAdd"
  [L86] NOT_CONSTRUCTION: "not [noun/verb]" — restate as positive claim
        → "- Private deployments that do not interact with the public network"

⚠️   v2/gateways/setup/monitor.mdx — 5 warning(s) (human sign-off required):

  [L108] CONDITIONAL_IF: "if" in body prose — check for conditional gatekeeping
        → "<TableCell>Required for Orchestrators to redeem winning tickets. If zero, Orches"
  [L136] NOT_CONSTRUCTION: "not [noun/verb]" — restate as positive claim
        → "For off-chain Gateways, the Explorer does not show the node directly. Use <LinkA"
  [L257] NOT_CONSTRUCTION: "not [noun/verb]" — restate as positive claim
        → "</TableRow>"
  [L128] WEAKENED_VALUE: "can/may [verb]" in apparent value claim — assert directly or delete
        → "<TableCell>Confirms the Gateway is still operational. A stale date indicates the"
  [L133] WEAKENED_VALUE: "can/may [verb]" in apparent value claim — assert directly or delete
        → "After registering an on-chain Gateway, it may take a few minutes to appear in th"

⚠️   v2/gateways/guides/operator-considerations/business-case.mdx — 20 warning(s) (human sign-off required):

  [L105] CONDITIONAL_IF: "if" in body prose — check for conditional gatekeeping
        → "</Tab>"
  [L324] CONDITIONAL_IF: "if" in body prose — check for conditional gatekeeping
        → "<Accordion title="Free to start with off-chain operational mode">"
  [L377] CONDITIONAL_IF: "if" in body prose — check for conditional gatekeeping
        → "<Accordion title="Custom orchestrator routing">"
  [L408] CONDITIONAL_IF: "if" in body prose — check for conditional gatekeeping
        → "<TableRow>"
  [L42] NOT_CONSTRUCTION: "not [noun/verb]" — restate as positive claim
        → "- Placeholders for Media & Video Resources are in comments with a TODO for a hum"
  [L66] NOT_CONSTRUCTION: "not [noun/verb]" — restate as positive claim
        → "**Best for**: developers looking to integrate services."
  [L67] NOT_CONSTRUCTION: "not [noun/verb]" — restate as positive claim
        → "<CenteredContainer preset="readable90" minWidth="fit-content" marginRight="2rem""
  [L100] NOT_CONSTRUCTION: "not [noun/verb]" — restate as positive claim
        → ""
  [L169] NOT_CONSTRUCTION: "not [noun/verb]" — restate as positive claim
        → "You are building a product and currently using a hosted gateway such as Daydream"
  [L174] NOT_CONSTRUCTION: "not [noun/verb]" — restate as positive claim
        → "- A Linux server (for AI workloads; video also supports Windows)"
  [L195] NOT_CONSTRUCTION: "not [noun/verb]" — restate as positive claim
        → "**What you capture:** Your product margin. The gateway keeps compute costs below"
  [L337] NOT_CONSTRUCTION: "not [noun/verb]" — restate as positive claim
        → "Running your own gateway means you control which orchestrators receive your jobs"
  [L365] NOT_CONSTRUCTION: "not [noun/verb]" — restate as positive claim
        → "</AccordionGroup>"
  [L42] WEAKENED_VALUE: "can/may [verb]" in apparent value claim — assert directly or delete
        → "- Placeholders for Media & Video Resources are in comments with a TODO for a hum"
  [L105] WEAKENED_VALUE: "can/may [verb]" in apparent value claim — assert directly or delete
        → "</Tab>"
  [L301] WEAKENED_VALUE: "can/may [verb]" in apparent value claim — assert directly or delete
        → "<TableCell>**Free + SPE-funded**</TableCell>"
  [L308] WEAKENED_VALUE: "can/may [verb]" in apparent value claim — assert directly or delete
        → "Your revenue is the difference between what customers pay you and what you pay o"
  [L321] WEAKENED_VALUE: "can/may [verb]" in apparent value claim — assert directly or delete
        → ""
  [L337] WEAKENED_VALUE: "can/may [verb]" in apparent value claim — assert directly or delete
        → "Running your own gateway means you control which orchestrators receive your jobs"
  [L342] WEAKENED_VALUE: "can/may [verb]" in apparent value claim — assert directly or delete
        → "<Accordion title="No dependency on a third party">"

⚠️   v2/gateways/guides/operator-considerations/production-gateways.mdx — 7 warning(s) (human sign-off required):

  [L105] NOT_CONSTRUCTION: "not [noun/verb]" — restate as positive claim
        → "**What it is:** An AI video creation platform for creators and builders. Daydrea"
  [L190] NOT_CONSTRUCTION: "not [noun/verb]" — restate as positive claim
        → ""
  [L209] NOT_CONSTRUCTION: "not [noun/verb]" — restate as positive claim
        → ""
  [L192] WEAKENED_VALUE: "can/may [verb]" in apparent value claim — assert directly or delete
        → ""
  [L220] WEAKENED_VALUE: "can/may [verb]" in apparent value claim — assert directly or delete
        → ""
  [L229] WEAKENED_VALUE: "can/may [verb]" in apparent value claim — assert directly or delete
        → "<Badge color="yellow"> SPE Funded </Badge>"
  [L231] WEAKENED_VALUE: "can/may [verb]" in apparent value claim — assert directly or delete
        → "**What it is:** A community dashboard for monitoring the Livepeer AI network. Sh"

⚠️   v2/gateways/guides/deployment-details/setup-options.mdx — 9 warning(s) (human sign-off required):

  [L205] CONDITIONAL_IF: "if" in body prose — check for conditional gatekeeping
        → "</Card>"
  [L66] NOT_CONSTRUCTION: "not [noun/verb]" — restate as positive claim
        → "<TableRow>"
  [L127] NOT_CONSTRUCTION: "not [noun/verb]" — restate as positive claim
        → "<TableRow>"
  [L147] NOT_CONSTRUCTION: "not [noun/verb]" — restate as positive claim
        → "</Card>"
  [L148] NOT_CONSTRUCTION: "not [noun/verb]" — restate as positive claim
        → "<Card title="Requirements" icon="clipboard-check" href="/v2/gateways/guides/depl"
  [L152] NOT_CONSTRUCTION: "not [noun/verb]" — restate as positive claim
        → "</Tab>"
  [L175] NOT_CONSTRUCTION: "not [noun/verb]" — restate as positive claim
        → "<Card title="Requirements" icon="clipboard-check" href="/v2/gateways/guides/depl"
  [L205] NOT_CONSTRUCTION: "not [noun/verb]" — restate as positive claim
        → "</Card>"
  [L168] WEAKENED_VALUE: "can/may [verb]" in apparent value claim — assert directly or delete
        → ""

⚠️   v2/gateways/guides/deployment-details/setup-requirements.mdx — 17 warning(s) (human sign-off required):

  [L225] CONDITIONAL_IF: "if" in body prose — check for conditional gatekeeping
        → "</TableRow>"
  [L342] CONDITIONAL_IF: "if" in body prose — check for conditional gatekeeping
        → "- An understanding of what a REST API is (for connecting your application)"
  [L43] NOT_CONSTRUCTION: "not [noun/verb]" — restate as positive claim
        → "*/}"
  [L50] NOT_CONSTRUCTION: "not [noun/verb]" — restate as positive claim
        → "<CenteredContainer preset="readable90">"
  [L83] NOT_CONSTRUCTION: "not [noun/verb]" — restate as positive claim
        → "</TableRow>"
  [L84] NOT_CONSTRUCTION: "not [noun/verb]" — restate as positive claim
        → "<TableRow>"
  [L99] NOT_CONSTRUCTION: "not [noun/verb]" — restate as positive claim
        → "</tbody>"
  [L132] NOT_CONSTRUCTION: "not [noun/verb]" — restate as positive claim
        → "<TableCell>✅ Generally supported</TableCell>"
  [L158] NOT_CONSTRUCTION: "not [noun/verb]" — restate as positive claim
        → "<TableCell>Recommended deployment method for most setups</TableCell>"
  [L181] NOT_CONSTRUCTION: "not [noun/verb]" — restate as positive claim
        → "<tbody>"
  [L266] NOT_CONSTRUCTION: "not [noun/verb]" — restate as positive claim
        → "<TableCell>Connection to Arbitrum One where Livepeer's smart contracts are deplo"
  [L303] NOT_CONSTRUCTION: "not [noun/verb]" — restate as positive claim
        → "</TableRow>"
  [L337] NOT_CONSTRUCTION: "not [noun/verb]" — restate as positive claim
        → "You can get an AI gateway running with:"
  [L352] NOT_CONSTRUCTION: "not [noun/verb]" — restate as positive claim
        → "- Running `livepeer_cli` to allocate deposit and reserve funds"
  [L241] WEAKENED_VALUE: "can/may [verb]" in apparent value claim — assert directly or delete
        → "</tbody>"
  [L257] WEAKENED_VALUE: "can/may [verb]" in apparent value claim — assert directly or delete
        → "<thead>"
  [L324] WEAKENED_VALUE: "can/may [verb]" in apparent value claim — assert directly or delete
        → ""

⚠️   v2/gateways/guides/deployment-details/gwid-single-click-deploy.mdx — 2 warning(s) (human sign-off required):

  [L37] NOT_CONSTRUCTION: "not [noun/verb]" — restate as positive claim
        → ""
  [L47] NOT_CONSTRUCTION: "not [noun/verb]" — restate as positive claim
        → ""

⚠️   v2/gateways/guides/node-pipelines/guide.mdx — 9 warning(s) (human sign-off required):

  [L94] NOT_CONSTRUCTION: "not [noun/verb]" — restate as positive claim
        → "GW --> BC["BYOC <br/> Custom containers"]"
  [L117] NOT_CONSTRUCTION: "not [noun/verb]" — restate as positive claim
        → "**Port:** HTTP API on `:8935` (set via `-httpAddr`, enabled by `-httpIngest`)."
  [L133] NOT_CONSTRUCTION: "not [noun/verb]" — restate as positive claim
        → "<CardGroup cols={2}>"
  [L180] NOT_CONSTRUCTION: "not [noun/verb]" — restate as positive claim
        → "<tbody>"
  [L215] NOT_CONSTRUCTION: "not [noun/verb]" — restate as positive claim
        → "Running both video and AI workloads from a single node is possible with a <Badge"
  [L34] WEAKENED_VALUE: "can/may [verb]" in apparent value claim — assert directly or delete
        → "- ~~UK spelling is used~~"
  [L92] WEAKENED_VALUE: "can/may [verb]" in apparent value claim — assert directly or delete
        → "GW --> AI["Batch AI Inference <br/> HTTP request/response"]"
  [L111] WEAKENED_VALUE: "can/may [verb]" in apparent value claim — assert directly or delete
        → "### Batch AI Inference"
  [L203] WEAKENED_VALUE: "can/may [verb]" in apparent value claim — assert directly or delete
        → "<TableCell>BYOC</TableCell>"

⚠️   v2/gateways/guides/node-pipelines/video-pipelines.mdx — 17 warning(s) (human sign-off required):

  [L114] CONDITIONAL_IF: "if" in body prose — check for conditional gatekeeping
        → "class PAY payment"
  [L135] CONDITIONAL_IF: "if" in body prose — check for conditional gatekeeping
        → "============================================================ */}"
  [L141] CONDITIONAL_IF: "if" in body prose — check for conditional gatekeeping
        → "<Tabs>"
  [L194] CONDITIONAL_IF: "if" in body prose — check for conditional gatekeeping
        → ""
  [L264] CONDITIONAL_IF: "if" in body prose — check for conditional gatekeeping
        → ""
  [L267] CONDITIONAL_IF: "if" in body prose — check for conditional gatekeeping
        → "```"
  [L33] NOT_CONSTRUCTION: "not [noun/verb]" — restate as positive claim
        → "- ~~Tables use StyledTable component~~"
  [L45] NOT_CONSTRUCTION: "not [noun/verb]" — restate as positive claim
        → "import { StyledTable, TableRow, TableCell } from '/snippets/components/displays/"
  [L102] NOT_CONSTRUCTION: "not [noun/verb]" — restate as positive claim
        → ""
  [L111] NOT_CONSTRUCTION: "not [noun/verb]" — restate as positive claim
        → "classDef video fill:#1a1a1a,color:#fff,stroke:#3b82f6,stroke-width:2px"
  [L119] NOT_CONSTRUCTION: "not [noun/verb]" — restate as positive claim
        → "style PAYMENT fill:#0d0d0d,stroke:#fbbf24,stroke-width:1px"
  [L141] NOT_CONSTRUCTION: "not [noun/verb]" — restate as positive claim
        → "<Tabs>"
  [L270] NOT_CONSTRUCTION: "not [noun/verb]" — restate as positive claim
        → "5. ON-CHAIN PAYMENT FLOW"
  [L106] WEAKENED_VALUE: "can/may [verb]" in apparent value claim — assert directly or delete
        → "OBJ["Object store\nS3 / IPFS"]"
  [L164] WEAKENED_VALUE: "can/may [verb]" in apparent value claim — assert directly or delete
        → ""
  [L178] WEAKENED_VALUE: "can/may [verb]" in apparent value claim — assert directly or delete
        → ""
  [L4] DESCRIPTION_TOO_LONG: Description exceeds 160-character target (218) — tighten the outcome statement
        → "How video jobs flow through your gateway - RTMP and HTTP ingest, source segmentation, orchestrator selection via Broadca"

⚠️   v2/gateways/guides/node-pipelines/ai-pipelines.mdx — 13 warning(s) (human sign-off required):

  [L281] CONDITIONAL_IF: "if" in body prose — check for conditional gatekeeping
        → "<Card title="ComfyStream" icon="wand-magic-sparkles" href="/v2/developers/build/"
  [L323] CONDITIONAL_IF: "if" in body prose — check for conditional gatekeeping
        → "-aiServiceRegistry"
  [L364] CONDITIONAL_IF: "if" in body prose — check for conditional gatekeeping
        → "icon="github""
  [L42] NOT_CONSTRUCTION: "not [noun/verb]" — restate as positive claim
        → "- ~~REVIEW flags are in JSX flags for a human.~~"
  [L124] NOT_CONSTRUCTION: "not [noun/verb]" — restate as positive claim
        → "<TableRow>"
  [L220] NOT_CONSTRUCTION: "not [noun/verb]" — restate as positive claim
        → "<TableCell>`/llm`</TableCell>"
  [L245] NOT_CONSTRUCTION: "not [noun/verb]" — restate as positive claim
        → ""
  [L301] NOT_CONSTRUCTION: "not [noun/verb]" — restate as positive claim
        → ""
  [L323] NOT_CONSTRUCTION: "not [noun/verb]" — restate as positive claim
        → "-aiServiceRegistry"
  [L364] NOT_CONSTRUCTION: "not [noun/verb]" — restate as positive claim
        → "icon="github""
  [L250] WEAKENED_VALUE: "can/may [verb]" in apparent value claim — assert directly or delete
        → "```bash icon="terminal""
  [L285] WEAKENED_VALUE: "can/may [verb]" in apparent value claim — assert directly or delete
        → "Route custom container workloads by capability - operator responsibilities, mode"
  [L4] DESCRIPTION_TOO_LONG: Description exceeds 160-character target (260) — tighten the outcome statement
        → "How AI inference jobs flow through your gateway - HTTP request routing, orchestrator discovery via -orchAddr, capability"

⚠️   v2/gateways/guides/node-pipelines/byoc-pipelines.mdx — 13 warning(s) (human sign-off required):

  [L77] CONDITIONAL_IF: "if" in body prose — check for conditional gatekeeping
        → "classDef default fill:#1a1a1a,color:#fff,stroke:#2d9a67,stroke-width:2px"
  [L115] CONDITIONAL_IF: "if" in body prose — check for conditional gatekeeping
        → ""
  [L147] CONDITIONAL_IF: "if" in body prose — check for conditional gatekeeping
        → "<Accordion title="Stateless execution" icon="database">"
  [L34] NOT_CONSTRUCTION: "not [noun/verb]" — restate as positive claim
        → "- ~~Headers are concise and technical - no long headers or questions (aim for ma"
  [L73] NOT_CONSTRUCTION: "not [noun/verb]" — restate as positive claim
        → "E --> D"
  [L144] NOT_CONSTRUCTION: "not [noun/verb]" — restate as positive claim
        → "These constraints apply to BYOC containers on the network. Gateway operators enf"
  [L32] WEAKENED_VALUE: "can/may [verb]" in apparent value claim — assert directly or delete
        → "- ~~No em-dashes are used (instead use standard -)~~"
  [L75] WEAKENED_VALUE: "can/may [verb]" in apparent value claim — assert directly or delete
        → "B --> A"
  [L93] WEAKENED_VALUE: "can/may [verb]" in apparent value claim — assert directly or delete
        → "</CardGroup>"
  [L124] WEAKENED_VALUE: "can/may [verb]" in apparent value claim — assert directly or delete
        → "Capabilities like `depth`, `segmentation`, and `pose` - fast per frame (millisec"
  [L136] WEAKENED_VALUE: "can/may [verb]" in apparent value claim — assert directly or delete
        → "BYOC works best for frame-based, stream-based, and short-lived GPU workloads. Se"
  [L138] WEAKENED_VALUE: "can/may [verb]" in apparent value claim — assert directly or delete
        → "{/* ============================================================"
  [L4] DESCRIPTION_TOO_LONG: Description exceeds 160-character target (219) — tighten the outcome statement
        → "Gateway-operator guide for routing BYOC (Bring Your Own Container) workloads on Livepeer - capability-as-contract routin"

⚠️   v2/gateways/guides/node-pipelines/pipeline-configuration.mdx — 4 warning(s) (human sign-off required):

  [L206] NOT_CONSTRUCTION: "not [noun/verb]" — restate as positive claim
        → "<Accordion title="Docker" icon="docker">"
  [L300] NOT_CONSTRUCTION: "not [noun/verb]" — restate as positive claim
        → "{ "name": "480p-lowlat", "width": 854, "height": 480, "bitrate": 1200000, "fps":"
  [L247] WEAKENED_VALUE: "can/may [verb]" in apparent value claim — assert directly or delete
        → "ExecStart=/usr/local/bin/livepeer \"
  [L4] DESCRIPTION_TOO_LONG: Description exceeds 160-character target (201) — tighten the outcome statement
        → "Post-setup tuning for Livepeer gateway pipelines - video transcoding profiles (JSON encoding ladder, presets, recipes) a"

⚠️   v2/gateways/guides/payments-and-pricing/payment-guide.mdx — 7 warning(s) (human sign-off required):

  [L51] NOT_CONSTRUCTION: "not [noun/verb]" — restate as positive claim
        → ""
  [L121] NOT_CONSTRUCTION: "not [noun/verb]" — restate as positive claim
        → "</TableRow>"
  [L130] NOT_CONSTRUCTION: "not [noun/verb]" — restate as positive claim
        → "<TableCell>No - held by signer or clearinghouse</TableCell>"
  [L148] NOT_CONSTRUCTION: "not [noun/verb]" — restate as positive claim
        → "<Note>"
  [L30] WEAKENED_VALUE: "can/may [verb]" in apparent value claim — assert directly or delete
        → "Verify:"
  [L57] WEAKENED_VALUE: "can/may [verb]" in apparent value claim — assert directly or delete
        → "<CustomDivider style={{margin: "-1rem 0 -1rem 0"}} />"
  [L170] WEAKENED_VALUE: "can/may [verb]" in apparent value claim — assert directly or delete
        → "</Tab>"

⚠️   v2/gateways/guides/payments-and-pricing/funding-guide.mdx — 11 warning(s) (human sign-off required):

  [L83] CONDITIONAL_IF: "if" in body prose — check for conditional gatekeeping
        → "<CustomDivider style={{margin: "0 0 -2rem 0"}} />"
  [L38] NOT_CONSTRUCTION: "not [noun/verb]" — restate as positive claim
        → "- Placeholders for Media & Video Resources are in comments with a TODO for a hum"
  [L50] NOT_CONSTRUCTION: "not [noun/verb]" — restate as positive claim
        → ""
  [L69] NOT_CONSTRUCTION: "not [noun/verb]" — restate as positive claim
        → "</TableRow>"
  [L96] NOT_CONSTRUCTION: "not [noun/verb]" — restate as positive claim
        → "<Tab title="ETH on mainnet" icon="bridge">"
  [L123] NOT_CONSTRUCTION: "not [noun/verb]" — restate as positive claim
        → "Send ETH on Arbitrum One to the gateway's Ethereum address. This is the keystore"
  [L157] NOT_CONSTRUCTION: "not [noun/verb]" — restate as positive claim
        → ""
  [L168] NOT_CONSTRUCTION: "not [noun/verb]" — restate as positive claim
        → "<StyledTable>"
  [L179] WEAKENED_VALUE: "can/may [verb]" in apparent value claim — assert directly or delete
        → "<TableRow>"
  [L208] WEAKENED_VALUE: "can/may [verb]" in apparent value claim — assert directly or delete
        → ""
  [L4] DESCRIPTION_TOO_LONG: Description exceeds 160-character target (178) — tighten the outcome statement
        → "Step-by-step guide to funding an on-chain Livepeer Gateway with ETH on Arbitrum One. Covers bridging, depositing, settin"

⚠️   v2/gateways/guides/payments-and-pricing/fund-gateway.mdx — 11 warning(s) (human sign-off required):

  [L43] NOT_CONSTRUCTION: "not [noun/verb]" — restate as positive claim
        → "# Add Funds to Gateway Wallet"
  [L156] NOT_CONSTRUCTION: "not [noun/verb]" — restate as positive claim
        → "</StyledStep>"
  [L57] WEAKENED_VALUE: "can/may [verb]" in apparent value claim — assert directly or delete
        → "still providing the security and trust of the Ethereum network."
  [L81] WEAKENED_VALUE: "can/may [verb]" in apparent value claim — assert directly or delete
        → "</Card>"
  [L99] WEAKENED_VALUE: "can/may [verb]" in apparent value claim — assert directly or delete
        → "</Note>"
  [L104] WEAKENED_VALUE: "can/may [verb]" in apparent value claim — assert directly or delete
        → "You can buy Ethereum (ETH) on [Coinbase](https://www.coinbase.com/) in over 100 "
  [L114] WEAKENED_VALUE: "can/may [verb]" in apparent value claim — assert directly or delete
        → "</Note>"
  [L119] WEAKENED_VALUE: "can/may [verb]" in apparent value claim — assert directly or delete
        → "You can buy Ethereum (ETH) on [Kraken](https://www.kraken.com/) in over 100 coun"
  [L137] WEAKENED_VALUE: "can/may [verb]" in apparent value claim — assert directly or delete
        → "</StyledStep>"
  [L145] WEAKENED_VALUE: "can/may [verb]" in apparent value claim — assert directly or delete
        → "See the [Arbitrum Bridging Guide](https://docs.arbitrum.io/arbitrum-bridge/quick"
  [L4] DESCRIPTION_TOO_LONG: Description exceeds 160-character target (268) — tighten the outcome statement
        → "The following steps will walk you through adding funds to your Gateway ETH account, including funding the ETH account on"

⚠️   v2/gateways/guides/payments-and-pricing/pricing-strategy.mdx — 16 warning(s) (human sign-off required):

  [L50] CONDITIONAL_IF: "if" in body prose — check for conditional gatekeeping
        → "import { LinkArrow } from '/snippets/components/elements/links/Links.jsx'"
  [L60] CONDITIONAL_IF: "if" in body prose — check for conditional gatekeeping
        → "Gateways set **price caps** that control the maximum amount paid to Orchestrator"
  [L101] CONDITIONAL_IF: "if" in body prose — check for conditional gatekeeping
        → "<TableCell header>Default</TableCell>"
  [L254] CONDITIONAL_IF: "if" in body prose — check for conditional gatekeeping
        → "</Tab>"
  [L266] CONDITIONAL_IF: "if" in body prose — check for conditional gatekeeping
        → "<TableCell header>Workload</TableCell>"
  [L36] NOT_CONSTRUCTION: "not [noun/verb]" — restate as positive claim
        → "- UK spelling is used"
  [L60] NOT_CONSTRUCTION: "not [noun/verb]" — restate as positive claim
        → "Gateways set **price caps** that control the maximum amount paid to Orchestrator"
  [L55] WEAKENED_VALUE: "can/may [verb]" in apparent value claim — assert directly or delete
        → "**Gateways pay Orchestrators. They do not charge clients.** <br/> The flags on t"
  [L126] WEAKENED_VALUE: "can/may [verb]" in apparent value claim — assert directly or delete
        → "Most operators leave `pixelsPerUnit` at the default of `1` and adjust only `-max"
  [L170] WEAKENED_VALUE: "can/may [verb]" in apparent value claim — assert directly or delete
        → "<TableRow>"
  [L258] WEAKENED_VALUE: "can/may [verb]" in apparent value claim — assert directly or delete
        → ""
  [L259] WEAKENED_VALUE: "can/may [verb]" in apparent value claim — assert directly or delete
        → "## Pricing Flag Reference"
  [L270] WEAKENED_VALUE: "can/may [verb]" in apparent value claim — assert directly or delete
        → "<TableRow>"
  [L278] WEAKENED_VALUE: "can/may [verb]" in apparent value claim — assert directly or delete
        → "<TableCell>Video</TableCell>"
  [L273] CONSISTENTLY_NO_NUMBER: "consistently" without adjacent number — add threshold or rewrite
        → "<TableCell>`0` (any price)</TableCell>"
  [L4] DESCRIPTION_TOO_LONG: Description exceeds 160-character target (211) — tighten the outcome statement
        → "Configure price caps for video and AI workloads on a Livepeer gateway. Covers maxPricePerUnit, maxPricePerCapability, Li"

⚠️   v2/gateways/guides/payments-and-pricing/pricing-configuration.mdx — 8 warning(s) (human sign-off required):

  [L80] CONDITIONAL_IF: "if" in body prose — check for conditional gatekeeping
        → "</ResponseField>"
  [L160] CONDITIONAL_IF: "if" in body prose — check for conditional gatekeeping
        → "Gateways set maximum prices they're willing to pay through configuration flags i"
  [L188] CONDITIONAL_IF: "if" in body prose — check for conditional gatekeeping
        → "```json icon="terminal""
  [L135] WEAKENED_VALUE: "can/may [verb]" in apparent value claim — assert directly or delete
        → "3. For AI workloads, sums prices of individual capability/model pairs"
  [L146] WEAKENED_VALUE: "can/may [verb]" in apparent value claim — assert directly or delete
        → ""
  [L148] WEAKENED_VALUE: "can/may [verb]" in apparent value claim — assert directly or delete
        → ""
  [L164] WEAKENED_VALUE: "can/may [verb]" in apparent value claim — assert directly or delete
        → "```bash icon="terminal""
  [L303] WEAKENED_VALUE: "can/may [verb]" in apparent value claim — assert directly or delete
        → "{"

⚠️   v2/gateways/guides/payments-and-pricing/remote-signers.mdx — 15 warning(s) (human sign-off required):

  [L106] CONDITIONAL_IF: "if" in body prose — check for conditional gatekeeping
        → ""
  [L39] NOT_CONSTRUCTION: "not [noun/verb]" — restate as positive claim
        → "- ~~Headers are concise and technical - no long headers or questions (aim for ma"
  [L139] NOT_CONSTRUCTION: "not [noun/verb]" — restate as positive claim
        → "G->>O: pay(signedTicket0)"
  [L172] NOT_CONSTRUCTION: "not [noun/verb]" — restate as positive claim
        → "## Running the Signer"
  [L177] NOT_CONSTRUCTION: "not [noun/verb]" — restate as positive claim
        → ""
  [L178] NOT_CONSTRUCTION: "not [noun/verb]" — restate as positive claim
        → "```bash icon="terminal" Signer Start"
  [L196] NOT_CONSTRUCTION: "not [noun/verb]" — restate as positive claim
        → ""
  [L208] NOT_CONSTRUCTION: "not [noun/verb]" — restate as positive claim
        → "</StyledStep>"
  [L76] WEAKENED_VALUE: "can/may [verb]" in apparent value claim — assert directly or delete
        → "A remote signer separates these concerns. The signer runs as a hardened service "
  [L88] WEAKENED_VALUE: "can/may [verb]" in apparent value claim — assert directly or delete
        → "<TableCell>Gateway compromise risks key exposure</TableCell>"
  [L174] WEAKENED_VALUE: "can/may [verb]" in apparent value claim — assert directly or delete
        → "<StyledSteps>"
  [L178] WEAKENED_VALUE: "can/may [verb]" in apparent value claim — assert directly or delete
        → "```bash icon="terminal" Signer Start"
  [L191] WEAKENED_VALUE: "can/may [verb]" in apparent value claim — assert directly or delete
        → "</Warning>"
  [L209] WEAKENED_VALUE: "can/may [verb]" in apparent value claim — assert directly or delete
        → ""
  [L4] DESCRIPTION_TOO_LONG: Description exceeds 160-character target (207) — tighten the outcome statement
        → "Run Ethereum payment signing as a separate service. Isolates the private key from the gateway process, enables keyless L"

⚠️   v2/gateways/guides/payments-and-pricing/clearinghouse-guide.mdx — 9 warning(s) (human sign-off required):

  [L165] CONDITIONAL_IF: "if" in body prose — check for conditional gatekeeping
        → "The intended developer experience is designed to abstract pain points:"
  [L145] NOT_CONSTRUCTION: "not [noun/verb]" — restate as positive claim
        → "<TableCell>Gateway operator</TableCell>"
  [L227] NOT_CONSTRUCTION: "not [noun/verb]" — restate as positive claim
        → "</TableRow>"
  [L228] NOT_CONSTRUCTION: "not [noun/verb]" — restate as positive claim
        → "<TableRow>"
  [L242] NOT_CONSTRUCTION: "not [noun/verb]" — restate as positive claim
        → "For the NaaP <Badge color="surface-destructive">Design Stage Only!</Badge> (Netw"
  [L246] NOT_CONSTRUCTION: "not [noun/verb]" — restate as positive claim
        → "## Current Status"
  [L157] WEAKENED_VALUE: "can/may [verb]" in apparent value claim — assert directly or delete
        → "Job routing and media handling remain with the Gateway operator."
  [L242] WEAKENED_VALUE: "can/may [verb]" in apparent value claim — assert directly or delete
        → "For the NaaP <Badge color="surface-destructive">Design Stage Only!</Badge> (Netw"
  [L4] DESCRIPTION_TOO_LONG: Description exceeds 160-character target (206) — tighten the outcome statement
        → "How third-party clearinghouses manage ETH custody, PM signing, and orchestrator settlement on behalf of gateway operator"

⚠️   v2/gateways/guides/monitoring-and-tooling/health-checks.mdx — 11 warning(s) (human sign-off required):

  [L100] CONDITIONAL_IF: "if" in body prose — check for conditional gatekeeping
        → "Confirms GPU availability, memory usage, and temperature. Useful for AI and Dual"
  [L116] CONDITIONAL_IF: "if" in body prose — check for conditional gatekeeping
        → "<span><Icon icon="link" size={14} /> **On-chain** only</span>"
  [L149] CONDITIONAL_IF: "if" in body prose — check for conditional gatekeeping
        → ""
  [L174] CONDITIONAL_IF: "if" in body prose — check for conditional gatekeeping
        → ""num_images_per_prompt": 1"
  [L180] CONDITIONAL_IF: "if" in body prose — check for conditional gatekeeping
        → "On-chain AI gateways using `-aiServiceRegistry` discover Orchestrators automatic"
  [L53] NOT_CONSTRUCTION: "not [noun/verb]" — restate as positive claim
        → "import { LinkArrow } from '/snippets/components/elements/links/Links.jsx'"
  [L121] NOT_CONSTRUCTION: "not [noun/verb]" — restate as positive claim
        → "3. At least one Orchestrator is reachable"
  [L124] NOT_CONSTRUCTION: "not [noun/verb]" — restate as positive claim
        → "### Check Orchestrator connectivity"
  [L174] NOT_CONSTRUCTION: "not [noun/verb]" — restate as positive claim
        → ""num_images_per_prompt": 1"
  [L189] WEAKENED_VALUE: "can/may [verb]" in apparent value claim — assert directly or delete
        → "### Verify both workload types"
  [L4] DESCRIPTION_TOO_LONG: Description exceeds 160-character target (168) — tighten the outcome statement
        → "Verify a Livepeer gateway is alive and routing jobs - health endpoints, status commands, deposit checks, and orchestrato"

⚠️   v2/gateways/guides/monitoring-and-tooling/tools-and-dashboards.mdx — 4 warning(s) (human sign-off required):

  [L125] NOT_CONSTRUCTION: "not [noun/verb]" — restate as positive claim
        → "<TableRow>"
  [L184] NOT_CONSTRUCTION: "not [noun/verb]" — restate as positive claim
        → "- **Network-wide AI view:** See which AI Orchestrators are active, what pipeline"
  [L210] NOT_CONSTRUCTION: "not [noun/verb]" — restate as positive claim
        → "livepeer_cli -host 127.0.0.1 -http 5935"
  [L125] WEAKENED_VALUE: "can/may [verb]" in apparent value claim — assert directly or delete
        → "<TableRow>"

⚠️   v2/gateways/guides/monitoring-and-tooling/monitoring-setup.mdx — 6 warning(s) (human sign-off required):

  [L115] CONDITIONAL_IF: "if" in body prose — check for conditional gatekeeping
        → ""
  [L42] NOT_CONSTRUCTION: "not [noun/verb]" — restate as positive claim
        → "- ~~REVIEW flags are in JSX flags for a human.~~"
  [L47] NOT_CONSTRUCTION: "not [noun/verb]" — restate as positive claim
        → "- Broken link gateway-health-checks → health-checks"
  [L115] NOT_CONSTRUCTION: "not [noun/verb]" — restate as positive claim
        → ""
  [L243] NOT_CONSTRUCTION: "not [noun/verb]" — restate as positive claim
        → "</TableRow>"
  [L4] DESCRIPTION_TOO_LONG: Description exceeds 160-character target (192) — tighten the outcome statement
        → "Configure Prometheus and Grafana for a Livepeer gateway - enable metrics, set up scraping, key metrics by workload type,"

⚠️   v2/gateways/guides/monitoring-and-tooling/on-chain-metrics.mdx — 17 warning(s) (human sign-off required):

  [L218] CONDITIONAL_IF: "if" in body prose — check for conditional gatekeeping
        → "</Tip>"
  [L222] CONDITIONAL_IF: "if" in body prose — check for conditional gatekeeping
        → ""
  [L231] CONDITIONAL_IF: "if" in body prose — check for conditional gatekeeping
        → "The response is in wei. Convert to Gwei (divide by 1e9) for a human-readable fig"
  [L234] CONDITIONAL_IF: "if" in body prose — check for conditional gatekeeping
        → ""
  [L40] NOT_CONSTRUCTION: "not [noun/verb]" — restate as positive claim
        → "- UK spelling is used"
  [L174] NOT_CONSTRUCTION: "not [noun/verb]" — restate as positive claim
        → "Prometheus shows the deposit via `livepeer_gateway_deposit`, but the [TicketBrok"
  [L231] NOT_CONSTRUCTION: "not [noun/verb]" — restate as positive claim
        → "The response is in wei. Convert to Gwei (divide by 1e9) for a human-readable fig"
  [L40] WEAKENED_VALUE: "can/may [verb]" in apparent value claim — assert directly or delete
        → "- UK spelling is used"
  [L57] WEAKENED_VALUE: "can/may [verb]" in apparent value claim — assert directly or delete
        → "import { StyledTable, TableRow, TableCell } from '/snippets/components/displays/"
  [L151] WEAKENED_VALUE: "can/may [verb]" in apparent value claim — assert directly or delete
        → "<TableCell>Withdrawal after unlock expires</TableCell>"
  [L177] WEAKENED_VALUE: "can/may [verb]" in apparent value claim — assert directly or delete
        → ""
  [L178] WEAKENED_VALUE: "can/may [verb]" in apparent value claim — assert directly or delete
        → "```bash icon="terminal" CLI: Get Node Status"
  [L190] WEAKENED_VALUE: "can/may [verb]" in apparent value claim — assert directly or delete
        → "# Encode call to getSenderInfo(<gateway_address>)"
  [L212] WEAKENED_VALUE: "can/may [verb]" in apparent value claim — assert directly or delete
        → ""
  [L228] WEAKENED_VALUE: "can/may [verb]" in apparent value claim — assert directly or delete
        → "-d '{"jsonrpc":"2.0","method":"eth_gasPrice","params":[],"id":1}'"
  [L234] WEAKENED_VALUE: "can/may [verb]" in apparent value claim — assert directly or delete
        → ""
  [L4] DESCRIPTION_TOO_LONG: Description exceeds 160-character target (182) — tighten the outcome statement
        → "Monitor on-chain Gateway activity - TicketBroker contract events, Arbiscan watchlists, deposit and reserve verification,"

⚠️   v2/gateways/guides/monitoring-and-tooling/troubleshooting.mdx — 54 warning(s) (human sign-off required):

  [L56] CONDITIONAL_IF: "if" in body prose — check for conditional gatekeeping
        → ""
  [L60] CONDITIONAL_IF: "if" in body prose — check for conditional gatekeeping
        → ""
  [L65] CONDITIONAL_IF: "if" in body prose — check for conditional gatekeeping
        → "## Video Issues"
  [L69] CONDITIONAL_IF: "if" in body prose — check for conditional gatekeeping
        → "<Accordion title="Gateway running but not receiving transcoding jobs" icon="circ"
  [L125] CONDITIONAL_IF: "if" in body prose — check for conditional gatekeeping
        → "</TableRow>"
  [L136] CONDITIONAL_IF: "if" in body prose — check for conditional gatekeeping
        → "<TableCell>Switch to `https://arb1.arbitrum.io/rpc` as fallback</TableCell>"
  [L137] CONDITIONAL_IF: "if" in body prose — check for conditional gatekeeping
        → "</TableRow>"
  [L148] CONDITIONAL_IF: "if" in body prose — check for conditional gatekeeping
        → "-ethUrl https://<new-rpc-endpoint>"
  [L151] CONDITIONAL_IF: "if" in body prose — check for conditional gatekeeping
        → ""
  [L152] CONDITIONAL_IF: "if" in body prose — check for conditional gatekeeping
        → "<Accordion title="ETH deposit shows zero after bridging" icon="coins">"
  [L159] CONDITIONAL_IF: "if" in body prose — check for conditional gatekeeping
        → "# Enter reserve amount (e.g. 0.03 ETH)"
  [L189] CONDITIONAL_IF: "if" in body prose — check for conditional gatekeeping
        → ""
  [L240] CONDITIONAL_IF: "if" in body prose — check for conditional gatekeeping
        → ""
  [L269] CONDITIONAL_IF: "if" in body prose — check for conditional gatekeeping
        → "3. **Model ID mismatch** - the model ID string in the request must exactly match"
  [L308] CONDITIONAL_IF: "if" in body prose — check for conditional gatekeeping
        → ""
  [L332] CONDITIONAL_IF: "if" in body prose — check for conditional gatekeeping
        → "<TableCell>CLI API</TableCell>"
  [L336] CONDITIONAL_IF: "if" in body prose — check for conditional gatekeeping
        → "</StyledTable>"
  [L373] CONDITIONAL_IF: "if" in body prose — check for conditional gatekeeping
        → "**Change the port instead:**"
  [L436] CONDITIONAL_IF: "if" in body prose — check for conditional gatekeeping
        → "If the password to the keystore is lost, it cannot be recovered. Create a new wa"
  [L449] CONDITIONAL_IF: "if" in body prose — check for conditional gatekeeping
        → "1. **ETH password file not mounted or wrong path inside container:**"
  [L466] CONDITIONAL_IF: "if" in body prose — check for conditional gatekeeping
        → "On-chain Gateways require at minimum: `-network`, `-ethUrl`, `-ethKeystorePath`,"
  [L47] NOT_CONSTRUCTION: "not [noun/verb]" — restate as positive claim
        → "- Port 8937 → 8935 throughout"
  [L65] NOT_CONSTRUCTION: "not [noun/verb]" — restate as positive claim
        → "## Video Issues"
  [L100] NOT_CONSTRUCTION: "not [noun/verb]" — restate as positive claim
        → ""
  [L111] NOT_CONSTRUCTION: "not [noun/verb]" — restate as positive claim
        → "-d '{"jsonrpc":"2.0","method":"eth_blockNumber","params":[],"id":1}'"
  [L125] NOT_CONSTRUCTION: "not [noun/verb]" — restate as positive claim
        → "</TableRow>"
  [L133] NOT_CONSTRUCTION: "not [noun/verb]" — restate as positive claim
        → "</TableRow>"
  [L136] NOT_CONSTRUCTION: "not [noun/verb]" — restate as positive claim
        → "<TableCell>Switch to `https://arb1.arbitrum.io/rpc` as fallback</TableCell>"
  [L146] NOT_CONSTRUCTION: "not [noun/verb]" — restate as positive claim
        → "Update the startup command:"
  [L172] NOT_CONSTRUCTION: "not [noun/verb]" — restate as positive claim
        → "This error means the Gateway sent a payment ticket with parameters that had expi"
  [L173] NOT_CONSTRUCTION: "not [noun/verb]" — restate as positive claim
        → ""
  [L183] NOT_CONSTRUCTION: "not [noun/verb]" — restate as positive claim
        → "<Accordion title="Transcode session timed out or job lost" icon="hourglass-end">"
  [L189] NOT_CONSTRUCTION: "not [noun/verb]" — restate as positive claim
        → ""
  [L203] NOT_CONSTRUCTION: "not [noun/verb]" — restate as positive claim
        → ""
  [L204] NOT_CONSTRUCTION: "not [noun/verb]" — restate as positive claim
        → "<Accordion title="Gateway calling reward function unexpectedly" icon="gas-pump">"
  [L244] NOT_CONSTRUCTION: "not [noun/verb]" — restate as positive claim
        → "<Accordion title="AI Gateway starts but not receiving jobs" icon="circle-xmark">"
  [L296] NOT_CONSTRUCTION: "not [noun/verb]" — restate as positive claim
        → "- GPU memory at or near 100% in `/hardware/stats`"
  [L300] NOT_CONSTRUCTION: "not [noun/verb]" — restate as positive claim
        → "# Watch GPU stats every 10 seconds"
  [L302] NOT_CONSTRUCTION: "not [noun/verb]" — restate as positive claim
        → "```"
  [L311] NOT_CONSTRUCTION: "not [noun/verb]" — restate as positive claim
        → ""
  [L347] NOT_CONSTRUCTION: "not [noun/verb]" — restate as positive claim
        → "</Accordion>"
  [L348] NOT_CONSTRUCTION: "not [noun/verb]" — restate as positive claim
        → ""
  [L371] NOT_CONSTRUCTION: "not [noun/verb]" — restate as positive claim
        → "```"
  [L421] NOT_CONSTRUCTION: "not [noun/verb]" — restate as positive claim
        → "cat -A /path/to/eth-password.txt"
  [L424] NOT_CONSTRUCTION: "not [noun/verb]" — restate as positive claim
        → ""
  [L466] NOT_CONSTRUCTION: "not [noun/verb]" — restate as positive claim
        → "On-chain Gateways require at minimum: `-network`, `-ethUrl`, `-ethKeystorePath`,"
  [L125] WEAKENED_VALUE: "can/may [verb]" in apparent value claim — assert directly or delete
        → "</TableRow>"
  [L136] WEAKENED_VALUE: "can/may [verb]" in apparent value claim — assert directly or delete
        → "<TableCell>Switch to `https://arb1.arbitrum.io/rpc` as fallback</TableCell>"
  [L151] WEAKENED_VALUE: "can/may [verb]" in apparent value claim — assert directly or delete
        → ""
  [L159] WEAKENED_VALUE: "can/may [verb]" in apparent value claim — assert directly or delete
        → "# Enter reserve amount (e.g. 0.03 ETH)"
  [L203] WEAKENED_VALUE: "can/may [verb]" in apparent value claim — assert directly or delete
        → ""
  [L355] WEAKENED_VALUE: "can/may [verb]" in apparent value claim — assert directly or delete
        → "<AccordionGroup>"
  [L159] CONSISTENTLY_NO_NUMBER: "consistently" without adjacent number — add threshold or rewrite
        → "# Enter reserve amount (e.g. 0.03 ETH)"
  [L4] DESCRIPTION_TOO_LONG: Description exceeds 160-character target (178) — tighten the outcome statement
        → "Fix common Livepeer Gateway errors - organised by symptom for Video, AI, and Dual Gateways. Port conflicts, RPC failures"

⚠️   v2/gateways/guides/advanced-operations/orchestrator-selection.mdx — 14 warning(s) (human sign-off required):

  [L218] CONDITIONAL_IF: "if" in body prose — check for conditional gatekeeping
        → "<Tab title="Blocklisting" icon="circle-xmark">"
  [L223] CONDITIONAL_IF: "if" in body prose — check for conditional gatekeeping
        → "```bash icon="terminal" -orchBlocklist"
  [L227] CONDITIONAL_IF: "if" in body prose — check for conditional gatekeeping
        → "Blocklisted Orchestrators are excluded from all selection regardless of price or"
  [L245] CONDITIONAL_IF: "if" in body prose — check for conditional gatekeeping
        → "-maxPricePerUnit 5000         # Higher cap = access to better Orchestrators"
  [L105] NOT_CONSTRUCTION: "not [noun/verb]" — restate as positive claim
        → "<TableCell>Controls how much small price differences matter</TableCell>"
  [L110] NOT_CONSTRUCTION: "not [noun/verb]" — restate as positive claim
        → ""
  [L143] NOT_CONSTRUCTION: "not [noun/verb]" — restate as positive claim
        → "<TableCell>AI model / pipeline</TableCell>"
  [L187] NOT_CONSTRUCTION: "not [noun/verb]" — restate as positive claim
        → "- [tools.livepeer.cloud](https://tools.livepeer.cloud) - community tool suite wi"
  [L197] NOT_CONSTRUCTION: "not [noun/verb]" — restate as positive claim
        → "```"
  [L147] WEAKENED_VALUE: "can/may [verb]" in apparent value claim — assert directly or delete
        → "</TableRow>"
  [L164] WEAKENED_VALUE: "can/may [verb]" in apparent value claim — assert directly or delete
        → "<TableCell>Optional</TableCell>"
  [L170] WEAKENED_VALUE: "can/may [verb]" in apparent value claim — assert directly or delete
        → "## Orchestrator Settings"
  [L218] WEAKENED_VALUE: "can/may [verb]" in apparent value claim — assert directly or delete
        → "<Tab title="Blocklisting" icon="circle-xmark">"
  [L193] CONSISTENTLY_NO_NUMBER: "consistently" without adjacent number — add threshold or rewrite
        → "For video Gateways and on-chain AI Gateways that draw from the full network, use"

⚠️   v2/gateways/guides/advanced-operations/scaling.mdx — 12 warning(s) (human sign-off required):

  [L40] CONDITIONAL_IF: "if" in body prose — check for conditional gatekeeping
        → "- ~~REVIEW flags are in JSX flags for a human.~~"
  [L64] CONDITIONAL_IF: "if" in body prose — check for conditional gatekeeping
        → "<CustomDivider style={{margin: "-1rem 0 -1rem 0"}} />"
  [L102] CONDITIONAL_IF: "if" in body prose — check for conditional gatekeeping
        → "### Session Limits"
  [L122] CONDITIONAL_IF: "if" in body prose — check for conditional gatekeeping
        → "for i in {1..20}; do"
  [L111] NOT_CONSTRUCTION: "not [noun/verb]" — restate as positive claim
        → "</StyledStep>"
  [L102] WEAKENED_VALUE: "can/may [verb]" in apparent value claim — assert directly or delete
        → "### Session Limits"
  [L111] WEAKENED_VALUE: "can/may [verb]" in apparent value claim — assert directly or delete
        → "</StyledStep>"
  [L150] WEAKENED_VALUE: "can/may [verb]" in apparent value claim — assert directly or delete
        → "### GPU Management"
  [L180] WEAKENED_VALUE: "can/may [verb]" in apparent value claim — assert directly or delete
        → "<TableCell header>Split onto separate nodes</TableCell>"
  [L194] WEAKENED_VALUE: "can/may [verb]" in apparent value claim — assert directly or delete
        → "<TableCell>Model fits with transcoding headroom</TableCell>"
  [L199] WEAKENED_VALUE: "can/may [verb]" in apparent value claim — assert directly or delete
        → "<TableCell>Prefer simplicity</TableCell>"
  [L4] DESCRIPTION_TOO_LONG: Description exceeds 160-character target (170) — tighten the outcome statement
        → "Scale a Livepeer Gateway - session limit benchmarking, GPU resource management, when to split video and AI workloads ont"

⚠️   v2/gateways/guides/advanced-operations/gateway-middleware.mdx — 6 warning(s) (human sign-off required):

  [L44] NOT_CONSTRUCTION: "not [noun/verb]" — restate as positive claim
        → "- Markdown tables → StyledTable"
  [L182] NOT_CONSTRUCTION: "not [noun/verb]" — restate as positive claim
        → "proxy_set_header X-Original-URI $request_uri;"
  [L227] NOT_CONSTRUCTION: "not [noun/verb]" — restate as positive claim
        → "image: livepeer/go-livepeer:master"
  [L267] NOT_CONSTRUCTION: "not [noun/verb]" — restate as positive claim
        → ""
  [L124] WEAKENED_VALUE: "can/may [verb]" in apparent value claim — assert directly or delete
        → "<TableRow>"
  [L171] WEAKENED_VALUE: "can/may [verb]" in apparent value claim — assert directly or delete
        → "server_name ai-gateway.yourdomain.com;"

⚠️   v2/gateways/guides/advanced-operations/gateway-discoverability.mdx — 12 warning(s) (human sign-off required):

  [L103] CONDITIONAL_IF: "if" in body prose — check for conditional gatekeeping
        → ""
  [L164] CONDITIONAL_IF: "if" in body prose — check for conditional gatekeeping
        → "For developers building applications, the most common path is direct integration"
  [L35] NOT_CONSTRUCTION: "not [noun/verb]" — restate as positive claim
        → "- ~~Headers are concise and technical~~"
  [L100] NOT_CONSTRUCTION: "not [noun/verb]" — restate as positive claim
        → "<CustomDivider style={{margin: "-1rem 0 -2rem 0"}} />"
  [L150] NOT_CONSTRUCTION: "not [noun/verb]" — restate as positive claim
        → "- Pricing and any access requirements"
  [L152] NOT_CONSTRUCTION: "not [noun/verb]" — restate as positive claim
        → ""
  [L156] NOT_CONSTRUCTION: "not [noun/verb]" — restate as positive claim
        → "[tools.livepeer.cloud](https://tools.livepeer.cloud) is a community-maintained d"
  [L203] NOT_CONSTRUCTION: "not [noun/verb]" — restate as positive claim
        → "<Tab title="AI Registry" icon="brain">"
  [L35] WEAKENED_VALUE: "can/may [verb]" in apparent value claim — assert directly or delete
        → "- ~~Headers are concise and technical~~"
  [L42] WEAKENED_VALUE: "can/may [verb]" in apparent value claim — assert directly or delete
        → "- "What is planned" section labelled as speculative per SKILL.md"
  [L162] WEAKENED_VALUE: "can/may [verb]" in apparent value claim — assert directly or delete
        → "</Tab>"
  [L166] WEAKENED_VALUE: "can/may [verb]" in apparent value claim — assert directly or delete
        → "- A clear API reference (the Gateway endpoint + the standard <LinkArrow href="/v"

⚠️   v2/gateways/guides/roadmap-and-funding/operator-support.mdx — 3 warning(s) (human sign-off required):

  [L145] CONDITIONAL_IF: "if" in body prose — check for conditional gatekeeping
        → "</Accordion>"
  [L100] NOT_CONSTRUCTION: "not [noun/verb]" — restate as positive claim
        → "The Livepeer Foundation runs a programme for startups and teams building AI-powe"
  [L4] DESCRIPTION_TOO_LONG: Description exceeds 160-character target (164) — tighten the outcome statement
        → "Funding and support programmes for Livepeer Gateway operators - SPE grants, AI Video Startup Programme, community resour"

⚠️   v2/gateways/guides/roadmap-and-funding/spe-grant-model.mdx — 13 warning(s) (human sign-off required):

  [L52] CONDITIONAL_IF: "if" in body prose — check for conditional gatekeeping
        → "SECTION HOME: Guides → Opportunities"
  [L108] CONDITIONAL_IF: "if" in body prose — check for conditional gatekeeping
        → "<TableRow>"
  [L141] CONDITIONAL_IF: "if" in body prose — check for conditional gatekeeping
        → ""
  [L52] NOT_CONSTRUCTION: "not [noun/verb]" — restate as positive claim
        → "SECTION HOME: Guides → Opportunities"
  [L90] NOT_CONSTRUCTION: "not [noun/verb]" — restate as positive claim
        → ""
  [L106] NOT_CONSTRUCTION: "not [noun/verb]" — restate as positive claim
        → "</thead>"
  [L108] NOT_CONSTRUCTION: "not [noun/verb]" — restate as positive claim
        → "<TableRow>"
  [L113] NOT_CONSTRUCTION: "not [noun/verb]" — restate as positive claim
        → "<TableRow>"
  [L116] NOT_CONSTRUCTION: "not [noun/verb]" — restate as positive claim
        → "<TableCell>A specialised AI gateway routing LLM workloads to GPU operators on th"
  [L137] NOT_CONSTRUCTION: "not [noun/verb]" — restate as positive claim
        → ""
  [L167] NOT_CONSTRUCTION: "not [noun/verb]" — restate as positive claim
        → "<Steps>"
  [L183] NOT_CONSTRUCTION: "not [noun/verb]" — restate as positive claim
        → "</Step>"
  [L4] DESCRIPTION_TOO_LONG: Description exceeds 160-character target (170) — tighten the outcome statement
        → "How Gateway operators access Livepeer treasury funding through the Special Purpose Entity (SPE) grant model - what SPEs "

⚠️   v2/gateways/guides/roadmap-and-funding/naap-multi-tenancy.mdx — 8 warning(s) (human sign-off required):

  [L161] CONDITIONAL_IF: "if" in body prose — check for conditional gatekeeping
        → "</Warning>"
  [L48] NOT_CONSTRUCTION: "not [noun/verb]" — restate as positive claim
        → "Journey step: "How do I build a multi-tenant platform?""
  [L107] NOT_CONSTRUCTION: "not [noun/verb]" — restate as positive claim
        → "│  job + payment ticket"
  [L126] NOT_CONSTRUCTION: "not [noun/verb]" — restate as positive claim
        → "<TableCell header>Currency</TableCell>"
  [L161] NOT_CONSTRUCTION: "not [noun/verb]" — restate as positive claim
        → "</Warning>"
  [L55] WEAKENED_VALUE: "can/may [verb]" in apparent value claim — assert directly or delete
        → "JOURNEY POSITION:"
  [L131] WEAKENED_VALUE: "can/may [verb]" in apparent value claim — assert directly or delete
        → "<TableRow>"
  [L4] DESCRIPTION_TOO_LONG: Description exceeds 160-character target (169) — tighten the outcome statement
        → "Network-as-a-Platform model - multi-tenant Gateway architecture, API key management, billing integration, tenant isolati"

⚠️   v2/gateways/guides/roadmap-and-funding/gateway-showcase.mdx — 8 warning(s) (human sign-off required):

  [L168] CONDITIONAL_IF: "if" in body prose — check for conditional gatekeeping
        → ""
  [L208] CONDITIONAL_IF: "if" in body prose — check for conditional gatekeeping
        → ""
  [L103] NOT_CONSTRUCTION: "not [noun/verb]" — restate as positive claim
        → ""
  [L124] NOT_CONSTRUCTION: "not [noun/verb]" — restate as positive claim
        → ""
  [L126] WEAKENED_VALUE: "can/may [verb]" in apparent value claim — assert directly or delete
        → ""
  [L139] WEAKENED_VALUE: "can/may [verb]" in apparent value claim — assert directly or delete
        → "**What it is:** An in-development clearinghouse reference implementation. NaaP ("
  [L151] WEAKENED_VALUE: "can/may [verb]" in apparent value claim — assert directly or delete
        → ""
  [L153] WEAKENED_VALUE: "can/may [verb]" in apparent value claim — assert directly or delete
        → ""

⚠️   v2/gateways/guides/tutorials/tutorial-1-offchain-transcoding-test.mdx — 7 warning(s) (human sign-off required):

  [L76] CONDITIONAL_IF: "if" in body prose — check for conditional gatekeeping
        → "<Tip>"
  [L223] CONDITIONAL_IF: "if" in body prose — check for conditional gatekeeping
        → "<TableCell>HTTP output port - where the HLS playlist is pulled</TableCell>"
  [L257] CONDITIONAL_IF: "if" in body prose — check for conditional gatekeeping
        → "-c:v libx264 \"
  [L253] NOT_CONSTRUCTION: "not [noun/verb]" — restate as positive claim
        → "```bash icon="terminal" Test Pattern Stream"
  [L261] NOT_CONSTRUCTION: "not [noun/verb]" — restate as positive claim
        → "```"
  [L193] WEAKENED_VALUE: "can/may [verb]" in apparent value claim — assert directly or delete
        → "-httpAddr 127.0.0.1:8935 \"
  [L199] WEAKENED_VALUE: "can/may [verb]" in apparent value claim — assert directly or delete
        → ""

⚠️   v2/gateways/guides/tutorials/tutorial-2-byoc-cpu-pipeline.mdx — 11 warning(s) (human sign-off required):

  [L35] CONDITIONAL_IF: "if" in body prose — check for conditional gatekeeping
        → "REVIEW:"
  [L253] CONDITIONAL_IF: "if" in body prose — check for conditional gatekeeping
        → ""
  [L35] NOT_CONSTRUCTION: "not [noun/verb]" — restate as positive claim
        → "REVIEW:"
  [L54] NOT_CONSTRUCTION: "not [noun/verb]" — restate as positive claim
        → ""
  [L147] NOT_CONSTRUCTION: "not [noun/verb]" — restate as positive claim
        → "green_tint_processor.py - BYOC CPU pipeline for Livepeer"
  [L236] NOT_CONSTRUCTION: "not [noun/verb]" — restate as positive claim
        → ""
  [L246] NOT_CONSTRUCTION: "not [noun/verb]" — restate as positive claim
        → "docker images | grep byoc-green-tint"
  [L253] NOT_CONSTRUCTION: "not [noun/verb]" — restate as positive claim
        → ""
  [L104] WEAKENED_VALUE: "can/may [verb]" in apparent value claim — assert directly or delete
        → "# Transform frame and return result"
  [L237] WEAKENED_VALUE: "can/may [verb]" in apparent value claim — assert directly or delete
        → "### Build"
  [L262] WEAKENED_VALUE: "can/may [verb]" in apparent value claim — assert directly or delete
        → ""

⚠️   v2/gateways/guides/tutorials/tutorial-3-go-production.mdx — 26 warning(s) (human sign-off required):

  [L70] CONDITIONAL_IF: "if" in body prose — check for conditional gatekeeping
        → ""
  [L104] CONDITIONAL_IF: "if" in body prose — check for conditional gatekeeping
        → "| **Total** | **~0.1 ETH** | Safe starting amount |"
  [L136] CONDITIONAL_IF: "if" in body prose — check for conditional gatekeeping
        → "# Save the private key and address securely - treat this like a server key"
  [L137] CONDITIONAL_IF: "if" in body prose — check for conditional gatekeeping
        → "```"
  [L175] CONDITIONAL_IF: "if" in body prose — check for conditional gatekeeping
        → "Replace `-network offchain` with your Arbitrum RPC:"
  [L207] CONDITIONAL_IF: "if" in body prose — check for conditional gatekeeping
        → ""
  [L232] CONDITIONAL_IF: "if" in body prose — check for conditional gatekeeping
        → "### 2.2 - Enable GPU on the orchestrator"
  [L239] CONDITIONAL_IF: "if" in body prose — check for conditional gatekeeping
        → "-network offchain \          # or arbitrum-one for production"
  [L284] CONDITIONAL_IF: "if" in body prose — check for conditional gatekeeping
        → "--network host \"
  [L310] CONDITIONAL_IF: "if" in body prose — check for conditional gatekeeping
        → "./livepeer \"
  [L322] CONDITIONAL_IF: "if" in body prose — check for conditional gatekeeping
        → ""
  [L349] CONDITIONAL_IF: "if" in body prose — check for conditional gatekeeping
        → "```"
  [L353] CONDITIONAL_IF: "if" in body prose — check for conditional gatekeeping
        → "**Option C - Remote signer discovery (recommended for AI gateways):**"
  [L70] NOT_CONSTRUCTION: "not [noun/verb]" — restate as positive claim
        → ""
  [L87] NOT_CONSTRUCTION: "not [noun/verb]" — restate as positive claim
        → "### What this gives you"
  [L169] NOT_CONSTRUCTION: "not [noun/verb]" — restate as positive claim
        → "<Tip>"
  [L175] NOT_CONSTRUCTION: "not [noun/verb]" — restate as positive claim
        → "Replace `-network offchain` with your Arbitrum RPC:"
  [L239] NOT_CONSTRUCTION: "not [noun/verb]" — restate as positive claim
        → "-network offchain \          # or arbitrum-one for production"
  [L284] NOT_CONSTRUCTION: "not [noun/verb]" — restate as positive claim
        → "--network host \"
  [L343] NOT_CONSTRUCTION: "not [noun/verb]" — restate as positive claim
        → ""
  [L346] NOT_CONSTRUCTION: "not [noun/verb]" — restate as positive claim
        → "Some orchestrators publish a webhook-format discovery endpoint. Point your gatew"
  [L80] WEAKENED_VALUE: "can/may [verb]" in apparent value claim — assert directly or delete
        → "If you are running an AI gateway (BYOC, LV2V, inference workloads), **Upgrade 1 "
  [L81] WEAKENED_VALUE: "can/may [verb]" in apparent value claim — assert directly or delete
        → "</Tip>"
  [L137] WEAKENED_VALUE: "can/may [verb]" in apparent value claim — assert directly or delete
        → "```"
  [L143] WEAKENED_VALUE: "can/may [verb]" in apparent value claim — assert directly or delete
        → "### 1.3 - Deposit PM funds on-chain"
  [L227] WEAKENED_VALUE: "can/may [verb]" in apparent value claim — assert directly or delete
        → ""

❌  v2/gateways/resources/glossary.mdx — 13 BLOCKING error(s):

  [L102] BANNED_PHRASE: "rather than" — see banned phrases list
        → "{ Term: "HTTP Ingest", Category: "video", Niche: "processing", Definition: "Rece"
  [L105] BANNED_PHRASE: "rather than" — see banned phrases list
        → "{ Term: "Interval-Based Payment", Category: "economic", Niche: "payment", Defini"
  [L116] BANNED_PHRASE: "rather than" — see banned phrases list
        → "{ Term: "Off-Chain Gateway", Category: "livepeer", Niche: "deployment", Definiti"
  [L123] BANNED_PHRASE: "rather than" — see banned phrases list
        → "{ Term: "Per-Request Pricing", Category: "economic", Niche: "pricing", Definitio"
  [L136] BANNED_PHRASE: "rather than" — see banned phrases list
        → "{ Term: "Self-Hosted", Category: "technical", Niche: "deployment", Definition: ""
  [L250] BANNED_PHRASE: "rather than" — see banned phrases list
        → "**Context**: Gateway-as-a-service offerings (for example, Livepeer Studio, Livep"
  [L332] BANNED_PHRASE: "rather than" — see banned phrases list
        → "**Definition**: A gateway node that operates without blockchain integration, usi"
  [L468] BANNED_PHRASE: "rather than" — see banned phrases list
        → "**Definition**: A compensation model where payment tickets are sent at regular t"
  [L510] BANNED_PHRASE: "rather than" — see banned phrases list
        → "**Definition**: A cost model charging per individual AI inference request rather"
  [L640] BANNED_PHRASE: "rather than" — see banned phrases list
        → "**Definition**: Receiving a live video stream via HTTP push (rather than RTMP) f"
  [L934] BANNED_PHRASE: "rather than" — see banned phrases list
        → "**Definition**: A deployment model in which the operator runs their own infrastr"
  [L147] BANNED_WORD: "real" — delete or restate directly
        → "{ Term: "Webhook", Category: "technical", Niche: "dev", Definition: "An HTTP cal"
  [L854] BANNED_WORD: "real" — delete or restate directly
        → "**Definition**: An HTTP callback that sends a POST request to a configured URL w"

⚠️   v2/gateways/resources/glossary.mdx — 22 warning(s) (human sign-off required):

  [L123] CONDITIONAL_IF: "if" in body prose — check for conditional gatekeeping
        → "{ Term: "Per-Request Pricing", Category: "economic", Niche: "pricing", Definitio"
  [L451] CONDITIONAL_IF: "if" in body prose — check for conditional gatekeeping
        → ""
  [L531] CONDITIONAL_IF: "if" in body prose — check for conditional gatekeeping
        → ""
  [L533] CONDITIONAL_IF: "if" in body prose — check for conditional gatekeeping
        → ""
  [L114] NOT_CONSTRUCTION: "not [noun/verb]" — restate as positive claim
        → "{ Term: "Model", Category: "ai", Niche: "concept", Definition: "A mathematical s"
  [L221] NOT_CONSTRUCTION: "not [noun/verb]" — restate as positive claim
        → ""
  [L231] NOT_CONSTRUCTION: "not [noun/verb]" — restate as positive claim
        → ""
  [L281] NOT_CONSTRUCTION: "not [noun/verb]" — restate as positive claim
        → ""
  [L501] NOT_CONSTRUCTION: "not [noun/verb]" — restate as positive claim
        → ""
  [L807] NOT_CONSTRUCTION: "not [noun/verb]" — restate as positive claim
        → ""
  [L71] WEAKENED_VALUE: "can/may [verb]" in apparent value claim — assert directly or delete
        → "categoryBadges={glossaryBadges}"
  [L75] WEAKENED_VALUE: "can/may [verb]" in apparent value claim — assert directly or delete
        → "{ Term: "Arbitrage", Category: "economic", Niche: "pricing", Definition: "Exploi"
  [L127] WEAKENED_VALUE: "can/may [verb]" in apparent value claim — assert directly or delete
        → "{ Term: "Protocol Layer", Category: "livepeer", Niche: "protocol", Definition: ""
  [L129] WEAKENED_VALUE: "can/may [verb]" in apparent value claim — assert directly or delete
        → "{ Term: "Redemption", Category: "economic", Niche: "payment", Definition: "The o"
  [L187] WEAKENED_VALUE: "can/may [verb]" in apparent value claim — assert directly or delete
        → ""
  [L231] WEAKENED_VALUE: "can/may [verb]" in apparent value claim — assert directly or delete
        → ""
  [L303] WEAKENED_VALUE: "can/may [verb]" in apparent value claim — assert directly or delete
        → ""
  [L345] WEAKENED_VALUE: "can/may [verb]" in apparent value claim — assert directly or delete
        → ""
  [L393] WEAKENED_VALUE: "can/may [verb]" in apparent value claim — assert directly or delete
        → ""
  [L699] WEAKENED_VALUE: "can/may [verb]" in apparent value claim — assert directly or delete
        → "</Accordion>"
  [L827] WEAKENED_VALUE: "can/may [verb]" in apparent value claim — assert directly or delete
        → ""
  [L925] WEAKENED_VALUE: "can/may [verb]" in apparent value claim — assert directly or delete
        → ""

⚠️   v2/gateways/resources/reference/faq.mdx — 21 warning(s) (human sign-off required):

  [L35] CONDITIONAL_IF: "if" in body prose — check for conditional gatekeeping
        → "Verify:"
  [L67] CONDITIONAL_IF: "if" in body prose — check for conditional gatekeeping
        → "It depends on your gateway type:"
  [L85] CONDITIONAL_IF: "if" in body prose — check for conditional gatekeeping
        → "./livepeer -gateway [flags] 2>&1 | tee livepeer.log"
  [L86] CONDITIONAL_IF: "if" in body prose — check for conditional gatekeeping
        → "```"
  [L89] CONDITIONAL_IF: "if" in body prose — check for conditional gatekeeping
        → ""
  [L116] CONDITIONAL_IF: "if" in body prose — check for conditional gatekeeping
        → ""
  [L118] CONDITIONAL_IF: "if" in body prose — check for conditional gatekeeping
        → ""
  [L128] CONDITIONAL_IF: "if" in body prose — check for conditional gatekeeping
        → "| `-maxPricePerUnit` | `300` | Maximum 300 wei per pixel |"
  [L186] CONDITIONAL_IF: "if" in body prose — check for conditional gatekeeping
        → "## AI Gateway"
  [L50] NOT_CONSTRUCTION: "not [noun/verb]" — restate as positive claim
        → "<Accordion title="I see commands using -broadcaster but my docs say -gateway. Wh"
  [L65] NOT_CONSTRUCTION: "not [noun/verb]" — restate as positive claim
        → ""
  [L107] NOT_CONSTRUCTION: "not [noun/verb]" — restate as positive claim
        → "<Accordion title="Is there a marketplace showing all gateway offerings?">"
  [L109] NOT_CONSTRUCTION: "not [noun/verb]" — restate as positive claim
        → ""
  [L142] NOT_CONSTRUCTION: "not [noun/verb]" — restate as positive claim
        → ""
  [L166] NOT_CONSTRUCTION: "not [noun/verb]" — restate as positive claim
        → "livepeer_cli -host 127.0.0.1 -http 5935"
  [L178] NOT_CONSTRUCTION: "not [noun/verb]" — restate as positive claim
        → ""
  [L82] WEAKENED_VALUE: "can/may [verb]" in apparent value claim — assert directly or delete
        → "By default, `livepeer` sends logs only to stdout. Pipe to both stdout and a file"
  [L128] WEAKENED_VALUE: "can/may [verb]" in apparent value claim — assert directly or delete
        → "| `-maxPricePerUnit` | `300` | Maximum 300 wei per pixel |"
  [L152] WEAKENED_VALUE: "can/may [verb]" in apparent value claim — assert directly or delete
        → "docker exec -it <container_name> livepeer_cli -host <container_hostname> -http 5"
  [L209] WEAKENED_VALUE: "can/may [verb]" in apparent value claim — assert directly or delete
        → ""
  [L4] DESCRIPTION_TOO_LONG: Description exceeds 160-character target (175) — tighten the outcome statement
        → "Frequently asked questions for Livepeer gateway operators - the -broadcaster rename, ETH requirements, AI limitations, p"

⚠️   v2/gateways/resources/deployment-terms.mdx — 6 warning(s) (human sign-off required):

  [L140] NOT_CONSTRUCTION: "not [noun/verb]" — restate as positive claim
        → "<TableCell>Build a gateway client in Python, browser, mobile, or embedded system"
  [L193] NOT_CONSTRUCTION: "not [noun/verb]" — restate as positive claim
        → "<AccordionGroup>"
  [L229] NOT_CONSTRUCTION: "not [noun/verb]" — restate as positive claim
        → "## Operational Mode Asymmetry: Gateways vs Orchestrators"
  [L37] WEAKENED_VALUE: "can/may [verb]" in apparent value claim — assert directly or delete
        → "import { CustomDivider } from "/snippets/components/elements/spacing/Divider.jsx"
  [L110] WEAKENED_VALUE: "can/may [verb]" in apparent value claim — assert directly or delete
        → "</TableRow>"
  [L211] WEAKENED_VALUE: "can/may [verb]" in apparent value claim — assert directly or delete
        → "</Accordion>"

⚠️   v2/gateways/resources/reference/technical/contract-addresses.mdx — 1 warning(s) (human sign-off required):

  [L4] DESCRIPTION_TOO_LONG: Description exceeds 160-character target (223) — tighten the outcome statement
        → "Official Livepeer protocol contract addresses on Arbitrum One and Ethereum Mainnet. Verified on-chain and automatically "

⚠️   v2/gateways/resources/knowledge-hub/guides.mdx — 3 warning(s) (human sign-off required):

  [L32] CONDITIONAL_IF: "if" in body prose — check for conditional gatekeeping
        → ""
  [L168] WEAKENED_VALUE: "can/may [verb]" in apparent value claim — assert directly or delete
        → "</Card>"
  [L4] DESCRIPTION_TOO_LONG: Description exceeds 160-character target (189) — tighten the outcome statement
        → "Curated how-to guides, walkthroughs, and tutorials for running Livepeer gateways - covering off-chain AI setup, remote s"

⚠️   v2/gateways/resources/knowledge-hub/resources.mdx — 4 warning(s) (human sign-off required):

  [L234] CONDITIONAL_IF: "if" in body prose — check for conditional gatekeeping
        → "</CardGroup>"
  [L218] NOT_CONSTRUCTION: "not [noun/verb]" — restate as positive claim
        → ""
  [L174] WEAKENED_VALUE: "can/may [verb]" in apparent value claim — assert directly or delete
        → "</Card>"
  [L4] DESCRIPTION_TOO_LONG: Description exceeds 160-character target (199) — tighten the outcome statement
        → "Tools, SDKs, dashboards, reference documentation, and community platforms for Livepeer gateway operators - covering go-l"

⚠️   v2/gateways/resources/knowledge-hub/help.mdx — 10 warning(s) (human sign-off required):

  [L95] CONDITIONAL_IF: "if" in body prose — check for conditional gatekeeping
        → "</Accordion>"
  [L101] CONDITIONAL_IF: "if" in body prose — check for conditional gatekeeping
        → "</Accordion>"
  [L121] CONDITIONAL_IF: "if" in body prose — check for conditional gatekeeping
        → ""
  [L180] CONDITIONAL_IF: "if" in body prose — check for conditional gatekeeping
        → ""
  [L255] CONDITIONAL_IF: "if" in body prose — check for conditional gatekeeping
        → "</CardGroup>"
  [L105] NOT_CONSTRUCTION: "not [noun/verb]" — restate as positive claim
        → ""
  [L138] NOT_CONSTRUCTION: "not [noun/verb]" — restate as positive claim
        → "## Developer Office Hours"
  [L149] NOT_CONSTRUCTION: "not [noun/verb]" — restate as positive claim
        → ""
  [L199] NOT_CONSTRUCTION: "not [noun/verb]" — restate as positive claim
        → "<CustomDivider />"
  [L239] NOT_CONSTRUCTION: "not [noun/verb]" — restate as positive claim
        → "</Card>"

⚠️   v2/orchestrators/portal.mdx — 1 warning(s) (human sign-off required):

  [L74] WEAKENED_VALUE: "can/may [verb]" in apparent value claim — assert directly or delete
        → ""

⚠️   v2/orchestrators/navigator.mdx — 5 warning(s) (human sign-off required):

  [L36] NOT_CONSTRUCTION: "not [noun/verb]" — restate as positive claim
        → "This page routes to the right starting point based on the operator's current sit"
  [L74] NOT_CONSTRUCTION: "not [noun/verb]" — restate as positive claim
        → "**AI inference does not require active set membership.** Routing is capability-b"
  [L87] NOT_CONSTRUCTION: "not [noun/verb]" — restate as positive claim
        → "**Dual mode is additive.** The existing video configuration does not change. Add"
  [L60] WEAKENED_VALUE: "can/may [verb]" in apparent value claim — assert directly or delete
        → "Joining a pool requires finding a pool operator willing to accept workers. This "
  [L74] WEAKENED_VALUE: "can/may [verb]" in apparent value claim — assert directly or delete
        → "**AI inference does not require active set membership.** Routing is capability-b"

⚠️   v2/orchestrators/concepts/role.mdx — 8 warning(s) (human sign-off required):

  [L182] NOT_CONSTRUCTION: "not [noun/verb]" — restate as positive claim
        → ""
  [L47] WEAKENED_VALUE: "can/may [verb]" in apparent value claim — assert directly or delete
        → "*/}"
  [L72] WEAKENED_VALUE: "can/may [verb]" in apparent value claim — assert directly or delete
        → "subgraph Livepeer["Livepeer Network"]"
  [L107] WEAKENED_VALUE: "can/may [verb]" in apparent value claim — assert directly or delete
        → ""
  [L121] WEAKENED_VALUE: "can/may [verb]" in apparent value claim — assert directly or delete
        → ""
  [L186] WEAKENED_VALUE: "can/may [verb]" in apparent value claim — assert directly or delete
        → "- **Reward calling** - trigger the protocol reward mechanism each round to claim"
  [L187] WEAKENED_VALUE: "can/may [verb]" in apparent value claim — assert directly or delete
        → "- **Worker management** - coordinate transcoder workers (video) and AI runners ("
  [L198] WEAKENED_VALUE: "can/may [verb]" in apparent value claim — assert directly or delete
        → "- **Active set participation** - only the top 100 Orchestrators by total bonded "

❌  v2/orchestrators/concepts/capabilities.mdx — 2 BLOCKING error(s):

  [L220] BANNED_PHRASE: "Understanding X is essential" — see banned phrases list
        → "Understanding Gateway selection is essential for Orchestrators that want to attr"
  [L174] REVIEW_FLAG_RENDERED: Unresolved REVIEW flag in rendered content — BLOCKS MERGE
        → "{/* REVIEW: Confirm pipeline list is complete and up-to-date with AI subnet - ch"

⚠️   v2/orchestrators/concepts/capabilities.mdx — 13 warning(s) (human sign-off required):

  [L279] CONDITIONAL_IF: "if" in body prose — check for conditional gatekeeping
        → "</thead>"
  [L45] NOT_CONSTRUCTION: "not [noun/verb]" — restate as positive claim
        → "- Placeholders for Media and Video Resources are in comments with a TODO for a h"
  [L94] NOT_CONSTRUCTION: "not [noun/verb]" — restate as positive claim
        → "<TableCell>Per interval during stream duration</TableCell>"
  [L188] NOT_CONSTRUCTION: "not [noun/verb]" — restate as positive claim
        → "%%{init: {'theme': 'base', 'themeVariables': {'primaryColor': '#18794E', 'primar"
  [L196] NOT_CONSTRUCTION: "not [noun/verb]" — restate as positive claim
        → ""
  [L245] NOT_CONSTRUCTION: "not [noun/verb]" — restate as positive claim
        → "<TableCell>Low-latency GPU access and reliable network connectivity are critical"
  [L251] NOT_CONSTRUCTION: "not [noun/verb]" — restate as positive claim
        → "</TableRow>"
  [L45] WEAKENED_VALUE: "can/may [verb]" in apparent value claim — assert directly or delete
        → "- Placeholders for Media and Video Resources are in comments with a TODO for a h"
  [L52] WEAKENED_VALUE: "can/may [verb]" in apparent value claim — assert directly or delete
        → "import { LinkArrow } from '/snippets/components/elements/links/Links.jsx'"
  [L102] WEAKENED_VALUE: "can/may [verb]" in apparent value claim — assert directly or delete
        → "</TableRow>"
  [L162] WEAKENED_VALUE: "can/may [verb]" in apparent value claim — assert directly or delete
        → "<TableCell>Segmentation mask</TableCell>"
  [L170] WEAKENED_VALUE: "can/may [verb]" in apparent value claim — assert directly or delete
        → "</TableRow>"
  [L210] WEAKENED_VALUE: "can/may [verb]" in apparent value claim — assert directly or delete
        → "manifest** - the full list of pipelines it supports, the models it has loaded, a"

❌  v2/orchestrators/concepts/architecture.mdx — 3 BLOCKING error(s):

  [L376] BANNED_WORD: "several" — delete or restate directly
        → "The go-livepeer binary can be deployed in several physical configurations depend"
  [L210] REVIEW_FLAG_RENDERED: Unresolved REVIEW flag in rendered content — BLOCKS MERGE
        → "{/* REVIEW: Confirm AIServiceRegistry detached-from-controller status is intenti"
  [L445] REVIEW_FLAG_RENDERED: Unresolved REVIEW flag in rendered content — BLOCKS MERGE
        → "{/* REVIEW: Confirm AI Runner container lifecycle - are containers kept warm bet"

⚠️   v2/orchestrators/concepts/architecture.mdx — 7 warning(s) (human sign-off required):

  [L115] CONDITIONAL_IF: "if" in body prose — check for conditional gatekeeping
        → "</thead>"
  [L117] NOT_CONSTRUCTION: "not [noun/verb]" — restate as positive claim
        → "<TableRow>"
  [L222] NOT_CONSTRUCTION: "not [noun/verb]" — restate as positive claim
        → ""
  [L125] WEAKENED_VALUE: "can/may [verb]" in apparent value claim — assert directly or delete
        → "<TableCell>Aggregate demand, select Orchestrators, dispatch jobs, handle payment"
  [L157] WEAKENED_VALUE: "can/may [verb]" in apparent value claim — assert directly or delete
        → "- The Orchestrator processes the job, returns the result, and accumulates paymen"
  [L261] WEAKENED_VALUE: "can/may [verb]" in apparent value claim — assert directly or delete
        → "end"
  [L282] WEAKENED_VALUE: "can/may [verb]" in apparent value claim — assert directly or delete
        → "### Video vs AI Pipelines"

❌  v2/orchestrators/concepts/incentive-model.mdx — 5 BLOCKING error(s):

  [L325] BANNED_PHRASE: "rather than" — see banned phrases list
        → "Revenue is primarily from service fees rather than inflation rewards. The key me"
  [L346] BANNED_PHRASE: "rather than" — see banned phrases list
        → "earns primarily from inflation rewards rather than service fees."
  [L173] REVIEW_FLAG_RENDERED: Unresolved REVIEW flag in rendered content — BLOCKS MERGE
        → "{/* REVIEW: Confirm fee cut mechanics - does 5% go to Orchestrator and 95% to de"
  [L276] REVIEW_FLAG_RENDERED: Unresolved REVIEW flag in rendered content — BLOCKS MERGE
        → "{/* REVIEW: Add gas cost for reward calls once confirmed - reward calls on Arbit"
  [L329] REVIEW_FLAG_RENDERED: Unresolved REVIEW flag in rendered content — BLOCKS MERGE
        → "{/* REVIEW: Link to commercial-orchestrators.mdx once written */}"

⚠️   v2/orchestrators/concepts/incentive-model.mdx — 8 warning(s) (human sign-off required):

  [L265] CONDITIONAL_IF: "if" in body prose — check for conditional gatekeeping
        → "<TableCell>Electricity, bandwidth, colocation or cloud fees</TableCell>"
  [L127] NOT_CONSTRUCTION: "not [noun/verb]" — restate as positive claim
        → ""
  [L154] NOT_CONSTRUCTION: "not [noun/verb]" — restate as positive claim
        → "</tbody>"
  [L245] NOT_CONSTRUCTION: "not [noun/verb]" — restate as positive claim
        → "## Orchestrator Costs"
  [L246] NOT_CONSTRUCTION: "not [noun/verb]" — restate as positive claim
        → ""
  [L280] NOT_CONSTRUCTION: "not [noun/verb]" — restate as positive claim
        → "is infrastructure and staking, not service fees."
  [L156] WEAKENED_VALUE: "can/may [verb]" in apparent value claim — assert directly or delete
        → ""
  [L203] WEAKENED_VALUE: "can/may [verb]" in apparent value claim — assert directly or delete
        → "<StyledTable variant="bordered">"

❌  v2/orchestrators/quickstart/guide.mdx — 1 BLOCKING error(s):

  [L28] REVIEW_FLAG_RENDERED: Unresolved REVIEW flag in rendered content — BLOCKS MERGE
        → "{/* REVIEW: THIS SHOULD NOT BE IN QUICKSTART - BE VERBOSE ABOUT THE EASIEST SETU"

⚠️   v2/orchestrators/quickstart/guide.mdx — 1 warning(s) (human sign-off required):

  [L126] CONDITIONAL_IF: "if" in body prose — check for conditional gatekeeping
        → "If you need more control – custom binary installs, split Orchestrator/transcoder"

⚠️   v2/orchestrators/quickstart/video-transcoding.mdx — 2 warning(s) (human sign-off required):

  [L58] CONDITIONAL_IF: "if" in body prose — check for conditional gatekeeping
        → "<TableCell>Required only if enabling GPU transcoding</TableCell>"
  [L97] CONDITIONAL_IF: "if" in body prose — check for conditional gatekeeping
        → "If you are running CPU-only transcoding, remove GPU-specific runtime settings."

❌  v2/orchestrators/quickstart/AI-prompt-start.mdx — 8 BLOCKING error(s):

  [L28] REVIEW_FLAG_RENDERED: Unresolved REVIEW flag in rendered content — BLOCKS MERGE
        → "{/* REVIEW: THIS CONTENT DOESNT SEEM TO MATCH ITS PURPOSE */}"
  [L36] REVIEW_FLAG_RENDERED: Unresolved REVIEW flag in rendered content — BLOCKS MERGE
        → "- go-livepeer is installed and running as a transcoding Orchestrator on Arbitrum"
  [L40] REVIEW_FLAG_RENDERED: Unresolved REVIEW flag in rendered content — BLOCKS MERGE
        → "- Model weights pre-downloaded for the pipeline(s) you want to serve (see [Downl"
  [L82] REVIEW_FLAG_RENDERED: Unresolved REVIEW flag in rendered content — BLOCKS MERGE
        → "If your GPU does not have enough free VRAM to run both transcoding and your chos"
  [L145] REVIEW_FLAG_RENDERED: Unresolved REVIEW flag in rendered content — BLOCKS MERGE
        → "For recommended pricing per pipeline, see [Job Types](/v2/Orchestrators/guides/w"
  [L245] REVIEW_FLAG_RENDERED: Unresolved REVIEW flag in rendered content — BLOCKS MERGE
        → "{/* REVIEW: confirm the exact livepeer_cli command to view advertised AI capabil"
  [L247] REVIEW_FLAG_RENDERED: Unresolved REVIEW flag in rendered content — BLOCKS MERGE
        → "Your AI pipelines will appear in the [Livepeer Explorer](https://explorer.livepe"
  [L277] REVIEW_FLAG_RENDERED: Unresolved REVIEW flag in rendered content — BLOCKS MERGE
        → "- [AI Pipeline Configuration](/v2/Orchestrators/guides/workloads-and-ai/ai-workl"

⚠️   v2/orchestrators/quickstart/AI-prompt-start.mdx — 12 warning(s) (human sign-off required):

  [L43] CONDITIONAL_IF: "if" in body prose — check for conditional gatekeeping
        → "This guide adds AI inference to an existing transcoding node. If you are setting"
  [L50] CONDITIONAL_IF: "if" in body prose — check for conditional gatekeeping
        → "AI inference runs in a separate Docker container alongside your transcoding proc"
  [L77] CONDITIONAL_IF: "if" in body prose — check for conditional gatekeeping
        → "| `text-to-speech` | {/* REVIEW */} | Speech synthesis |"
  [L88] CONDITIONAL_IF: "if" in body prose — check for conditional gatekeeping
        → ""
  [L115] CONDITIONAL_IF: "if" in body prose — check for conditional gatekeeping
        → "Add at least one pipeline entry. The example below configures a single `text-to-"
  [L145] CONDITIONAL_IF: "if" in body prose — check for conditional gatekeeping
        → "For recommended pricing per pipeline, see [Job Types](/v2/Orchestrators/guides/w"
  [L163] CONDITIONAL_IF: "if" in body prose — check for conditional gatekeeping
        → "-orchestrator \"
  [L77] NOT_CONSTRUCTION: "not [noun/verb]" — restate as positive claim
        → "| `text-to-speech` | {/* REVIEW */} | Speech synthesis |"
  [L150] NOT_CONSTRUCTION: "not [noun/verb]" — restate as positive claim
        → ""
  [L60] WEAKENED_VALUE: "can/may [verb]" in apparent value claim — assert directly or delete
        → "``` icon="terminal""
  [L145] WEAKENED_VALUE: "can/may [verb]" in apparent value claim — assert directly or delete
        → "For recommended pricing per pipeline, see [Job Types](/v2/Orchestrators/guides/w"
  [L3] DESCRIPTION_TOO_LONG: Description exceeds 160-character target (223) — tighten the outcome statement
        → "An Experimental AI Prompt for setting up your GPU as a Livepeer Orchestrator. Add AI inference pipelines to an existing "

❌  v2/orchestrators/setup/guide.mdx — 1 BLOCKING error(s):

  [L79] BANNED_PHRASE: "not just" — see banned phrases list
        → "Treat activation as a distinct checkpoint, not just the end of installation."

⚠️   v2/orchestrators/setup/guide.mdx — 6 warning(s) (human sign-off required):

  [L47] CONDITIONAL_IF: "if" in body prose — check for conditional gatekeeping
        → "Use this if you are contributing GPU capacity to an existing operator instead of"
  [L37] NOT_CONSTRUCTION: "not [noun/verb]" — restate as positive claim
        → "## What this guide does not do"
  [L39] NOT_CONSTRUCTION: "not [noun/verb]" — restate as positive claim
        → "- It does not cover pool participation as the primary path."
  [L40] NOT_CONSTRUCTION: "not [noun/verb]" — restate as positive claim
        → "- It does not replace the detailed AI operations guides."
  [L41] NOT_CONSTRUCTION: "not [noun/verb]" — restate as positive claim
        → "- It does not cover every split, siphon, or custom deployment pattern in-line."
  [L79] NOT_CONSTRUCTION: "not [noun/verb]" — restate as positive claim
        → "Treat activation as a distinct checkpoint, not just the end of installation."

❌  v2/orchestrators/setup/install.mdx — 1 BLOCKING error(s):

  [L157] REVIEW_FLAG_RENDERED: Unresolved REVIEW flag in rendered content — BLOCKS MERGE
        → "{/* REVIEW: Confirm whether v0.8.9 source builds need any additional native pack"

⚠️   v2/orchestrators/setup/install.mdx — 17 warning(s) (human sign-off required):

  [L34] CONDITIONAL_IF: "if" in body prose — check for conditional gatekeeping
        → "- Docker Engine if you want the container install path. GPU containers also need"
  [L35] CONDITIONAL_IF: "if" in body prose — check for conditional gatekeeping
        → "- An NVIDIA driver that satisfies CUDA 12.0.0 if you will use the Linux GPU bina"
  [L36] CONDITIONAL_IF: "if" in body prose — check for conditional gatekeeping
        → "- CUDA 12.0.0 on the host if you will run the Linux GPU binary directly or build"
  [L37] CONDITIONAL_IF: "if" in body prose — check for conditional gatekeeping
        → "- Go 1.25.0 if you will build from source."
  [L38] CONDITIONAL_IF: "if" in body prose — check for conditional gatekeeping
        → "- Write access to a directory on your `PATH`, such as `/usr/local/bin`, if you w"
  [L41] CONDITIONAL_IF: "if" in body prose — check for conditional gatekeeping
        → "Pin your install to a release tag. If you want a community-maintained helper for"
  [L111] CONDITIONAL_IF: "if" in body prose — check for conditional gatekeeping
        → "If you run the Linux GPU binary directly, upstream expects the CUDA shared libra"
  [L230] CONDITIONAL_IF: "if" in body prose — check for conditional gatekeeping
        → "If the package is not available for your distribution, use the full [NVIDIA Cont"
  [L326] CONDITIONAL_IF: "if" in body prose — check for conditional gatekeeping
        → "Replace `livepeer-darwin-arm64.tar.gz` with the Intel archive if you are on an I"
  [L354] CONDITIONAL_IF: "if" in body prose — check for conditional gatekeeping
        → "macOS is not the path for NVIDIA GPU transcoding. Use Linux if you need the Linu"
  [L448] CONDITIONAL_IF: "if" in body prose — check for conditional gatekeeping
        → "If you are using Docker, the equivalent runtime check is:"
  [L466] CONDITIONAL_IF: "if" in body prose — check for conditional gatekeeping
        → "Do not move on to configuration until the version check succeeds and your GPU ch"
  [L230] NOT_CONSTRUCTION: "not [noun/verb]" — restate as positive claim
        → "If the package is not available for your distribution, use the full [NVIDIA Cont"
  [L354] NOT_CONSTRUCTION: "not [noun/verb]" — restate as positive claim
        → "macOS is not the path for NVIDIA GPU transcoding. Use Linux if you need the Linu"
  [L466] NOT_CONSTRUCTION: "not [noun/verb]" — restate as positive claim
        → "Do not move on to configuration until the version check succeeds and your GPU ch"
  [L248] WEAKENED_VALUE: "can/may [verb]" in apparent value claim — assert directly or delete
        → "<Step title="Verify Docker can see your GPU">"
  [L431] WEAKENED_VALUE: "can/may [verb]" in apparent value claim — assert directly or delete
        → "For a go-livepeer GPU check on a native install, start the binary in transcoder "

❌  v2/orchestrators/setup/configure.mdx — 5 BLOCKING error(s):

  [L234] BANNED_PHRASE: "rather than" — see banned phrases list
        → "Setting this in ETH rather than wei results in a price orders of magnitude below"
  [L471] BANNED_PHRASE: "rather than" — see banned phrases list
        → "In a systemd unit file, this requires an `ExecStart` wrapper shell script rather"
  [L81] REVIEW_FLAG_RENDERED: Unresolved REVIEW flag in rendered content — BLOCKS MERGE
        → "{/* REVIEW: Confirm current testnet network flag value - arbitrum-one-rinkeby is"
  [L447] REVIEW_FLAG_RENDERED: Unresolved REVIEW flag in rendered content — BLOCKS MERGE
        → "{/* REVIEW: If the ETH passphrase is required at startup and the node runs as a "
  [L474] REVIEW_FLAG_RENDERED: Unresolved REVIEW flag in rendered content — BLOCKS MERGE
        → "{/* REVIEW: Confirm whether a native -config flag was added to go-livepeer after"

⚠️   v2/orchestrators/setup/configure.mdx — 13 warning(s) (human sign-off required):

  [L93] CONDITIONAL_IF: "if" in body prose — check for conditional gatekeeping
        → ""
  [L225] CONDITIONAL_IF: "if" in body prose — check for conditional gatekeeping
        → "-pricePerUnit <VALUE_IN_WEI>"
  [L62] NOT_CONSTRUCTION: "not [noun/verb]" — restate as positive claim
        → "## Essential Flags"
  [L81] NOT_CONSTRUCTION: "not [noun/verb]" — restate as positive claim
        → "{/* REVIEW: Confirm current testnet network flag value - arbitrum-one-rinkeby is"
  [L151] NOT_CONSTRUCTION: "not [noun/verb]" — restate as positive claim
        → "<TableCell>**Orchestrator-only**</TableCell>"
  [L160] NOT_CONSTRUCTION: "not [noun/verb]" — restate as positive claim
        → "</tbody>"
  [L193] NOT_CONSTRUCTION: "not [noun/verb]" — restate as positive claim
        → "</Step>"
  [L221] NOT_CONSTRUCTION: "not [noun/verb]" — restate as positive claim
        → ""
  [L222] NOT_CONSTRUCTION: "not [noun/verb]" — restate as positive claim
        → "<Step title="Set the price">"
  [L337] NOT_CONSTRUCTION: "not [noun/verb]" — restate as positive claim
        → "<TableCell>Path to the directory where go-livepeer looks for cached model weight"
  [L345] NOT_CONSTRUCTION: "not [noun/verb]" — restate as positive claim
        → ""
  [L206] WEAKENED_VALUE: "can/may [verb]" in apparent value claim — assert directly or delete
        → ""
  [L225] WEAKENED_VALUE: "can/may [verb]" in apparent value claim — assert directly or delete
        → "-pricePerUnit <VALUE_IN_WEI>"

⚠️   v2/orchestrators/setup/connect.mdx — 7 warning(s) (human sign-off required):

  [L229] NOT_CONSTRUCTION: "not [noun/verb]" — restate as positive claim
        → "Confirm:"
  [L257] NOT_CONSTRUCTION: "not [noun/verb]" — restate as positive claim
        → ""
  [L78] WEAKENED_VALUE: "can/may [verb]" in apparent value claim — assert directly or delete
        → "Production nodes need a hosted provider. Public endpoints offer no uptime guaran"
  [L140] WEAKENED_VALUE: "can/may [verb]" in apparent value claim — assert directly or delete
        → ""
  [L190] WEAKENED_VALUE: "can/may [verb]" in apparent value claim — assert directly or delete
        → "<TableCell>Service address</TableCell>"
  [L216] WEAKENED_VALUE: "can/may [verb]" in apparent value claim — assert directly or delete
        → ""
  [L235] WEAKENED_VALUE: "can/may [verb]" in apparent value claim — assert directly or delete
        → "Update the Service URI through `livepeer_cli` whenever Explorer shows the wrong "

⚠️   v2/orchestrators/setup/verify.mdx — 16 warning(s) (human sign-off required):

  [L51] CONDITIONAL_IF: "if" in body prose — check for conditional gatekeeping
        → "Expected: a JSON response showing `nodeType`, `version`, ETH account address, an"
  [L72] CONDITIONAL_IF: "if" in body prose — check for conditional gatekeeping
        → "<thead>"
  [L78] CONDITIONAL_IF: "if" in body prose — check for conditional gatekeeping
        → "</thead>"
  [L79] CONDITIONAL_IF: "if" in body prose — check for conditional gatekeeping
        → "<tbody>"
  [L89] CONDITIONAL_IF: "if" in body prose — check for conditional gatekeeping
        → "</TableRow>"
  [L111] CONDITIONAL_IF: "if" in body prose — check for conditional gatekeeping
        → "```bash icon="terminal" filename="port-check""
  [L135] CONDITIONAL_IF: "if" in body prose — check for conditional gatekeeping
        → "Check the orchestrator logs for job confirmation:"
  [L158] CONDITIONAL_IF: "if" in body prose — check for conditional gatekeeping
        → ""
  [L186] CONDITIONAL_IF: "if" in body prose — check for conditional gatekeeping
        → ""
  [L51] NOT_CONSTRUCTION: "not [noun/verb]" — restate as positive claim
        → "Expected: a JSON response showing `nodeType`, `version`, ETH account address, an"
  [L79] NOT_CONSTRUCTION: "not [noun/verb]" — restate as positive claim
        → "<tbody>"
  [L89] NOT_CONSTRUCTION: "not [noun/verb]" — restate as positive claim
        → "</TableRow>"
  [L105] NOT_CONSTRUCTION: "not [noun/verb]" — restate as positive claim
        → "</StyledStep>"
  [L336] NOT_CONSTRUCTION: "not [noun/verb]" — restate as positive claim
        → "<TableCell>ffmpeg + logs</TableCell>"
  [L89] WEAKENED_VALUE: "can/may [verb]" in apparent value claim — assert directly or delete
        → "</TableRow>"
  [L4] DESCRIPTION_TOO_LONG: Description exceeds 160-character target (161) — tighten the outcome statement
        → "Verify the orchestrator is on-chain, processing jobs, and healthy - video transcoding test, AI inference test, Explorer "

⚠️   v2/orchestrators/setup/monitor.mdx — 2 warning(s) (human sign-off required):

  [L49] CONDITIONAL_IF: "if" in body prose — check for conditional gatekeeping
        → "<Warning> If you do not call **reward()** every round, you stop earning inflatio"
  [L49] NOT_CONSTRUCTION: "not [noun/verb]" — restate as positive claim
        → "<Warning> If you do not call **reward()** every round, you stop earning inflatio"

⚠️   v2/orchestrators/guides/operator-considerations/operator-rationale.mdx — 21 warning(s) (human sign-off required):

  [L159] CONDITIONAL_IF: "if" in body prose — check for conditional gatekeeping
        → "See <LinkArrow href="/v2/orchestrators/guides/operator-considerations/requiremen"
  [L263] CONDITIONAL_IF: "if" in body prose — check for conditional gatekeeping
        → "response to Gateway selection issues."
  [L267] CONDITIONAL_IF: "if" in body prose — check for conditional gatekeeping
        → ""
  [L275] CONDITIONAL_IF: "if" in body prose — check for conditional gatekeeping
        → "### 1. Is reward calling profitable?"
  [L118] NOT_CONSTRUCTION: "not [noun/verb]" — restate as positive claim
        → "<tbody>"
  [L155] NOT_CONSTRUCTION: "not [noun/verb]" — restate as positive claim
        → "Hardware already owned has zero ongoing capital cost. Hardware purchased specifi"
  [L198] NOT_CONSTRUCTION: "not [noun/verb]" — restate as positive claim
        → "<Accordion title="Bandwidth" icon="wifi">"
  [L240] NOT_CONSTRUCTION: "not [noun/verb]" — restate as positive claim
        → "<TableCell>A100 80 GB</TableCell>"
  [L286] NOT_CONSTRUCTION: "not [noun/verb]" — restate as positive claim
        → ""
  [L46] WEAKENED_VALUE: "can/may [verb]" in apparent value claim — assert directly or delete
        → "- Confirm the ABR ladder bandwidth figures"
  [L93] WEAKENED_VALUE: "can/may [verb]" in apparent value claim — assert directly or delete
        → "<TableCell>Active-set stake is the biggest barrier to receiving steady video wor"
  [L120] WEAKENED_VALUE: "can/may [verb]" in apparent value claim — assert directly or delete
        → "<TableCell>**ETH job fees**</TableCell>"
  [L121] WEAKENED_VALUE: "can/may [verb]" in apparent value claim — assert directly or delete
        → "<TableCell>Gateways pay per transcoding segment or AI inference job via probabil"
  [L263] WEAKENED_VALUE: "can/may [verb]" in apparent value claim — assert directly or delete
        → "response to Gateway selection issues."
  [L273] WEAKENED_VALUE: "can/may [verb]" in apparent value claim — assert directly or delete
        → "setup. A clear failure in one question usually identifies the wrong operating mo"
  [L279] WEAKENED_VALUE: "can/may [verb]" in apparent value claim — assert directly or delete
        → ""
  [L327] WEAKENED_VALUE: "can/may [verb]" in apparent value claim — assert directly or delete
        → "classDef default fill:#1a1a1a,color:#fff,stroke:#2d9a67,stroke-width:2px"
  [L400] WEAKENED_VALUE: "can/may [verb]" in apparent value claim — assert directly or delete
        → "<TableCell>No (capability-based routing)</TableCell>"
  [L156] CURRENCY_NON_USD: Non-USD currency outside declared regional scope — use USD
        → "needs an explicit amortisation model: at £800 for an RTX 4090 and £30/month earn"
  [L246] CURRENCY_NON_USD: Non-USD currency outside declared regional scope — use USD
        → "An RTX 4090 running 24/7 at full load costs approximately £30-60/month at UK res"
  [L4] DESCRIPTION_TOO_LONG: Description exceeds 160-character target (164) — tighten the outcome statement
        → "Cost categories, revenue sources, viability thresholds, and a decision matrix for evaluating whether running a Livepeer "

❌  v2/orchestrators/guides/operator-considerations/business-case.mdx — 11 BLOCKING error(s):

  [L153] BANNED_PHRASE: "The reason is straightforward" — see banned phrases list
        → "lever. The reason is straightforward: fee income scales with workload volume, wh"
  [L216] BANNED_PHRASE: "not just" — see banned phrases list
        → "sum of all models that must be simultaneously loaded, not just the largest singl"
  [L220] BANNED_PHRASE: "among other factors" — see banned phrases list
        → "Gateways rank Orchestrators by response latency among other factors. Consistentl"
  [L291] BANNED_PHRASE: "rather than" — see banned phrases list
        → "Commercial Orchestrators focus on pipelines with active demand rather than loadi"
  [L156] BANNED_WORD: "significant" — delete or restate directly
        → "An Orchestrator with significant staked LPT earns a fixed percentage of the roun"
  [L279] BANNED_WORD: "real" — delete or restate directly
        → "real negotiating leverage."
  [L349] BANNED_WORD: "several" — delete or restate directly
        → "Several types of operator run commercial-grade Orchestrators on the Livepeer net"
  [L353] BANNED_WORD: "effectively" — delete or restate directly
        → "a margin on their job income. Pool operators are effectively GPU infrastructure "
  [L179] REVIEW_FLAG_RENDERED: Unresolved REVIEW flag in rendered content — BLOCKS MERGE
        → "{/* REVIEW: Do not add specific revenue numbers here without verified data from "
  [L268] REVIEW_FLAG_RENDERED: Unresolved REVIEW flag in rendered content — BLOCKS MERGE
        → "{/* REVIEW: The following is general guidance; specific Gateway operator names o"
  [L356] REVIEW_FLAG_RENDERED: Unresolved REVIEW flag in rendered content — BLOCKS MERGE
        → "{/* REVIEW: Add named pool operators here once confirmed with community - Titan-"

⚠️   v2/orchestrators/guides/operator-considerations/business-case.mdx — 15 warning(s) (human sign-off required):

  [L148] CONDITIONAL_IF: "if" in body prose — check for conditional gatekeeping
        → "<CustomDivider style={{margin: "-1rem 0 -2rem 0"}} />"
  [L247] CONDITIONAL_IF: "if" in body prose — check for conditional gatekeeping
        → ""
  [L116] NOT_CONSTRUCTION: "not [noun/verb]" — restate as positive claim
        → "<TableRow>"
  [L156] NOT_CONSTRUCTION: "not [noun/verb]" — restate as positive claim
        → "An Orchestrator with significant staked LPT earns a fixed percentage of the roun"
  [L167] NOT_CONSTRUCTION: "not [noun/verb]" — restate as positive claim
        → "C["Total bonded stake\n× inflation rate"] --> D["LPT earnings\n(fixed % of round"
  [L176] NOT_CONSTRUCTION: "not [noun/verb]" — restate as positive claim
        → "or a real-time video application - monthly ETH fee income from job processing ca"
  [L210] NOT_CONSTRUCTION: "not [noun/verb]" — restate as positive claim
        → ""
  [L255] NOT_CONSTRUCTION: "not [noun/verb]" — restate as positive claim
        → "negotiation. Commercial Orchestrators ensure their declared capabilities are acc"
  [L269] NOT_CONSTRUCTION: "not [noun/verb]" — restate as positive claim
        → ""
  [L273] NOT_CONSTRUCTION: "not [noun/verb]" — restate as positive claim
        → "- Participation in the `#orchestrators` channel on the [Livepeer Discord](https:"
  [L127] WEAKENED_VALUE: "can/may [verb]" in apparent value claim — assert directly or delete
        → "<TableCell>**Hardware approach**</TableCell>"
  [L257] WEAKENED_VALUE: "can/may [verb]" in apparent value claim — assert directly or delete
        → "Gateway's product and the Orchestrator's selection score."
  [L160] CONSISTENTLY_NO_NUMBER: "consistently" without adjacent number — add threshold or rewrite
        → "```mermaid"
  [L183] CONSISTENTLY_NO_NUMBER: "consistently" without adjacent number — add threshold or rewrite
        → "conditions. Inflation rewards are predictable by stake. Most commercial operator"
  [L4] DESCRIPTION_TOO_LONG: Description exceeds 160-character target (162) — tighten the outcome statement
        → "How commercial Orchestrators operate - earning from service fees rather than inflation, building Gateway relationships, "

⚠️   v2/orchestrators/guides/operator-considerations/operator-impact.mdx — 14 warning(s) (human sign-off required):

  [L226] CONDITIONAL_IF: "if" in body prose — check for conditional gatekeeping
        → "Livepeer's permissionless AI inference network lowers these barriers. Any applic"
  [L79] NOT_CONSTRUCTION: "not [noun/verb]" — restate as positive claim
        → "E -->|No| G["Proposal fails\nor revised"]"
  [L120] NOT_CONSTRUCTION: "not [noun/verb]" — restate as positive claim
        → "<TableCell>Ticket pricing models, payment ticket mechanics, fee distribution</Ta"
  [L134] NOT_CONSTRUCTION: "not [noun/verb]" — restate as positive claim
        → "<TableCell>**Governance process**</TableCell>"
  [L150] NOT_CONSTRUCTION: "not [noun/verb]" — restate as positive claim
        → ""
  [L211] NOT_CONSTRUCTION: "not [noun/verb]" — restate as positive claim
        → "policies. Independent creators in jurisdictions with restrictive internet govern"
  [L48] WEAKENED_VALUE: "can/may [verb]" in apparent value claim — assert directly or delete
        → "import { StyledTable, TableRow, TableCell } from '/snippets/components/displays/"
  [L58] WEAKENED_VALUE: "can/may [verb]" in apparent value claim — assert directly or delete
        → "to an Orchestrator - whether self-staked or delegated - becomes voting influence"
  [L66] WEAKENED_VALUE: "can/may [verb]" in apparent value claim — assert directly or delete
        → ""
  [L165] WEAKENED_VALUE: "can/may [verb]" in apparent value claim — assert directly or delete
        → "E --> A"
  [L194] WEAKENED_VALUE: "can/may [verb]" in apparent value claim — assert directly or delete
        → ""
  [L206] WEAKENED_VALUE: "can/may [verb]" in apparent value claim — assert directly or delete
        → ""
  [L236] WEAKENED_VALUE: "can/may [verb]" in apparent value claim — assert directly or delete
        → ""
  [L248] CONSISTENTLY_NO_NUMBER: "consistently" without adjacent number — add threshold or rewrite
        → "available. An Orchestrator is more than an earning node - it is part of the subs"

⚠️   v2/orchestrators/guides/operator-considerations/requirements.mdx — 14 warning(s) (human sign-off required):

  [L59] CONDITIONAL_IF: "if" in body prose — check for conditional gatekeeping
        → ""
  [L63] CONDITIONAL_IF: "if" in body prose — check for conditional gatekeeping
        → ""
  [L306] CONDITIONAL_IF: "if" in body prose — check for conditional gatekeeping
        → "`livepeer_bench` ships with go-livepeer. Verify it is on PATH:"
  [L362] CONDITIONAL_IF: "if" in body prose — check for conditional gatekeeping
        → ""
  [L374] CONDITIONAL_IF: "if" in body prose — check for conditional gatekeeping
        → "Activate only after the checklist below passes. It covers the basics that fail f"
  [L54] NOT_CONSTRUCTION: "not [noun/verb]" — restate as positive claim
        → "<CustomDivider />"
  [L59] NOT_CONSTRUCTION: "not [noun/verb]" — restate as positive claim
        → ""
  [L66] NOT_CONSTRUCTION: "not [noun/verb]" — restate as positive claim
        → "required for both NVENC video transcoding and AI pipelines."
  [L85] NOT_CONSTRUCTION: "not [noun/verb]" — restate as positive claim
        → "<CustomDivider />"
  [L172] NOT_CONSTRUCTION: "not [noun/verb]" — restate as positive claim
        → "<TableRow>"
  [L288] NOT_CONSTRUCTION: "not [noun/verb]" — restate as positive claim
        → "</tbody>"
  [L130] WEAKENED_VALUE: "can/may [verb]" in apparent value claim — assert directly or delete
        → "<TableCell>Data centre; full concurrent session headroom</TableCell>"
  [L356] WEAKENED_VALUE: "can/may [verb]" in apparent value claim — assert directly or delete
        → "<TableRow>"
  [L4] DESCRIPTION_TOO_LONG: Description exceeds 160-character target (187) — tighten the outcome statement
        → "GPU support policy, NVENC session limits by card tier, VRAM requirements by AI pipeline, system stack minimums, capacity"

⚠️   v2/orchestrators/guides/deployment-details/siphon-setup.mdx — 2 warning(s) (human sign-off required):

  [L214] NOT_CONSTRUCTION: "not [noun/verb]" — restate as positive claim
        → "```bash icon="terminal" title="Verify Python dependencies""
  [L4] DESCRIPTION_TOO_LONG: Description exceeds 160-character target (206) — tighten the outcome statement
        → "Separate reward claiming and keystore management from GPU workload processing using OrchestratorSiphon - two-machine arc"

⚠️   v2/orchestrators/guides/deployment-details/orchestrator-transcoder-setup.mdx — 22 warning(s) (human sign-off required):

  [L263] CONDITIONAL_IF: "if" in body prose — check for conditional gatekeeping
        → "<TableCell header>Worker pool</TableCell>"
  [L268] CONDITIONAL_IF: "if" in body prose — check for conditional gatekeeping
        → "<TableCell>The operator owns and runs all machines</TableCell>"
  [L286] CONDITIONAL_IF: "if" in body prose — check for conditional gatekeeping
        → ""
  [L287] CONDITIONAL_IF: "if" in body prose — check for conditional gatekeeping
        → "## Security Considerations"
  [L295] CONDITIONAL_IF: "if" in body prose — check for conditional gatekeeping
        → "Use file-based secrets with restricted permissions."
  [L300] CONDITIONAL_IF: "if" in body prose — check for conditional gatekeeping
        → "In a correctly configured split setup, Transcoder machines do not have the Ether"
  [L90] NOT_CONSTRUCTION: "not [noun/verb]" — restate as positive claim
        → ""
  [L97] NOT_CONSTRUCTION: "not [noun/verb]" — restate as positive claim
        → "O -->|"port 8935\n(orchSecret)"| T3["Transcoder 3\nGPU machine"]"
  [L146] NOT_CONSTRUCTION: "not [noun/verb]" — restate as positive claim
        → "<TableCell>`-orchSecret`</TableCell>"
  [L162] NOT_CONSTRUCTION: "not [noun/verb]" — restate as positive claim
        → "least one Transcoder connects."
  [L247] NOT_CONSTRUCTION: "not [noun/verb]" — restate as positive claim
        → ""
  [L253] NOT_CONSTRUCTION: "not [noun/verb]" — restate as positive claim
        → "<CustomDivider style={{margin: "-1rem 0 -2rem 0"}} />"
  [L254] NOT_CONSTRUCTION: "not [noun/verb]" — restate as positive claim
        → ""
  [L255] NOT_CONSTRUCTION: "not [noun/verb]" — restate as positive claim
        → "## Relationship to Pool Operations"
  [L281] NOT_CONSTRUCTION: "not [noun/verb]" — restate as positive claim
        → ""
  [L287] NOT_CONSTRUCTION: "not [noun/verb]" — restate as positive claim
        → "## Security Considerations"
  [L292] NOT_CONSTRUCTION: "not [noun/verb]" — restate as positive claim
        → "The `orchSecret` is the only authentication between Orchestrator and Transcoder."
  [L66] WEAKENED_VALUE: "can/may [verb]" in apparent value claim — assert directly or delete
        → "<CustomDivider style={{margin: "-1rem 0 -2rem 0"}} />"
  [L196] WEAKENED_VALUE: "can/may [verb]" in apparent value claim — assert directly or delete
        → "<TableCell header>Flag</TableCell>"
  [L203] WEAKENED_VALUE: "can/may [verb]" in apparent value claim — assert directly or delete
        → "<TableCell>Runs as a Transcoder only - processes GPU work, does not handle proto"
  [L246] WEAKENED_VALUE: "can/may [verb]" in apparent value claim — assert directly or delete
        → "```"
  [L4] DESCRIPTION_TOO_LONG: Description exceeds 160-character target (232) — tighten the outcome statement
        → "Run go-livepeer's Orchestrator and Transcoder as separate processes on separate machines - isolating protocol operations"

❌  v2/orchestrators/guides/deployment-details/join-a-pool.mdx — 3 BLOCKING error(s):

  [L56] BANNED_PHRASE: "rather than" — see banned phrases list
        → "Joining a pool is akin to entering an operational partnership, rather than being"
  [L85] BANNED_WORD: "clearly" — delete or restate directly
        → "_**A legitimate orchestrator pool will clearly publish:**_"
  [L97] BANNED_WORD: "real" — delete or restate directly
        → "- Real‑time pipelines (e.g. ComfyUI / ComfyStream)"

⚠️   v2/orchestrators/guides/deployment-details/join-a-pool.mdx — 13 warning(s) (human sign-off required):

  [L244] CONDITIONAL_IF: "if" in body prose — check for conditional gatekeeping
        → "If the orchestrator performs well:"
  [L249] CONDITIONAL_IF: "if" in body prose — check for conditional gatekeeping
        → "If performance degrades:"
  [L32] NOT_CONSTRUCTION: "not [noun/verb]" — restate as positive claim
        → "<Tip> Pools are not official Livepeer infrastructure. They are community-run and"
  [L42] NOT_CONSTRUCTION: "not [noun/verb]" — restate as positive claim
        → "{ "Feature": "LPT required?", "Orchestrator Pool": "✅ GPU owners do not stake, d"
  [L46] NOT_CONSTRUCTION: "not [noun/verb]" — restate as positive claim
        → "{ "Feature": "Protocol Reputation", "Orchestrator Pool": "❌ On-chain reputation "
  [L208] NOT_CONSTRUCTION: "not [noun/verb]" — restate as positive claim
        → "Your GPU is not visible individually to the protocol."
  [L258] NOT_CONSTRUCTION: "not [noun/verb]" — restate as positive claim
        → "GPU owners _do not earn rewards on-chain_."
  [L47] WEAKENED_VALUE: "can/may [verb]" in apparent value claim — assert directly or delete
        → "{ "Feature": "Flexibility", "Orchestrator Pool": "✅ GPUs can join or leave pools"
  [L65] WEAKENED_VALUE: "can/may [verb]" in apparent value claim — assert directly or delete
        → "You can find out about reputable pools through social channels, but ensure you d"
  [L80] WEAKENED_VALUE: "can/may [verb]" in apparent value claim — assert directly or delete
        → "- Whether GPUs can be removed at any time"
  [L228] WEAKENED_VALUE: "can/may [verb]" in apparent value claim — assert directly or delete
        → "- May rotate workloads across contributors"
  [L246] WEAKENED_VALUE: "can/may [verb]" in apparent value claim — assert directly or delete
        → "- Delegation may increase"
  [L277] WEAKENED_VALUE: "can/may [verb]" in apparent value claim — assert directly or delete
        → "Payouts are defined by the pool’s terms and may include:"

⚠️   v2/orchestrators/guides/deployment-details/new-join-a-pool.mdx — 2 warning(s) (human sign-off required):

  [L4] DESCRIPTION_ANNOUNCES_CONTENT: Description announces page contents — lead with reader outcome instead
        → "How to contribute GPU compute to an existing Livepeer Orchestrator pool - what pools are, how to evaluate one, how to co"
  [L4] DESCRIPTION_TOO_LONG: Description exceeds 160-character target (171) — tighten the outcome statement
        → "How to contribute GPU compute to an existing Livepeer Orchestrator pool - what pools are, how to evaluate one, how to co"

⚠️   v2/orchestrators/guides/ai-and-job-workloads/workload-options.mdx — 1 warning(s) (human sign-off required):

  [L4] DESCRIPTION_TOO_LONG: Description exceeds 160-character target (229) — tighten the outcome statement
        → "The four job types an orchestrator can process – transcoding, batch AI inference, Cascade live-video AI, and LLM inferen"

⚠️   v2/orchestrators/guides/ai-and-job-workloads/video-transcoding-operations.mdx — 1 warning(s) (human sign-off required):

  [L4] DESCRIPTION_TOO_LONG: Description exceeds 160-character target (198) — tighten the outcome statement
        → "Configure video transcoding on your Livepeer orchestrator – wei and USD pricing, automatic price adjustment, session lim"

⚠️   v2/orchestrators/guides/ai-and-job-workloads/ai-inference-operations.mdx — 1 warning(s) (human sign-off required):

  [L4] DESCRIPTION_TOO_LONG: Description exceeds 160-character target (177) — tighten the outcome statement
        → "How AI inference works on the Livepeer network – pipeline types, the batch vs live-video distinction, hardware requireme"

⚠️   v2/orchestrators/guides/ai-and-job-workloads/diffusion-pipeline-setup.mdx — 3 warning(s) (human sign-off required):

  [L114] CONDITIONAL_IF: "if" in body prose — check for conditional gatekeeping
        → "<TableCell>Pipeline identifier. Must exactly match a supported pipeline name.</T"
  [L686] NOT_CONSTRUCTION: "not [noun/verb]" — restate as positive claim
        → "<TableRow>"
  [L4] DESCRIPTION_TOO_LONG: Description exceeds 160-character target (229) — tighten the outcome statement
        → "Complete operator guide for running batch AI inference pipelines on a Livepeer orchestrator – aiModels.json configuratio"

⚠️   v2/orchestrators/guides/ai-and-job-workloads/llm-pipeline-setup.mdx — 1 warning(s) (human sign-off required):

  [L4] DESCRIPTION_TOO_LONG: Description exceeds 160-character target (238) — tighten the outcome statement
        → "Set up the llm pipeline on a Livepeer orchestrator using the Ollama-based runner. Covers Docker Compose configuration, m"

⚠️   v2/orchestrators/guides/ai-and-job-workloads/realtime-ai-setup.mdx — 2 warning(s) (human sign-off required):

  [L179] NOT_CONSTRUCTION: "not [noun/verb]" — restate as positive claim
        → ""
  [L4] DESCRIPTION_TOO_LONG: Description exceeds 160-character target (212) — tighten the outcome statement
        → "Deploy the live-video-to-video pipeline on a Livepeer orchestrator – Cascade architecture, ComfyStream setup, live-video"

⚠️   v2/orchestrators/guides/ai-and-job-workloads/audio-and-vision-pipelines.mdx — 1 warning(s) (human sign-off required):

  [L4] DESCRIPTION_TOO_LONG: Description exceeds 160-character target (227) — tighten the outcome statement
        → "Set up audio-to-text (Whisper), text-to-speech, image-to-text, and segment-anything-2 pipelines on a Livepeer orchestrat"

⚠️   v2/orchestrators/guides/ai-and-job-workloads/model-demand-reference.mdx — 1 warning(s) (human sign-off required):

  [L4] DESCRIPTION_TOO_LONG: Description exceeds 160-character target (210) — tighten the outcome statement
        → "Operator reference for GPU memory planning on Livepeer – VRAM requirements by pipeline, warm model strategy, multi-GPU c"

⚠️   v2/orchestrators/guides/ai-and-job-workloads/model-hosting.mdx — 1 warning(s) (human sign-off required):

  [L4] DESCRIPTION_TOO_LONG: Description exceeds 160-character target (219) — tighten the outcome statement
        → "Source, download, and store AI models for Livepeer orchestrator pipelines. Covers HuggingFace model IDs, automatic vs ma"

⚠️   v2/orchestrators/guides/staking-and-rewards/reward-mechanics.mdx — 2 warning(s) (human sign-off required):

  [L303] WEAKENED_VALUE: "can/may [verb]" in apparent value claim — assert directly or delete
        → "Example node profile for the table below: 10,000 LPT total stake (3,000 self-bon"
  [L4] DESCRIPTION_TOO_LONG: Description exceeds 160-character target (222) — tighten the outcome statement
        → "Protocol reward mechanics for Livepeer orchestrators – how LPT inflation flows, calling Reward() automatically and manua"

⚠️   v2/orchestrators/guides/payments-and-pricing/payments.mdx — 2 warning(s) (human sign-off required):

  [L79] CONDITIONAL_IF: "if" in body prose — check for conditional gatekeeping
        → "- **Only winning tickets trigger on-chain action** – the Redeemer submits winner"
  [L4] DESCRIPTION_TOO_LONG: Description exceeds 160-character target (205) — tighten the outcome statement
        → "How ETH moves from gateway to your orchestrator wallet – probabilistic micropayments, winning ticket mechanics, the Rede"

⚠️   v2/orchestrators/guides/staking-and-rewards/delegate-operations.mdx — 2 warning(s) (human sign-off required):

  [L4] DESCRIPTION_ANNOUNCES_CONTENT: Description announces page contents — lead with reader outcome instead
        → "How to attract and retain LPT delegators as a Livepeer orchestrator – what delegators evaluate, the Explorer ROI formula"
  [L4] DESCRIPTION_TOO_LONG: Description exceeds 160-character target (201) — tighten the outcome statement
        → "How to attract and retain LPT delegators as a Livepeer orchestrator – what delegators evaluate, the Explorer ROI formula"

⚠️   v2/orchestrators/guides/staking-and-rewards/network-participation.mdx — 1 warning(s) (human sign-off required):

  [L4] DESCRIPTION_TOO_LONG: Description exceeds 160-character target (219) — tighten the outcome statement
        → "How Livepeer protocol governance works and how orchestrators vote on Livepeer Improvement Proposals (LIPs) – finding pol"

⚠️   v2/orchestrators/guides/config-and-optimisation/pricing-strategy.mdx — 1 warning(s) (human sign-off required):

  [L4] DESCRIPTION_TOO_LONG: Description exceeds 160-character target (211) — tighten the outcome statement
        → "Set competitive pricing for video and AI workloads on a Livepeer orchestrator. Covers pricePerUnit, per-pipeline AI pric"

⚠️   v2/orchestrators/guides/config-and-optimisation/capacity-planning.mdx — 1 warning(s) (human sign-off required):

  [L4] DESCRIPTION_TOO_LONG: Description exceeds 160-character target (236) — tighten the outcome statement
        → "Determine the correct -maxSessions value for your orchestrator using livepeer_bench, bandwidth calculations, and NVENC h"

⚠️   v2/orchestrators/guides/config-and-optimisation/reward-call-tuning.mdx — 1 warning(s) (human sign-off required):

  [L4] DESCRIPTION_TOO_LONG: Description exceeds 160-character target (161) — tighten the outcome statement
        → "Calculate whether reward calling is profitable at your stake level, configure automatic vs manual calling, and optimise "

⚠️   v2/orchestrators/guides/monitoring-and-tooling/operator-toolbox.mdx — 3 warning(s) (human sign-off required):

  [L77] NOT_CONSTRUCTION: "not [noun/verb]" — restate as positive claim
        → ""
  [L258] NOT_CONSTRUCTION: "not [noun/verb]" — restate as positive claim
        → ""
  [L4] DESCRIPTION_TOO_LONG: Description exceeds 160-character target (191) — tighten the outcome statement
        → "Every tool for monitoring, verifying, and operating your Livepeer orchestrator – Explorer, Prometheus metrics, Docker mo"

⚠️   v2/orchestrators/guides/monitoring-and-tooling/explorer-operations.mdx — 13 warning(s) (human sign-off required):

  [L128] CONDITIONAL_IF: "if" in body prose — check for conditional gatekeeping
        → "Check the top 20 active Orchestrators on the Explorer and compare your settings."
  [L131] CONDITIONAL_IF: "if" in body prose — check for conditional gatekeeping
        → ""
  [L167] CONDITIONAL_IF: "if" in body prose — check for conditional gatekeeping
        → "</Accordion>"
  [L212] CONDITIONAL_IF: "if" in body prose — check for conditional gatekeeping
        → "## Service URI"
  [L95] NOT_CONSTRUCTION: "not [noun/verb]" — restate as positive claim
        → ""
  [L186] NOT_CONSTRUCTION: "not [noun/verb]" — restate as positive claim
        → ""
  [L246] NOT_CONSTRUCTION: "not [noun/verb]" — restate as positive claim
        → "<TableCell>Relative stake declining vs competitors</TableCell>"
  [L128] WEAKENED_VALUE: "can/may [verb]" in apparent value claim — assert directly or delete
        → "Check the top 20 active Orchestrators on the Explorer and compare your settings."
  [L131] WEAKENED_VALUE: "can/may [verb]" in apparent value claim — assert directly or delete
        → ""
  [L197] WEAKENED_VALUE: "can/may [verb]" in apparent value claim — assert directly or delete
        → "## Delegator list"
  [L74] CONSISTENTLY_NO_NUMBER: "consistently" without adjacent number — add threshold or rewrite
        → "Your stake (self-stake plus delegated stake) is insufficient to rank in the top "
  [L146] CONSISTENTLY_NO_NUMBER: "consistently" without adjacent number — add threshold or rewrite
        → "Round 4022 ✓ reward called"
  [L4] DESCRIPTION_TOO_LONG: Description exceeds 160-character target (164) — tighten the outcome statement
        → "A walkthrough of every metric on your Livepeer Explorer orchestrator page – what each number means, what healthy looks l"

⚠️   v2/orchestrators/guides/monitoring-and-tooling/metrics-and-alerting.mdx — 4 warning(s) (human sign-off required):

  [L148] NOT_CONSTRUCTION: "not [noun/verb]" — restate as positive claim
        → "<TableCell header>Variable</TableCell>"
  [L245] NOT_CONSTRUCTION: "not [noun/verb]" — restate as positive claim
        → ""
  [L4] DESCRIPTION_ANNOUNCES_CONTENT: Description announces page contents — lead with reader outcome instead
        → "How to set up Prometheus, Grafana, and the Docker monitoring stack for your Livepeer orchestrator. Covers the -monitor f"
  [L4] DESCRIPTION_TOO_LONG: Description exceeds 160-character target (186) — tighten the outcome statement
        → "How to set up Prometheus, Grafana, and the Docker monitoring stack for your Livepeer orchestrator. Covers the -monitor f"

⚠️   v2/orchestrators/guides/monitoring-and-tooling/troubleshooting.mdx — 55 warning(s) (human sign-off required):

  [L78] CONDITIONAL_IF: "if" in body prose — check for conditional gatekeeping
        → "curl http://localhost:7935/status | jq '.SessionLimit'"
  [L79] CONDITIONAL_IF: "if" in body prose — check for conditional gatekeeping
        → "```"
  [L100] CONDITIONAL_IF: "if" in body prose — check for conditional gatekeeping
        → "**What it means:** A source video segment has properties that prevent it from be"
  [L120] CONDITIONAL_IF: "if" in body prose — check for conditional gatekeeping
        → "**What it means:** go-livepeer runs a GPU test on startup to verify it can encod"
  [L125] CONDITIONAL_IF: "if" in body prose — check for conditional gatekeeping
        → "1. Check what is using NVENC sessions on the GPU: `nvidia-smi`"
  [L138] CONDITIONAL_IF: "if" in body prose — check for conditional gatekeeping
        → "1. Check current VRAM usage: `nvidia-smi --query-gpu=memory.used,memory.free --f"
  [L150] CONDITIONAL_IF: "if" in body prose — check for conditional gatekeeping
        → "- Run `nvidia-smi` – confirm the GPU is visible to the OS"
  [L151] CONDITIONAL_IF: "if" in body prose — check for conditional gatekeeping
        → "- Check go-livepeer startup logs for a GPU detection line"
  [L153] CONDITIONAL_IF: "if" in body prose — check for conditional gatekeeping
        → "- Confirm NVIDIA Container Toolkit is installed if you are running in Docker: `d"
  [L170] CONDITIONAL_IF: "if" in body prose — check for conditional gatekeeping
        → "1. Check your Orchestrator wallet ETH balance on [Arbiscan](https://arbiscan.io)"
  [L178] CONDITIONAL_IF: "if" in body prose — check for conditional gatekeeping
        → "**What it means:** You set `-reward=false` but your node is still submitting rew"
  [L203] CONDITIONAL_IF: "if" in body prose — check for conditional gatekeeping
        → "**Cause:** A delay between when the Gateway retrieved your Orchestrator info and"
  [L272] CONDITIONAL_IF: "if" in body prose — check for conditional gatekeeping
        → "1. Reduce the `capacity` value for the pipeline in `aiModels.json`"
  [L310] CONDITIONAL_IF: "if" in body prose — check for conditional gatekeeping
        → "```"
  [L311] CONDITIONAL_IF: "if" in body prose — check for conditional gatekeeping
        → ""
  [L320] CONDITIONAL_IF: "if" in body prose — check for conditional gatekeeping
        → "<Accordion  title="Node not receiving any jobs despite being in active set" icon"
  [L324] CONDITIONAL_IF: "if" in body prose — check for conditional gatekeeping
        → "# 1. Check your service URI is reachable from outside"
  [L329] CONDITIONAL_IF: "if" in body prose — check for conditional gatekeeping
        → ""
  [L344] CONDITIONAL_IF: "if" in body prose — check for conditional gatekeeping
        → "- **Port forwarding** – forward port 8935 on your router to your node's local IP"
  [L367] CONDITIONAL_IF: "if" in body prose — check for conditional gatekeeping
        → "</AccordionGroup>"
  [L69] NOT_CONSTRUCTION: "not [noun/verb]" — restate as positive claim
        → "<Accordion  title="OrchestratorCapped — node not accepting work" icon="server">"
  [L72] NOT_CONSTRUCTION: "not [noun/verb]" — restate as positive claim
        → "**Where you see it:** Gateway logs (not your Orchestrator logs) report this erro"
  [L88] NOT_CONSTRUCTION: "not [noun/verb]" — restate as positive claim
        → "**What it means:** A session that was previously processing a stream was cleaned"
  [L94] NOT_CONSTRUCTION: "not [noun/verb]" — restate as positive claim
        → "**What it means:** The source video segment being transcoded has a bitrate that "
  [L144] NOT_CONSTRUCTION: "not [noun/verb]" — restate as positive claim
        → "</Accordion>"
  [L150] NOT_CONSTRUCTION: "not [noun/verb]" — restate as positive claim
        → "- Run `nvidia-smi` – confirm the GPU is visible to the OS"
  [L165] NOT_CONSTRUCTION: "not [noun/verb]" — restate as positive claim
        → ""
  [L188] NOT_CONSTRUCTION: "not [noun/verb]" — restate as positive claim
        → ""
  [L214] NOT_CONSTRUCTION: "not [noun/verb]" — restate as positive claim
        → "<AccordionGroup>"
  [L239] NOT_CONSTRUCTION: "not [noun/verb]" — restate as positive claim
        → "</TableRow>"
  [L247] NOT_CONSTRUCTION: "not [noun/verb]" — restate as positive claim
        → ""
  [L254] NOT_CONSTRUCTION: "not [noun/verb]" — restate as positive claim
        → "- ✗ `StabilityAI/stable-diffusion-xl-base-1.0` (wrong case)"
  [L262] NOT_CONSTRUCTION: "not [noun/verb]" — restate as positive claim
        → "1. **Outside the Active Set** – check [Livepeer Explorer](https://explorer.livep"
  [L263] NOT_CONSTRUCTION: "not [noun/verb]" — restate as positive claim
        → "2. **Price too high** – your per-capability price exceeds the Gateway's `-maxPri"
  [L272] NOT_CONSTRUCTION: "not [noun/verb]" — restate as positive claim
        → "1. Reduce the `capacity` value for the pipeline in `aiModels.json`"
  [L287] NOT_CONSTRUCTION: "not [noun/verb]" — restate as positive claim
        → "</Accordion>"
  [L307] NOT_CONSTRUCTION: "not [noun/verb]" — restate as positive claim
        → "```text icon="terminal" title="Service address mismatch warning""
  [L315] NOT_CONSTRUCTION: "not [noun/verb]" — restate as positive claim
        → "1. If your IP changed: update your on-chain service URI using `livepeer_cli`"
  [L320] NOT_CONSTRUCTION: "not [noun/verb]" — restate as positive claim
        → "<Accordion  title="Node not receiving any jobs despite being in active set" icon"
  [L324] NOT_CONSTRUCTION: "not [noun/verb]" — restate as positive claim
        → "# 1. Check your service URI is reachable from outside"
  [L356] NOT_CONSTRUCTION: "not [noun/verb]" — restate as positive claim
        → "</Accordion>"
  [L88] WEAKENED_VALUE: "can/may [verb]" in apparent value claim — assert directly or delete
        → "**What it means:** A session that was previously processing a stream was cleaned"
  [L106] WEAKENED_VALUE: "can/may [verb]" in apparent value claim — assert directly or delete
        → "**What it means:** The source video uses a pixel format that go-livepeer cannot "
  [L118] WEAKENED_VALUE: "can/may [verb]" in apparent value claim — assert directly or delete
        → ""
  [L139] WEAKENED_VALUE: "can/may [verb]" in apparent value claim — assert directly or delete
        → "2. Reduce the `capacity` value in your `aiModels.json` for the affected pipeline"
  [L178] WEAKENED_VALUE: "can/may [verb]" in apparent value claim — assert directly or delete
        → "**What it means:** You set `-reward=false` but your node is still submitting rew"
  [L193] WEAKENED_VALUE: "can/may [verb]" in apparent value claim — assert directly or delete
        → "1. **ETH balance** – low balance causes reward calls to fail silently. Check `ht"
  [L203] WEAKENED_VALUE: "can/may [verb]" in apparent value claim — assert directly or delete
        → "**Cause:** A delay between when the Gateway retrieved your Orchestrator info and"
  [L262] WEAKENED_VALUE: "can/may [verb]" in apparent value claim — assert directly or delete
        → "1. **Outside the Active Set** – check [Livepeer Explorer](https://explorer.livep"
  [L267] WEAKENED_VALUE: "can/may [verb]" in apparent value claim — assert directly or delete
        → ""
  [L290] WEAKENED_VALUE: "can/may [verb]" in apparent value claim — assert directly or delete
        → "**Checklist:**"
  [L307] WEAKENED_VALUE: "can/may [verb]" in apparent value claim — assert directly or delete
        → "```text icon="terminal" title="Service address mismatch warning""
  [L338] WEAKENED_VALUE: "can/may [verb]" in apparent value claim — assert directly or delete
        → "</Accordion>"
  [L367] WEAKENED_VALUE: "can/may [verb]" in apparent value claim — assert directly or delete
        → "</AccordionGroup>"
  [L4] DESCRIPTION_TOO_LONG: Description exceeds 160-character target (208) — tighten the outcome statement
        → "Diagnostic guide for common Livepeer orchestrator errors – transcoding failures, GPU issues, reward calling problems, AI"

⚠️   v2/orchestrators/guides/advanced-operations/gateway-relationships.mdx — 16 warning(s) (human sign-off required):

  [L121] CONDITIONAL_IF: "if" in body prose — check for conditional gatekeeping
        → "<TableRow>"
  [L132] CONDITIONAL_IF: "if" in body prose — check for conditional gatekeeping
        → "<TableCell>**Stake weight**</TableCell>"
  [L144] CONDITIONAL_IF: "if" in body prose — check for conditional gatekeeping
        → ""
  [L151] CONDITIONAL_IF: "if" in body prose — check for conditional gatekeeping
        → "<AccordionGroup>"
  [L163] CONDITIONAL_IF: "if" in body prose — check for conditional gatekeeping
        → "</Accordion>"
  [L117] NOT_CONSTRUCTION: "not [noun/verb]" — restate as positive claim
        → "<TableCell>**Capability matching**</TableCell>"
  [L149] NOT_CONSTRUCTION: "not [noun/verb]" — restate as positive claim
        → "## What you can control to get more work"
  [L184] NOT_CONSTRUCTION: "not [noun/verb]" — restate as positive claim
        → "curl http://localhost:7935/getNetworkCapabilities | jq"
  [L193] NOT_CONSTRUCTION: "not [noun/verb]" — restate as positive claim
        → "<Accordion  title="4. Maintain high performance scores" icon="microchip">"
  [L194] NOT_CONSTRUCTION: "not [noun/verb]" — restate as positive claim
        → "Performance scoring is based on your historical success rate and latency. Missed"
  [L53] WEAKENED_VALUE: "can/may [verb]" in apparent value claim — assert directly or delete
        → "Gateway operators can configure specific Orchestrators directly with `-orchAddr`"
  [L127] WEAKENED_VALUE: "can/may [verb]" in apparent value claim — assert directly or delete
        → "<TableCell>**Performance score**</TableCell>"
  [L138] WEAKENED_VALUE: "can/may [verb]" in apparent value claim — assert directly or delete
        → "<TableCell>Gateways introduce randomness (`-selectRandFreq`) to prevent centrali"
  [L196] WEAKENED_VALUE: "can/may [verb]" in apparent value claim — assert directly or delete
        → "What drives good performance: stable hardware, sufficient VRAM, fast network, an"
  [L123] CONSISTENTLY_NO_NUMBER: "consistently" without adjacent number — add threshold or rewrite
        → "<TableCell>Your price must be at or below the Gateway's configured maximum</Tabl"
  [L4] DESCRIPTION_TOO_LONG: Description exceeds 160-character target (219) — tighten the outcome statement
        → "How gateways discover and select your orchestrator – the discovery mechanisms, multi-factor selection algorithm, what yo"

⚠️   v2/orchestrators/guides/advanced-operations/gateway-orchestrator-interface.mdx — 4 warning(s) (human sign-off required):

  [L72] CONDITIONAL_IF: "if" in body prose — check for conditional gatekeeping
        → "Gateway and orchestrator run on separate machines connected over the network. Th"
  [L136] CONDITIONAL_IF: "if" in body prose — check for conditional gatekeeping
        → "**Off-chain gateway to own orchestrator:** Configure the gateway with `-orchAddr"
  [L174] WEAKENED_VALUE: "can/may [verb]" in apparent value claim — assert directly or delete
        → ""
  [L4] DESCRIPTION_TOO_LONG: Description exceeds 160-character target (226) — tighten the outcome statement
        → "Configure a node running both a gateway and an orchestrator on Livepeer. Covers deployment architecture, port allocation"

⚠️   v2/orchestrators/guides/advanced-operations/pool-operators.mdx — 16 warning(s) (human sign-off required):

  [L117] CONDITIONAL_IF: "if" in body prose — check for conditional gatekeeping
        → ""
  [L177] CONDITIONAL_IF: "if" in body prose — check for conditional gatekeeping
        → "<TableCell>Small pools with a few trusted workers</TableCell>"
  [L186] CONDITIONAL_IF: "if" in body prose — check for conditional gatekeeping
        → "<TableCell>Calculate shares manually; send ETH periodically</TableCell>"
  [L214] CONDITIONAL_IF: "if" in body prose — check for conditional gatekeeping
        → "Workers reconnect automatically on restart. You will see a new `Got a RegisterTr"
  [L236] CONDITIONAL_IF: "if" in body prose — check for conditional gatekeeping
        → "Poor communication is the most common cause of worker churn in community pools."
  [L69] NOT_CONSTRUCTION: "not [noun/verb]" — restate as positive claim
        → "**Who it suits:** Technically capable workers who want full control over their e"
  [L232] NOT_CONSTRUCTION: "not [noun/verb]" — restate as positive claim
        → ""
  [L240] NOT_CONSTRUCTION: "not [noun/verb]" — restate as positive claim
        → "If you need to rotate your `-orchSecret` (for example, because you believe it ha"
  [L93] WEAKENED_VALUE: "can/may [verb]" in apparent value claim — assert directly or delete
        → "**Worker provides:** GPU machine, NVIDIA driver, their Ethereum address for payo"
  [L112] WEAKENED_VALUE: "can/may [verb]" in apparent value claim — assert directly or delete
        → "</Tab>"
  [L117] WEAKENED_VALUE: "can/may [verb]" in apparent value claim — assert directly or delete
        → ""
  [L120] WEAKENED_VALUE: "can/may [verb]" in apparent value claim — assert directly or delete
        → "To configure your Orchestrator to accept remote worker connections, run **withou"
  [L128] WEAKENED_VALUE: "can/may [verb]" in apparent value claim — assert directly or delete
        → "-serviceAddr <PUBLIC_HOST>:8935 \"
  [L236] WEAKENED_VALUE: "can/may [verb]" in apparent value claim — assert directly or delete
        → "Poor communication is the most common cause of worker churn in community pools."
  [L4] DESCRIPTION_ANNOUNCES_CONTENT: Description announces page contents — lead with reader outcome instead
        → "How to operate a Livepeer GPU pool – accept external worker connections, manage job routing across multiple GPUs, handle"
  [L4] DESCRIPTION_TOO_LONG: Description exceeds 160-character target (187) — tighten the outcome statement
        → "How to operate a Livepeer GPU pool – accept external worker connections, manage job routing across multiple GPUs, handle"

⚠️   v2/orchestrators/guides/advanced-operations/scale-operations.mdx — 7 warning(s) (human sign-off required):

  [L180] CONDITIONAL_IF: "if" in body prose — check for conditional gatekeeping
        → "2. **Update the node.** Pull the new go-livepeer binary and restart the service."
  [L77] NOT_CONSTRUCTION: "not [noun/verb]" — restate as positive claim
        → "<TableRow header>"
  [L167] NOT_CONSTRUCTION: "not [noun/verb]" — restate as positive claim
        → "--env LP_NODES=worker1:7935,worker2:7935,worker3:7935,orch:7935 \"
  [L148] WEAKENED_VALUE: "can/may [verb]" in apparent value claim — assert directly or delete
        → "<TableRow>"
  [L173] WEAKENED_VALUE: "can/may [verb]" in apparent value claim — assert directly or delete
        → "## Rolling updates"
  [L174] CONSISTENTLY_NO_NUMBER: "consistently" without adjacent number — add threshold or rewrite
        → ""
  [L4] DESCRIPTION_TOO_LONG: Description exceeds 160-character target (208) — tighten the outcome statement
        → "Architectural patterns for running multiple Livepeer orchestrator nodes at data-centre scale – multi-orchestrator setup,"

⚠️   v2/orchestrators/guides/tutorials/byoc-cpu-smoke-test.mdx — 1 warning(s) (human sign-off required):

  [L141] CONDITIONAL_IF: "if" in body prose — check for conditional gatekeeping
        → "def prepare_models(cls):"

⚠️   v2/orchestrators/guides/tutorials/ai-earning-quickstart.mdx — 5 warning(s) (human sign-off required):

  [L198] NOT_CONSTRUCTION: "not [noun/verb]" — restate as positive claim
        → "This downloads approximately 6 GB. On a 100 Mbps connection, expect 8 to 12 minu"
  [L230] NOT_CONSTRUCTION: "not [noun/verb]" — restate as positive claim
        → "-nvidia 0 \"
  [L116] WEAKENED_VALUE: "can/may [verb]" in apparent value claim — assert directly or delete
        → "</StyledStep>"
  [L207] WEAKENED_VALUE: "can/may [verb]" in apparent value claim — assert directly or delete
        → ""
  [L226] WEAKENED_VALUE: "can/may [verb]" in apparent value claim — assert directly or delete
        → "-network arbitrum-one-mainnet \"

⚠️   v2/orchestrators/guides/tutorials/add-ai-to-video-node.mdx — 3 warning(s) (human sign-off required):

  [L234] CONDITIONAL_IF: "if" in body prose — check for conditional gatekeeping
        → ""
  [L216] NOT_CONSTRUCTION: "not [noun/verb]" — restate as positive claim
        → "--name livepeer-orchestrator \"
  [L234] NOT_CONSTRUCTION: "not [noun/verb]" — restate as positive claim
        → ""

⚠️   v2/orchestrators/guides/tutorials/full-ai-pipeline-tutorial.mdx — 1 warning(s) (human sign-off required):

  [L4] DESCRIPTION_TOO_LONG: Description exceeds 160-character target (209) — tighten the outcome statement
        → "End-to-end tutorial: gateway routes an inference request to an orchestrator, the AI runner processes it, and the result "

❌  v2/orchestrators/resources/glossary.mdx — 4 BLOCKING error(s):

  [L191] BANNED_PHRASE: "rather than" — see banned phrases list
        → "{ Term: "Webhook Discovery", Category: "livepeer", Niche: "protocol", Definition"
  [L692] BANNED_PHRASE: "rather than" — see banned phrases list
        → "**Definition**: Mechanism for Orchestrators to dynamically advertise their AI ca"
  [L472] BANNED_WORD: "effectively" — delete or restate directly
        → "**Context**: Used in conjunction with pricePerUnit. Setting a larger pixelsPerUn"
  [L614] BANNED_WORD: "effectively" — delete or restate directly
        → "**Context**: Video sessions are stream-based (one per active stream); AI session"

⚠️   v2/orchestrators/resources/glossary.mdx — 30 warning(s) (human sign-off required):

  [L95] CONDITIONAL_IF: "if" in body prose — check for conditional gatekeeping
        → "{ Term: "ComfyStream", Category: "livepeer", Niche: "product", Definition: "Live"
  [L383] CONDITIONAL_IF: "if" in body prose — check for conditional gatekeeping
        → ""
  [L967] CONDITIONAL_IF: "if" in body prose — check for conditional gatekeeping
        → "</Accordion>"
  [L177] NOT_CONSTRUCTION: "not [noun/verb]" — restate as positive claim
        → "{ Term: "Subgraph", Category: "web3", Niche: "concept", Definition: "Custom open"
  [L203] NOT_CONSTRUCTION: "not [noun/verb]" — restate as positive claim
        → ""
  [L263] NOT_CONSTRUCTION: "not [noun/verb]" — restate as positive claim
        → ""
  [L333] NOT_CONSTRUCTION: "not [noun/verb]" — restate as positive claim
        → ""
  [L343] NOT_CONSTRUCTION: "not [noun/verb]" — restate as positive claim
        → ""
  [L383] NOT_CONSTRUCTION: "not [noun/verb]" — restate as positive claim
        → ""
  [L495] NOT_CONSTRUCTION: "not [noun/verb]" — restate as positive claim
        → ""
  [L535] NOT_CONSTRUCTION: "not [noun/verb]" — restate as positive claim
        → ""
  [L931] NOT_CONSTRUCTION: "not [noun/verb]" — restate as positive claim
        → ""
  [L79] WEAKENED_VALUE: "can/may [verb]" in apparent value claim — assert directly or delete
        → "{ Term: "aiModels.json", Category: "livepeer", Niche: "config", Definition: "JSO"
  [L85] WEAKENED_VALUE: "can/may [verb]" in apparent value claim — assert directly or delete
        → "{ Term: "Bonding", Category: "web3", Niche: "tokenomics", Definition: "Staking ("
  [L172] WEAKENED_VALUE: "can/may [verb]" in apparent value claim — assert directly or delete
        → "{ Term: "Solo Operator", Category: "livepeer", Niche: "deployment", Definition: "
  [L243] WEAKENED_VALUE: "can/may [verb]" in apparent value claim — assert directly or delete
        → ""
  [L271] WEAKENED_VALUE: "can/may [verb]" in apparent value claim — assert directly or delete
        → ""
  [L423] WEAKENED_VALUE: "can/may [verb]" in apparent value claim — assert directly or delete
        → ""
  [L515] WEAKENED_VALUE: "can/may [verb]" in apparent value claim — assert directly or delete
        → ""
  [L535] WEAKENED_VALUE: "can/may [verb]" in apparent value claim — assert directly or delete
        → ""
  [L565] WEAKENED_VALUE: "can/may [verb]" in apparent value claim — assert directly or delete
        → ""
  [L615] WEAKENED_VALUE: "can/may [verb]" in apparent value claim — assert directly or delete
        → ""
  [L635] WEAKENED_VALUE: "can/may [verb]" in apparent value claim — assert directly or delete
        → ""
  [L685] WEAKENED_VALUE: "can/may [verb]" in apparent value claim — assert directly or delete
        → ""
  [L739] WEAKENED_VALUE: "can/may [verb]" in apparent value claim — assert directly or delete
        → ""
  [L741] WEAKENED_VALUE: "can/may [verb]" in apparent value claim — assert directly or delete
        → ""
  [L853] WEAKENED_VALUE: "can/may [verb]" in apparent value claim — assert directly or delete
        → ""
  [L979] WEAKENED_VALUE: "can/may [verb]" in apparent value claim — assert directly or delete
        → ""
  [L1059] WEAKENED_VALUE: "can/may [verb]" in apparent value claim — assert directly or delete
        → ""
  [L1461] WEAKENED_VALUE: "can/may [verb]" in apparent value claim — assert directly or delete
        → ""

⚠️   v2/orchestrators/resources/reference/faq.mdx — 108 warning(s) (human sign-off required):

  [L37] CONDITIONAL_IF: "if" in body prose — check for conditional gatekeeping
        → "- Mermaid diagrams use theme colours / styles - for large diagrams use vertical "
  [L58] CONDITIONAL_IF: "if" in body prose — check for conditional gatekeeping
        → ""
  [L61] CONDITIONAL_IF: "if" in body prose — check for conditional gatekeeping
        → "<CustomDivider />"
  [L63] CONDITIONAL_IF: "if" in body prose — check for conditional gatekeeping
        → "## Troubleshooting – Installation and GPU Detection"
  [L81] CONDITIONAL_IF: "if" in body prose — check for conditional gatekeeping
        → "The output shows `Driver Version`."
  [L89] CONDITIONAL_IF: "if" in body prose — check for conditional gatekeeping
        → "3. If running via Docker, verify the NVIDIA Container Toolkit is installed:"
  [L128] CONDITIONAL_IF: "if" in body prose — check for conditional gatekeeping
        → "If the error appears at startup when using the `-nvidia` flag, the GPU itself ha"
  [L148] CONDITIONAL_IF: "if" in body prose — check for conditional gatekeeping
        → "```bash icon="terminal""
  [L150] CONDITIONAL_IF: "if" in body prose — check for conditional gatekeeping
        → "```"
  [L156] CONDITIONAL_IF: "if" in body prose — check for conditional gatekeeping
        → ""
  [L162] CONDITIONAL_IF: "if" in body prose — check for conditional gatekeeping
        → "go-livepeer starts but logs a CUDA error, or GPU transcoding fails immediately w"
  [L166] CONDITIONAL_IF: "if" in body prose — check for conditional gatekeeping
        → ""
  [L184] CONDITIONAL_IF: "if" in body prose — check for conditional gatekeeping
        → ""
  [L186] CONDITIONAL_IF: "if" in body prose — check for conditional gatekeeping
        → ""
  [L216] CONDITIONAL_IF: "if" in body prose — check for conditional gatekeeping
        → "```bash icon="terminal""
  [L240] CONDITIONAL_IF: "if" in body prose — check for conditional gatekeeping
        → "```"
  [L255] CONDITIONAL_IF: "if" in body prose — check for conditional gatekeeping
        → "</Warning>"
  [L266] CONDITIONAL_IF: "if" in body prose — check for conditional gatekeeping
        → ""
  [L325] CONDITIONAL_IF: "if" in body prose — check for conditional gatekeeping
        → "</Accordion>"
  [L349] CONDITIONAL_IF: "if" in body prose — check for conditional gatekeeping
        → "Or restart your node with the updated flag:"
  [L355] CONDITIONAL_IF: "if" in body prose — check for conditional gatekeeping
        → ""
  [L358] CONDITIONAL_IF: "if" in body prose — check for conditional gatekeeping
        → "**Symptom**"
  [L370] CONDITIONAL_IF: "if" in body prose — check for conditional gatekeeping
        → ""
  [L381] CONDITIONAL_IF: "if" in body prose — check for conditional gatekeeping
        → ""
  [L385] CONDITIONAL_IF: "if" in body prose — check for conditional gatekeeping
        → ""
  [L409] CONDITIONAL_IF: "if" in body prose — check for conditional gatekeeping
        → ""
  [L428] CONDITIONAL_IF: "if" in body prose — check for conditional gatekeeping
        → "```"
  [L434] CONDITIONAL_IF: "if" in body prose — check for conditional gatekeeping
        → ""
  [L461] CONDITIONAL_IF: "if" in body prose — check for conditional gatekeeping
        → ""pipeline": "text-to-image","
  [L463] CONDITIONAL_IF: "if" in body prose — check for conditional gatekeeping
        → ""warm": true,"
  [L473] CONDITIONAL_IF: "if" in body prose — check for conditional gatekeeping
        → "- `warm` loads the model on GPU in advance. If set to `false`, the model loads o"
  [L481] CONDITIONAL_IF: "if" in body prose — check for conditional gatekeeping
        → ""pipeline": "llm","
  [L485] CONDITIONAL_IF: "if" in body prose — check for conditional gatekeeping
        → ""pixels_per_unit": 1000000,"
  [L501] CONDITIONAL_IF: "if" in body prose — check for conditional gatekeeping
        → "**Symptom**"
  [L536] CONDITIONAL_IF: "if" in body prose — check for conditional gatekeeping
        → "**Symptom**"
  [L552] CONDITIONAL_IF: "if" in body prose — check for conditional gatekeeping
        → ""
  [L560] CONDITIONAL_IF: "if" in body prose — check for conditional gatekeeping
        → ""
  [L570] CONDITIONAL_IF: "if" in body prose — check for conditional gatekeeping
        → ""
  [L580] CONDITIONAL_IF: "if" in body prose — check for conditional gatekeeping
        → ""
  [L594] CONDITIONAL_IF: "if" in body prose — check for conditional gatekeeping
        → "# Transcoder process — reward disabled"
  [L37] NOT_CONSTRUCTION: "not [noun/verb]" — restate as positive claim
        → "- Mermaid diagrams use theme colours / styles - for large diagrams use vertical "
  [L45] NOT_CONSTRUCTION: "not [noun/verb]" — restate as positive claim
        → "- Headers are concise and technical"
  [L51] NOT_CONSTRUCTION: "not [noun/verb]" — restate as positive claim
        → "- REVIEW flags"
  [L81] NOT_CONSTRUCTION: "not [noun/verb]" — restate as positive claim
        → "The output shows `Driver Version`."
  [L93] NOT_CONSTRUCTION: "not [noun/verb]" — restate as positive claim
        → "If this command fails, install the toolkit:"
  [L96] NOT_CONSTRUCTION: "not [noun/verb]" — restate as positive claim
        → "sudo systemctl restart docker"
  [L99] NOT_CONSTRUCTION: "not [noun/verb]" — restate as positive claim
        → "4. Re-run go-livepeer with the `-nvidia` flag, passing specific GPU IDs:"
  [L114] NOT_CONSTRUCTION: "not [noun/verb]" — restate as positive claim
        → "**Fix**"
  [L120] NOT_CONSTRUCTION: "not [noun/verb]" — restate as positive claim
        → "livepeer_cli"
  [L140] NOT_CONSTRUCTION: "not [noun/verb]" — restate as positive claim
        → "**Fix**"
  [L145] NOT_CONSTRUCTION: "not [noun/verb]" — restate as positive claim
        → "```"
  [L171] NOT_CONSTRUCTION: "not [noun/verb]" — restate as positive claim
        → "nvcc --version"
  [L174] NOT_CONSTRUCTION: "not [noun/verb]" — restate as positive claim
        → "```"
  [L198] NOT_CONSTRUCTION: "not [noun/verb]" — restate as positive claim
        → "**Cause**"
  [L201] NOT_CONSTRUCTION: "not [noun/verb]" — restate as positive claim
        → "Your node may still start, but Gateways cannot route jobs to you if the on-chain"
  [L208] NOT_CONSTRUCTION: "not [noun/verb]" — restate as positive claim
        → "```bash icon="terminal""
  [L210] NOT_CONSTRUCTION: "not [noun/verb]" — restate as positive claim
        → "```"
  [L218] NOT_CONSTRUCTION: "not [noun/verb]" — restate as positive claim
        → "```"
  [L226] NOT_CONSTRUCTION: "not [noun/verb]" — restate as positive claim
        → "<Accordion  title='Port 8935 not reachable from outside your network' icon="link"
  [L234] NOT_CONSTRUCTION: "not [noun/verb]" — restate as positive claim
        → "**Fix**"
  [L237] NOT_CONSTRUCTION: "not [noun/verb]" — restate as positive claim
        → "```bash icon="terminal""
  [L240] NOT_CONSTRUCTION: "not [noun/verb]" — restate as positive claim
        → "```"
  [L255] NOT_CONSTRUCTION: "not [noun/verb]" — restate as positive claim
        → "</Warning>"
  [L260] NOT_CONSTRUCTION: "not [noun/verb]" — restate as positive claim
        → ""
  [L272] NOT_CONSTRUCTION: "not [noun/verb]" — restate as positive claim
        → ""
  [L285] NOT_CONSTRUCTION: "not [noun/verb]" — restate as positive claim
        → "</Accordion>"
  [L288] NOT_CONSTRUCTION: "not [noun/verb]" — restate as positive claim
        → ""
  [L291] NOT_CONSTRUCTION: "not [noun/verb]" — restate as positive claim
        → "## Troubleshooting – Not Receiving Jobs"
  [L313] NOT_CONSTRUCTION: "not [noun/verb]" — restate as positive claim
        → "- Attract more Delegators by adjusting your Reward Cut to be competitive"
  [L319] NOT_CONSTRUCTION: "not [noun/verb]" — restate as positive claim
        → "Select the multi-step "become an Orchestrator" option."
  [L323] NOT_CONSTRUCTION: "not [noun/verb]" — restate as positive claim
        → "</Note>"
  [L337] NOT_CONSTRUCTION: "not [noun/verb]" — restate as positive claim
        → "1. Check the current market rate at [Livepeer.tools](https://livepeer.tools) – t"
  [L340] NOT_CONSTRUCTION: "not [noun/verb]" — restate as positive claim
        → ""
  [L343] NOT_CONSTRUCTION: "not [noun/verb]" — restate as positive claim
        → "3. Update your price via `livepeer_cli`:"
  [L364] NOT_CONSTRUCTION: "not [noun/verb]" — restate as positive claim
        → "**Fix**"
  [L367] NOT_CONSTRUCTION: "not [noun/verb]" — restate as positive claim
        → "```bash icon="terminal""
  [L370] NOT_CONSTRUCTION: "not [noun/verb]" — restate as positive claim
        → ""
  [L392] NOT_CONSTRUCTION: "not [noun/verb]" — restate as positive claim
        → "Your service address is registered on-chain, but the actual server at that addre"
  [L417] NOT_CONSTRUCTION: "not [noun/verb]" — restate as positive claim
        → ""
  [L428] NOT_CONSTRUCTION: "not [noun/verb]" — restate as positive claim
        → "```"
  [L434] NOT_CONSTRUCTION: "not [noun/verb]" — restate as positive claim
        → ""
  [L449] NOT_CONSTRUCTION: "not [noun/verb]" — restate as positive claim
        → "Your AI Runner container is running, but your Orchestrator does not receive AI i"
  [L452] NOT_CONSTRUCTION: "not [noun/verb]" — restate as positive claim
        → "The most common cause is an incorrect or missing `aiModels.json` configuration. "
  [L467] NOT_CONSTRUCTION: "not [noun/verb]" — restate as positive claim
        → "]"
  [L470] NOT_CONSTRUCTION: "not [noun/verb]" — restate as positive claim
        → "Field reference:"
  [L473] NOT_CONSTRUCTION: "not [noun/verb]" — restate as positive claim
        → "- `warm` loads the model on GPU in advance. If set to `false`, the model loads o"
  [L489] NOT_CONSTRUCTION: "not [noun/verb]" — restate as positive claim
        → ""
  [L495] NOT_CONSTRUCTION: "not [noun/verb]" — restate as positive claim
        → "4. Restart go-livepeer after modifying `aiModels.json` – changes to this file ar"
  [L501] NOT_CONSTRUCTION: "not [noun/verb]" — restate as positive claim
        → "**Symptom**"
  [L558] NOT_CONSTRUCTION: "not [noun/verb]" — restate as positive claim
        → ""
  [L570] NOT_CONSTRUCTION: "not [noun/verb]" — restate as positive claim
        → ""
  [L594] NOT_CONSTRUCTION: "not [noun/verb]" — restate as positive claim
        → "# Transcoder process — reward disabled"
  [L77] WEAKENED_VALUE: "can/may [verb]" in apparent value claim — assert directly or delete
        → "1. Confirm your driver version:"
  [L150] WEAKENED_VALUE: "can/may [verb]" in apparent value claim — assert directly or delete
        → "```"
  [L154] WEAKENED_VALUE: "can/may [verb]" in apparent value claim — assert directly or delete
        → "livepeer --version"
  [L216] WEAKENED_VALUE: "can/may [verb]" in apparent value claim — assert directly or delete
        → "```bash icon="terminal""
  [L347] WEAKENED_VALUE: "can/may [verb]" in apparent value claim — assert directly or delete
        → "Select the option to update your price per unit and enter the new value in wei."
  [L356] WEAKENED_VALUE: "can/may [verb]" in apparent value claim — assert directly or delete
        → "<Accordion  title='Node not activated via livepeer_cli' icon="server">"
  [L417] WEAKENED_VALUE: "can/may [verb]" in apparent value claim — assert directly or delete
        → ""
  [L455] WEAKENED_VALUE: "can/may [verb]" in apparent value claim — assert directly or delete
        → ""
  [L473] WEAKENED_VALUE: "can/may [verb]" in apparent value claim — assert directly or delete
        → "- `warm` loads the model on GPU in advance. If set to `false`, the model loads o"
  [L526] WEAKENED_VALUE: "can/may [verb]" in apparent value claim — assert directly or delete
        → "```"
  [L548] WEAKENED_VALUE: "can/may [verb]" in apparent value claim — assert directly or delete
        → "3. Verify your Orchestrator is advertising all configured pipelines. Check the E"
  [L550] WEAKENED_VALUE: "can/may [verb]" in apparent value claim — assert directly or delete
        → "curl -k https://YOUR_IP:8935/status"
  [L560] WEAKENED_VALUE: "can/may [verb]" in apparent value claim — assert directly or delete
        → ""
  [L574] WEAKENED_VALUE: "can/may [verb]" in apparent value claim — assert directly or delete
        → ""
  [L582] WEAKENED_VALUE: "can/may [verb]" in apparent value claim — assert directly or delete
        → ""
  [L4] DESCRIPTION_TOO_LONG: Description exceeds 160-character target (161) — tighten the outcome statement
        → "Answers to common orchestrator questions and step-by-step fixes for the most frequent errors – installation, networking,"

❌  v2/orchestrators/resources/operator-terms.mdx — 7 BLOCKING error(s):

  [L124] BANNED_WORD: "several" — delete or restate directly
        → "**Previous terminology**: Dual mode has been referred to by several names in ear"
  [L340] BANNED_WORD: "effectively" — delete or restate directly
        → "<TableCell>**No** - orchestrators are effectively always on-chain for production"
  [L132] REVIEW_FLAG_RENDERED: Unresolved REVIEW flag in rendered content — BLOCKS MERGE
        → "{/* REVIEW: Confirm whether dual mode requires any additional flags beyond combi"
  [L189] REVIEW_FLAG_RENDERED: Unresolved REVIEW flag in rendered content — BLOCKS MERGE
        → "{/* REVIEW: Confirm current active set size. Historically top-100. */}"
  [L199] REVIEW_FLAG_RENDERED: Unresolved REVIEW flag in rendered content — BLOCKS MERGE
        → "{/* REVIEW: Confirm current gas cost range for reward calls on Arbitrum. */}"
  [L207] REVIEW_FLAG_RENDERED: Unresolved REVIEW flag in rendered content — BLOCKS MERGE
        → "{/* REVIEW: Confirm whether fee cut is still called "fee cut" in the current Exp"
  [L249] REVIEW_FLAG_RENDERED: Unresolved REVIEW flag in rendered content — BLOCKS MERGE
        → "{/* REVIEW: Confirm warm-per-GPU limit is still accurate. */}"

⚠️   v2/orchestrators/resources/operator-terms.mdx — 19 warning(s) (human sign-off required):

  [L71] NOT_CONSTRUCTION: "not [noun/verb]" — restate as positive claim
        → "</TableRow>"
  [L108] NOT_CONSTRUCTION: "not [noun/verb]" — restate as positive claim
        → "<TableRow>"
  [L112] NOT_CONSTRUCTION: "not [noun/verb]" — restate as positive claim
        → "<TableCell>NVIDIA GPU with NVENC + sufficient VRAM for AI models</TableCell>"
  [L114] NOT_CONSTRUCTION: "not [noun/verb]" — restate as positive claim
        → "</tbody>"
  [L178] NOT_CONSTRUCTION: "not [noun/verb]" — restate as positive claim
        → "Deployment type is independent of node mode. A solo operator can run in <Badge c"
  [L261] NOT_CONSTRUCTION: "not [noun/verb]" — restate as positive claim
        → ""
  [L327] NOT_CONSTRUCTION: "not [noun/verb]" — restate as positive claim
        → "<TableRow>"
  [L38] WEAKENED_VALUE: "can/may [verb]" in apparent value claim — assert directly or delete
        → "Human:"
  [L114] WEAKENED_VALUE: "can/may [verb]" in apparent value claim — assert directly or delete
        → "</tbody>"
  [L165] WEAKENED_VALUE: "can/may [verb]" in apparent value claim — assert directly or delete
        → "<TableCell>**O-T split**</TableCell>"
  [L181] WEAKENED_VALUE: "can/may [verb]" in apparent value claim — assert directly or delete
        → "<CustomDivider style={{margin: "-1rem 0 -1rem 0"}} />"
  [L189] WEAKENED_VALUE: "can/may [verb]" in apparent value claim — assert directly or delete
        → "{/* REVIEW: Confirm current active set size. Historically top-100. */}"
  [L206] WEAKENED_VALUE: "can/may [verb]" in apparent value claim — assert directly or delete
        → ""
  [L231] WEAKENED_VALUE: "can/may [verb]" in apparent value claim — assert directly or delete
        → "<Accordion title="Transcoder (process)" icon="film">"
  [L242] WEAKENED_VALUE: "can/may [verb]" in apparent value claim — assert directly or delete
        → "</Accordion>"
  [L255] WEAKENED_VALUE: "can/may [verb]" in apparent value claim — assert directly or delete
        → "Custom AI inference containers that orchestrators can run alongside standard Liv"
  [L292] WEAKENED_VALUE: "can/may [verb]" in apparent value claim — assert directly or delete
        → ""
  [L317] WEAKENED_VALUE: "can/may [verb]" in apparent value claim — assert directly or delete
        → ""
  [L332] WEAKENED_VALUE: "can/may [verb]" in apparent value claim — assert directly or delete
        → "<TableRow>"

⚠️   v2/orchestrators/resources/reference/technical/cli-flags.mdx — 4 warning(s) (human sign-off required):

  [L39] NOT_CONSTRUCTION: "not [noun/verb]" — restate as positive claim
        → "- No em-dashes are used (instead use standard -)"
  [L71] NOT_CONSTRUCTION: "not [noun/verb]" — restate as positive claim
        → "servers:"
  [L90] NOT_CONSTRUCTION: "not [noun/verb]" — restate as positive claim
        → "$ref: '#/components/schemas/OrchestratorInfo'"
  [L39] WEAKENED_VALUE: "can/may [verb]" in apparent value claim — assert directly or delete
        → "- No em-dashes are used (instead use standard -)"

⚠️   v2/orchestrators/resources/reference/technical/contract-addresses.mdx — 1 warning(s) (human sign-off required):

  [L4] DESCRIPTION_TOO_LONG: Description exceeds 160-character target (223) — tighten the outcome statement
        → "Official Livepeer protocol contract addresses on Arbitrum One and Ethereum Mainnet. Verified on-chain and automatically "

⚠️   v2/orchestrators/resources/knowledge-hub/community-guides.mdx — 1 warning(s) (human sign-off required):

  [L38] NOT_CONSTRUCTION: "not [noun/verb]" — restate as positive claim
        → "Verify:"

⚠️   v2/orchestrators/resources/knowledge-hub/community-pools.mdx — 1 warning(s) (human sign-off required):

  [L28] NOT_CONSTRUCTION: "not [noun/verb]" — restate as positive claim
        → "- Ensure the terminology and definitions used in this page is consistent with th"

⚠️   v2/delegators/portal.mdx — 2 warning(s) (human sign-off required):

  [L37] CONDITIONAL_IF: "if" in body prose — check for conditional gatekeeping
        → "Start the delegation journey: confirm your situation, bridge to Arbitrum if need"
  [L43] WEAKENED_VALUE: "can/may [verb]" in apparent value claim — assert directly or delete
        → "Understand how the treasury is funded, what it can allocate, and how delegators "

⚠️   v2/delegators/concepts/overview.mdx — 3 warning(s) (human sign-off required):

  [L31] NOT_CONSTRUCTION: "not [noun/verb]" — restate as positive claim
        → "The Livepeer Token (LPT) is the protocol-layer asset that secures, governs, and "
  [L78] NOT_CONSTRUCTION: "not [noun/verb]" — restate as positive claim
        → "LPT does not execute work. It economically secures actors who perform work."
  [L134] WEAKENED_VALUE: "can/may [verb]" in apparent value claim — assert directly or delete
        → "Governance may modify:"

❌  v2/delegators/concepts/purpose.mdx — 1 BLOCKING error(s):

  [L74] BANNED_PHRASE: "rather than" — see banned phrases list
        → "Historically Livepeer distributed inflationary rewards to orchestrators and thei"

⚠️   v2/delegators/concepts/purpose.mdx — 14 warning(s) (human sign-off required):

  [L41] CONDITIONAL_IF: "if" in body prose — check for conditional gatekeeping
        → "- Adaptive inflation – The inflation rate responds to staking participation: if "
  [L44] CONDITIONAL_IF: "if" in body prose — check for conditional gatekeeping
        → "- Staking multiplier and round length – The protocol’s security depends not only"
  [L33] NOT_CONSTRUCTION: "not [noun/verb]" — restate as positive claim
        → "Importantly, LPT is not used to pay for work. Broadcasters and AI builders pay i"
  [L44] NOT_CONSTRUCTION: "not [noun/verb]" — restate as positive claim
        → "- Staking multiplier and round length – The protocol’s security depends not only"
  [L52] NOT_CONSTRUCTION: "not [noun/verb]" — restate as positive claim
        → "Treasury funds do not accrue automatically to orchestrators or delegators. Spend"
  [L70] NOT_CONSTRUCTION: "not [noun/verb]" — restate as positive claim
        → "Because inflation is distributed continuously, delegators benefit from regularly"
  [L27] WEAKENED_VALUE: "can/may [verb]" in apparent value claim — assert directly or delete
        → "- **Security collateral** – Orchestrators must bond LPT to participate in the ac"
  [L31] WEAKENED_VALUE: "can/may [verb]" in apparent value claim — assert directly or delete
        → "- **Governance power** – Voting weight in Livepeer Improvement Proposals (LIPs) "
  [L44] WEAKENED_VALUE: "can/may [verb]" in apparent value claim — assert directly or delete
        → "- Staking multiplier and round length – The protocol’s security depends not only"
  [L46] WEAKENED_VALUE: "can/may [verb]" in apparent value claim — assert directly or delete
        → "- Future adjustments – Governance retains the ability to modify inflation parame"
  [L47] WEAKENED_VALUE: "can/may [verb]" in apparent value claim — assert directly or delete
        → "Beyond parameter tweaks, future proposals may explore token‑burning mechanisms ("
  [L50] WEAKENED_VALUE: "can/may [verb]" in apparent value claim — assert directly or delete
        → "The protocol routes a share of inflation to an on‑chain community treasury. In i"
  [L52] WEAKENED_VALUE: "can/may [verb]" in apparent value claim — assert directly or delete
        → "Treasury funds do not accrue automatically to orchestrators or delegators. Spend"
  [L70] WEAKENED_VALUE: "can/may [verb]" in apparent value claim — assert directly or delete
        → "Because inflation is distributed continuously, delegators benefit from regularly"

⚠️   v2/delegators/concepts/tokenomics.mdx — 3 warning(s) (human sign-off required):

  [L78] CONDITIONAL_IF: "if" in body prose — check for conditional gatekeeping
        → "If <MathInline latex={String.raw`\beta < \beta^*`} />:"
  [L82] CONDITIONAL_IF: "if" in body prose — check for conditional gatekeeping
        → "If <MathInline latex={String.raw`\beta > \beta^*`} />:"
  [L117] WEAKENED_VALUE: "can/may [verb]" in apparent value claim — assert directly or delete
        → "Returns to bonded participants may consist of:"

❌  v2/delegators/concepts/mechanics.mdx — 3 BLOCKING error(s):

  [L41] BANNED_PHRASE: "rather than" — see banned phrases list
        → "Reader-facing shorthand is still "about one day per round", but the exact cadenc"
  [L81] BANNED_PHRASE: "rather than" — see banned phrases list
        → "The protocol tracks this through cumulative reward accounting rather than updati"
  [L96] BANNED_PHRASE: "rather than" — see banned phrases list
        → "Bonded stake is also checkpointed for governance. The BondingVotes contract reco"

⚠️   v2/delegators/concepts/mechanics.mdx — 11 warning(s) (human sign-off required):

  [L45] CONDITIONAL_IF: "if" in body prose — check for conditional gatekeeping
        → "Only active orchestrators can earn inflation rewards for a round. If your orches"
  [L48] CONDITIONAL_IF: "if" in body prose — check for conditional gatekeeping
        → "The active-set size is governance-controlled. Current public Livepeer product su"
  [L55] CONDITIONAL_IF: "if" in body prose — check for conditional gatekeeping
        → "If the orchestrator misses the call:"
  [L89] CONDITIONAL_IF: "if" in body prose — check for conditional gatekeeping
        → "- if you claim after your orchestrator has already called `reward()` for the cur"
  [L90] CONDITIONAL_IF: "if" in body prose — check for conditional gatekeeping
        → "- if you claim before your orchestrator has called `reward()` for the current ro"
  [L45] NOT_CONSTRUCTION: "not [noun/verb]" — restate as positive claim
        → "Only active orchestrators can earn inflation rewards for a round. If your orches"
  [L58] NOT_CONSTRUCTION: "not [noun/verb]" — restate as positive claim
        → "- the missed round does not get backfilled later"
  [L92] NOT_CONSTRUCTION: "not [noun/verb]" — restate as positive claim
        → "As of 6 April 2026, the Explorer warning for this behaviour is still not fully s"
  [L38] WEAKENED_VALUE: "can/may [verb]" in apparent value claim — assert directly or delete
        → "- determine when orchestrators can mint that round's rewards"
  [L45] WEAKENED_VALUE: "can/may [verb]" in apparent value claim — assert directly or delete
        → "Only active orchestrators can earn inflation rewards for a round. If your orches"
  [L90] WEAKENED_VALUE: "can/may [verb]" in apparent value claim — assert directly or delete
        → "- if you claim before your orchestrator has called `reward()` for the current ro"

❌  v2/delegators/delegation/overview.mdx — 1 BLOCKING error(s):

  [L49] BANNED_WORD: "real" — delete or restate directly
        → "See how inflation rewards, fee sharing, treasury allocation, and reward-call rel"

⚠️   v2/delegators/delegation/overview.mdx — 7 warning(s) (human sign-off required):

  [L37] CONDITIONAL_IF: "if" in body prose — check for conditional gatekeeping
        → "Start here if you want to understand what bonding actually means, what risk you "
  [L63] CONDITIONAL_IF: "if" in body prose — check for conditional gatekeeping
        → "If you want to split across operators, use separate wallets. From one address, t"
  [L59] NOT_CONSTRUCTION: "not [noun/verb]" — restate as positive claim
        → "<Accordion title="Your LPT is bonded to a contract, not handed to an orchestrato"
  [L60] NOT_CONSTRUCTION: "not [noun/verb]" — restate as positive claim
        → "Bonded LPT sits in the BondingManager contract on Arbitrum One. The orchestrator"
  [L68] NOT_CONSTRUCTION: "not [noun/verb]" — restate as positive claim
        → "<Accordion title="The main operational risk is missed rewards, not orchestrator "
  [L69] NOT_CONSTRUCTION: "not [noun/verb]" — restate as positive claim
        → "Slashing is not currently active on Livepeer mainnet. The more immediate delegat"
  [L62] WEAKENED_VALUE: "can/may [verb]" in apparent value claim — assert directly or delete
        → "<Accordion title="One wallet can only delegate to one orchestrator at a time">"

⚠️   v2/delegators/delegation/about-delegation.mdx — 13 warning(s) (human sign-off required):

  [L45] CONDITIONAL_IF: "if" in body prose — check for conditional gatekeeping
        → "Livepeer issues new LPT each round to bonded stake. If you stay unbonded, you do"
  [L79] CONDITIONAL_IF: "if" in body prose — check for conditional gatekeeping
        → "If your issue is the operator, redelegation is usually the correct action. If yo"
  [L88] CONDITIONAL_IF: "if" in body prose — check for conditional gatekeeping
        → "- contributing to stake concentration if you always choose already-dominant oper"
  [L30] NOT_CONSTRUCTION: "not [noun/verb]" — restate as positive claim
        → "Bonding LPT means attributing your stake to one orchestrator so that your capita"
  [L32] NOT_CONSTRUCTION: "not [noun/verb]" — restate as positive claim
        → "## Delegation is stake attribution, not custody transfer"
  [L45] NOT_CONSTRUCTION: "not [noun/verb]" — restate as positive claim
        → "Livepeer issues new LPT each round to bonded stake. If you stay unbonded, you do"
  [L47] NOT_CONSTRUCTION: "not [noun/verb]" — restate as positive claim
        → "That means "doing nothing" is not a neutral position. Your share of total supply"
  [L61] NOT_CONSTRUCTION: "not [noun/verb]" — restate as positive claim
        → "Those outcomes are not guaranteed by bonding alone. They also depend on whether "
  [L68] NOT_CONSTRUCTION: "not [noun/verb]" — restate as positive claim
        → "| Arbitrum One only | Delegation happens on Arbitrum One, not Ethereum mainnet |"
  [L90] NOT_CONSTRUCTION: "not [noun/verb]" — restate as positive claim
        → "The main risk is not orchestrator custody. The tokens are in the protocol contra"
  [L38] WEAKENED_VALUE: "can/may [verb]" in apparent value claim — assert directly or delete
        → "- your wallet remains the party that can unbond, withdraw, or redelegate"
  [L55] WEAKENED_VALUE: "can/may [verb]" in apparent value claim — assert directly or delete
        → "Bonded delegators can earn:"
  [L77] WEAKENED_VALUE: "can/may [verb]" in apparent value claim — assert directly or delete
        → "- **Unbond and withdraw**: stop participating and wait for the unbonding period "

❌  v2/delegators/delegation/bridge-lpt-to-arbitrum.mdx — 2 BLOCKING error(s):

  [L93] BANNED_PHRASE: "rather than" — see banned phrases list
        → "LPT uses dedicated bridge contracts rather than the generic ERC-20 gateway flow."
  [L116] BANNED_PHRASE: "rather than" — see banned phrases list
        → "Use the compendium page as a jumping-off point if you are sourcing LPT rather th"

⚠️   v2/delegators/delegation/bridge-lpt-to-arbitrum.mdx — 13 warning(s) (human sign-off required):

  [L38] CONDITIONAL_IF: "if" in body prose — check for conditional gatekeeping
        → "This page applies only to unbonded LPT. If your LPT is already bonded, unbond it"
  [L59] CONDITIONAL_IF: "if" in body prose — check for conditional gatekeeping
        → "Use this path if you already hold LPT on Ethereum mainnet and want the protocol-"
  [L66] CONDITIONAL_IF: "if" in body prose — check for conditional gatekeeping
        → "Search for `LPT`. If the token selector does not surface it, paste the Ethereum-"
  [L83] CONDITIONAL_IF: "if" in body prose — check for conditional gatekeeping
        → "If you are acquiring LPT on an exchange, the fastest route is often a direct wit"
  [L87] CONDITIONAL_IF: "if" in body prose — check for conditional gatekeeping
        → "If you are already on Arbitrum One with ETH, WETH, or stablecoins, swapping into"
  [L93] CONDITIONAL_IF: "if" in body prose — check for conditional gatekeeping
        → "LPT uses dedicated bridge contracts rather than the generic ERC-20 gateway flow."
  [L116] CONDITIONAL_IF: "if" in body prose — check for conditional gatekeeping
        → "Use the compendium page as a jumping-off point if you are sourcing LPT rather th"
  [L66] NOT_CONSTRUCTION: "not [noun/verb]" — restate as positive claim
        → "Search for `LPT`. If the token selector does not surface it, paste the Ethereum-"
  [L83] NOT_CONSTRUCTION: "not [noun/verb]" — restate as positive claim
        → "If you are acquiring LPT on an exchange, the fastest route is often a direct wit"
  [L93] NOT_CONSTRUCTION: "not [noun/verb]" — restate as positive claim
        → "LPT uses dedicated bridge contracts rather than the generic ERC-20 gateway flow."
  [L51] WEAKENED_VALUE: "can/may [verb]" in apparent value claim — assert directly or delete
        → "- the wallet is one you can connect to [Livepeer Explorer](https://explorer.live"
  [L54] WEAKENED_VALUE: "can/may [verb]" in apparent value claim — assert directly or delete
        → "The canonical trust-minimised route is the official Arbitrum bridge. Exchange wi"
  [L87] WEAKENED_VALUE: "can/may [verb]" in apparent value claim — assert directly or delete
        → "If you are already on Arbitrum One with ETH, WETH, or stablecoins, swapping into"

❌  v2/delegators/delegation/delegation-economics.mdx — 3 BLOCKING error(s):

  [L118] BANNED_PHRASE: "rather than" — see banned phrases list
        → "The current mint rate is not static. Check live state rather than relying on an "
  [L33] BANNED_WORD: "real" — delete or restate directly
        → "Delegating LPT can earn you two things: a share of newly minted LPT and a share "
  [L114] BANNED_WORD: "real" — delete or restate directly
        → "## What changes your real return in practice"

⚠️   v2/delegators/delegation/delegation-economics.mdx — 12 warning(s) (human sign-off required):

  [L70] CONDITIONAL_IF: "if" in body prose — check for conditional gatekeeping
        → "Gateways pay orchestrators in ETH for completed work. Delegators only receive a "
  [L99] CONDITIONAL_IF: "if" in body prose — check for conditional gatekeeping
        → "Each round, the orchestrator still has to call `reward()`. If they miss it, the "
  [L110] CONDITIONAL_IF: "if" in body prose — check for conditional gatekeeping
        → "- unbond if your goal is to exit and withdraw"
  [L121] CONDITIONAL_IF: "if" in body prose — check for conditional gatekeeping
        → "Strong fee share only matters if the orchestrator actually earns fee revenue."
  [L127] CONDITIONAL_IF: "if" in body prose — check for conditional gatekeeping
        → "If many more delegators join the same orchestrator after you, your percentage of"
  [L105] NOT_CONSTRUCTION: "not [noun/verb]" — restate as positive claim
        → "Rewards accumulate in contract state. They do not automatically appear in your w"
  [L118] NOT_CONSTRUCTION: "not [noun/verb]" — restate as positive claim
        → "The current mint rate is not static. Check live state rather than relying on an "
  [L124] NOT_CONSTRUCTION: "not [noun/verb]" — restate as positive claim
        → "Commission settings are not permanent promises. Re-check them periodically."
  [L33] WEAKENED_VALUE: "can/may [verb]" in apparent value claim — assert directly or delete
        → "Delegating LPT can earn you two things: a share of newly minted LPT and a share "
  [L45] WEAKENED_VALUE: "can/may [verb]" in apparent value claim — assert directly or delete
        → "Your LPT reward per round can be expressed as:"
  [L101] WEAKENED_VALUE: "can/may [verb]" in apparent value claim — assert directly or delete
        → "That means a "slightly worse commission but near-perfect reward reliability" can"
  [L123] WEAKENED_VALUE: "can/may [verb]" in apparent value claim — assert directly or delete
        → "<Accordion title="Orchestrators can change their terms">"

❌  v2/delegators/delegation/choose-an-orchestrator.mdx — 3 BLOCKING error(s):

  [L32] BANNED_WORD: "meaningful" — delete or restate directly
        → "Choosing an orchestrator is the most consequential decision you make as a delega"
  [L61] BANNED_WORD: "real" — delete or restate directly
        → "This is the first real quality gate. Before commission, before branding, before "
  [L118] BANNED_WORD: "meaningful" — delete or restate directly
        → "Optional, but useful for meaningful positions:"

⚠️   v2/delegators/delegation/choose-an-orchestrator.mdx — 11 warning(s) (human sign-off required):

  [L32] CONDITIONAL_IF: "if" in body prose — check for conditional gatekeeping
        → "Choosing an orchestrator is the most consequential decision you make as a delega"
  [L57] CONDITIONAL_IF: "if" in body prose — check for conditional gatekeeping
        → "If an operator is not active now, your stake helps them compete for activation b"
  [L148] CONDITIONAL_IF: "if" in body prose — check for conditional gatekeeping
        → "<Accordion title="What if my orchestrator later becomes inactive?">"
  [L57] NOT_CONSTRUCTION: "not [noun/verb]" — restate as positive claim
        → "If an operator is not active now, your stake helps them compete for activation b"
  [L114] NOT_CONSTRUCTION: "not [noun/verb]" — restate as positive claim
        → "From a pure-yield perspective, big operators are not automatically better. From "
  [L131] NOT_CONSTRUCTION: "not [noun/verb]" — restate as positive claim
        → "- [ ] not uncomfortably concentrated"
  [L152] NOT_CONSTRUCTION: "not [noun/verb]" — restate as positive claim
        → "Keep a small Arbitrum ETH balance available for the initial delegation plus late"
  [L32] WEAKENED_VALUE: "can/may [verb]" in apparent value claim — assert directly or delete
        → "Choosing an orchestrator is the most consequential decision you make as a delega"
  [L114] WEAKENED_VALUE: "can/may [verb]" in apparent value claim — assert directly or delete
        → "From a pure-yield perspective, big operators are not automatically better. From "
  [L145] WEAKENED_VALUE: "can/may [verb]" in apparent value claim — assert directly or delete
        → "<Accordion title="Can I delegate to more than one orchestrator from one wallet?""
  [L4] DESCRIPTION_ANNOUNCES_CONTENT: Description announces page contents — lead with reader outcome instead
        → "How to evaluate Livepeer orchestrators and pick one that fits your goals before you execute the delegation transaction."

⚠️   v2/delegators/delegation/delegate-your-lpt.mdx — 13 warning(s) (human sign-off required):

  [L72] CONDITIONAL_IF: "if" in body prose — check for conditional gatekeeping
        → "If you delegated mid-round, do not expect immediate reward growth. First visible"
  [L79] CONDITIONAL_IF: "if" in body prose — check for conditional gatekeeping
        → "If you call `claimEarnings()` before your orchestrator has already called `rewar"
  [L51] NOT_CONSTRUCTION: "not [noun/verb]" — restate as positive claim
        → "Click **Delegate** on the orchestrator profile and enter the amount of LPT you w"
  [L72] NOT_CONSTRUCTION: "not [noun/verb]" — restate as positive claim
        → "If you delegated mid-round, do not expect immediate reward growth. First visible"
  [L77] NOT_CONSTRUCTION: "not [noun/verb]" — restate as positive claim
        → "As of 6 April 2026, Explorer PR `#613` is still open. Do not assume the UI will "
  [L93] NOT_CONSTRUCTION: "not [noun/verb]" — restate as positive claim
        → "<Accordion title="I do not see rewards yet. Is something broken?">"
  [L94] NOT_CONSTRUCTION: "not [noun/verb]" — restate as positive claim
        → "Not necessarily. Wait for the next round and confirm that your orchestrator has "
  [L72] WEAKENED_VALUE: "can/may [verb]" in apparent value claim — assert directly or delete
        → "If you delegated mid-round, do not expect immediate reward growth. First visible"
  [L79] WEAKENED_VALUE: "can/may [verb]" in apparent value claim — assert directly or delete
        → "If you call `claimEarnings()` before your orchestrator has already called `rewar"
  [L87] WEAKENED_VALUE: "can/may [verb]" in apparent value claim — assert directly or delete
        → "<Accordion title="Can I bond only part of my balance?">"
  [L88] WEAKENED_VALUE: "can/may [verb]" in apparent value claim — assert directly or delete
        → "Yes. You can start with a partial amount and add more later from the same wallet"
  [L90] WEAKENED_VALUE: "can/may [verb]" in apparent value claim — assert directly or delete
        → "<Accordion title="Can I undo the bond immediately?">"
  [L91] WEAKENED_VALUE: "can/may [verb]" in apparent value claim — assert directly or delete
        → "You can redelegate quickly, but full withdrawal requires unbonding and waiting t"

❌  v2/delegators/delegation/manage-your-delegation.mdx — 1 BLOCKING error(s):

  [L119] BANNED_PHRASE: "rather than" — see banned phrases list
        → "Earnings are accounted against your delegator position rather than abandoned wit"

⚠️   v2/delegators/delegation/manage-your-delegation.mdx — 20 warning(s) (human sign-off required):

  [L32] CONDITIONAL_IF: "if" in body prose — check for conditional gatekeeping
        → "If your orchestrator is active and keeps calling `reward()`, your pending earnin"
  [L54] CONDITIONAL_IF: "if" in body prose — check for conditional gatekeeping
        → "The protocol records `lastClaimRound` when `claimEarnings()` executes. If your o"
  [L61] CONDITIONAL_IF: "if" in body prose — check for conditional gatekeeping
        → "Claiming updates your bonded balance so future rewards are earned on a larger ba"
  [L73] CONDITIONAL_IF: "if" in body prose — check for conditional gatekeeping
        → "Use it if:"
  [L81] CONDITIONAL_IF: "if" in body prose — check for conditional gatekeeping
        → "Redelegation also triggers earnings checkpointing. If you move at the start of a"
  [L84] CONDITIONAL_IF: "if" in body prose — check for conditional gatekeeping
        → "## Unbond and withdraw if you want liquid tokens back"
  [L111] CONDITIONAL_IF: "if" in body prose — check for conditional gatekeeping
        → "- `rewardCut` changes"
  [L133] CONDITIONAL_IF: "if" in body prose — check for conditional gatekeeping
        → "</AccordionGroup>"
  [L32] NOT_CONSTRUCTION: "not [noun/verb]" — restate as positive claim
        → "If your orchestrator is active and keeps calling `reward()`, your pending earnin"
  [L52] NOT_CONSTRUCTION: "not [noun/verb]" — restate as positive claim
        → "As of 6 April 2026, Explorer PR `#613` is still open, so do not assume the UI wi"
  [L54] NOT_CONSTRUCTION: "not [noun/verb]" — restate as positive claim
        → "The protocol records `lastClaimRound` when `claimEarnings()` executes. If your o"
  [L63] NOT_CONSTRUCTION: "not [noun/verb]" — restate as positive claim
        → "The protocol does not force a claim schedule. Choose a cadence that makes sense "
  [L112] NOT_CONSTRUCTION: "not [noun/verb]" — restate as positive claim
        → "- `feeShare` changes"
  [L54] WEAKENED_VALUE: "can/may [verb]" in apparent value claim — assert directly or delete
        → "The protocol records `lastClaimRound` when `claimEarnings()` executes. If your o"
  [L81] WEAKENED_VALUE: "can/may [verb]" in apparent value claim — assert directly or delete
        → "Redelegation also triggers earnings checkpointing. If you move at the start of a"
  [L114] WEAKENED_VALUE: "can/may [verb]" in apparent value claim — assert directly or delete
        → ""
  [L115] WEAKENED_VALUE: "can/may [verb]" in apparent value claim — assert directly or delete
        → "## Frequently asked questions"
  [L117] WEAKENED_VALUE: "can/may [verb]" in apparent value claim — assert directly or delete
        → "<AccordionGroup>"
  [L120] WEAKENED_VALUE: "can/may [verb]" in apparent value claim — assert directly or delete
        → "</Accordion>"
  [L4] DESCRIPTION_ANNOUNCES_CONTENT: Description announces page contents — lead with reader outcome instead
        → "How to claim rewards, compound your position, switch orchestrators, and fully exit delegation on Livepeer."

⚠️   v2/delegators/guides/governance/overview.mdx — 6 warning(s) (human sign-off required):

  [L95] CONDITIONAL_IF: "if" in body prose — check for conditional gatekeeping
        → "6. **On-chain vote** – Finally, the LIP is submitted to the governance smart con"
  [L107] CONDITIONAL_IF: "if" in body prose — check for conditional gatekeeping
        → "A proposal passes if it satisfies quorum and majority thresholds as defined in g"
  [L57] WEAKENED_VALUE: "can/may [verb]" in apparent value claim — assert directly or delete
        → "Governance may modify:"
  [L85] WEAKENED_VALUE: "can/may [verb]" in apparent value claim — assert directly or delete
        → "1. **Idea & discussion** – Anyone can raise an idea on the Livepeer forum or Dis"
  [L93] WEAKENED_VALUE: "can/may [verb]" in apparent value claim — assert directly or delete
        → "5. **Snapshot signalling** – Before moving on-chain, proposers may conduct a Sna"
  [L142] WEAKENED_VALUE: "can/may [verb]" in apparent value claim — assert directly or delete
        → "Governance decisions may indirectly influence network behaviour by modifying:"

⚠️   v2/delegators/guides/governance/model.mdx — 12 warning(s) (human sign-off required):

  [L65] CONDITIONAL_IF: "if" in body prose — check for conditional gatekeeping
        → "7. **Execution** - state transition if conditions met"
  [L117] CONDITIONAL_IF: "if" in body prose — check for conditional gatekeeping
        → "If quorum and threshold conditions are satisfied and timelock has elapsed:"
  [L170] CONDITIONAL_IF: "if" in body prose — check for conditional gatekeeping
        → "If a small number of addresses control a large fraction of <MathInline latex={St"
  [L174] CONDITIONAL_IF: "if" in body prose — check for conditional gatekeeping
        → "If quorum fraction <MathInline latex={String.raw`Q`} /> is high relative to typi"
  [L177] CONDITIONAL_IF: "if" in body prose — check for conditional gatekeeping
        → "If <MathInline latex={String.raw`Q`} /> is low:"
  [L184] CONDITIONAL_IF: "if" in body prose — check for conditional gatekeeping
        → "The security committee/protocol owners invoke functions to set values per vote o"
  [L141] NOT_CONSTRUCTION: "not [noun/verb]" — restate as positive claim
        → "This establishes that governance is not merely social; it is enacted through dep"
  [L122] WEAKENED_VALUE: "can/may [verb]" in apparent value claim — assert directly or delete
        → "Execution may include:"
  [L152] WEAKENED_VALUE: "can/may [verb]" in apparent value claim — assert directly or delete
        → "| `treasuryBalanceCeiling` | Once the treasury balance exceeds a ceiling (750,00"
  [L175] WEAKENED_VALUE: "can/may [verb]" in apparent value claim — assert directly or delete
        → "- Proposals may fail due to insufficient turnout"
  [L178] WEAKENED_VALUE: "can/may [verb]" in apparent value claim — assert directly or delete
        → "- Small coordinated groups may pass proposals"
  [L184] WEAKENED_VALUE: "can/may [verb]" in apparent value claim — assert directly or delete
        → "The security committee/protocol owners invoke functions to set values per vote o"

⚠️   v2/delegators/guides/governance/processes.mdx — 14 warning(s) (human sign-off required):

  [L131] CONDITIONAL_IF: "if" in body prose — check for conditional gatekeeping
        → "Only LPT that is bonded (staked) to an orchestrator has governance voting power."
  [L143] CONDITIONAL_IF: "if" in body prose — check for conditional gatekeeping
        → "If quorum (33%) and majority (&gt;50%) are met, the proposal enters a timelock q"
  [L171] CONDITIONAL_IF: "if" in body prose — check for conditional gatekeeping
        → "If conditions are met and timelock expires:"
  [L175] CONDITIONAL_IF: "if" in body prose — check for conditional gatekeeping
        → "- Treasury transfers occur if included"
  [L231] CONDITIONAL_IF: "if" in body prose — check for conditional gatekeeping
        → "If <MathInline latex={String.raw`Q`} /> is too low:"
  [L234] CONDITIONAL_IF: "if" in body prose — check for conditional gatekeeping
        → "If <MathInline latex={String.raw`Q`} /> is too high:"
  [L131] NOT_CONSTRUCTION: "not [noun/verb]" — restate as positive claim
        → "Only LPT that is bonded (staked) to an orchestrator has governance voting power."
  [L208] NOT_CONSTRUCTION: "not [noun/verb]" — restate as positive claim
        → "Despite its coordinating role, the Foundation is not a central authority. Treasu"
  [L247] NOT_CONSTRUCTION: "not [noun/verb]" — restate as positive claim
        → "Livepeer's governance has not yet adopted these mechanisms, but community discus"
  [L107] WEAKENED_VALUE: "can/may [verb]" in apparent value claim — assert directly or delete
        → "Delegators exercise governance indirectly by delegating to orchestrators whose v"
  [L115] WEAKENED_VALUE: "can/may [verb]" in apparent value claim — assert directly or delete
        → "A formal governance proposal encodes executable contract actions. Proposal paylo"
  [L125] WEAKENED_VALUE: "can/may [verb]" in apparent value claim — assert directly or delete
        → "Voting occurs via an on-chain smart contract. When a LIP is ready, its hash and "
  [L232] WEAKENED_VALUE: "can/may [verb]" in apparent value claim — assert directly or delete
        → "- Small coalitions may pass proposals"
  [L235] WEAKENED_VALUE: "can/may [verb]" in apparent value claim — assert directly or delete
        → "- Governance stagnation may occur"

⚠️   v2/delegators/guides/treasury/overview.mdx — 3 warning(s) (human sign-off required):

  [L32] NOT_CONSTRUCTION: "not [noun/verb]" — restate as positive claim
        → "Treasury control is enforced at the **protocol layer (on-chain)** through govern"
  [L138] NOT_CONSTRUCTION: "not [noun/verb]" — restate as positive claim
        → "Treasury is not automatically "good"; its outcomes depend on governance process "
  [L73] WEAKENED_VALUE: "can/may [verb]" in apparent value claim — assert directly or delete
        → "At the network layer, treasury-funded initiatives may affect:"

⚠️   v2/delegators/guides/treasury/proposals.mdx — 6 warning(s) (human sign-off required):

  [L69] CONDITIONAL_IF: "if" in body prose — check for conditional gatekeeping
        → "- **Value** is the native token amount attached (if any)"
  [L120] CONDITIONAL_IF: "if" in body prose — check for conditional gatekeeping
        → "2. **Atomicity:** if any action reverts, the transaction reverts unless the exec"
  [L130] CONDITIONAL_IF: "if" in body prose — check for conditional gatekeeping
        → "If treasury balance is <MathInline latex={String.raw`T`} /> and allocation amoun"
  [L166] CONDITIONAL_IF: "if" in body prose — check for conditional gatekeeping
        → "If timelock delay or execution window conditions are misconfigured, proposals ma"
  [L140] WEAKENED_VALUE: "can/may [verb]" in apparent value claim — assert directly or delete
        → "Treasury proposal execution can fail for multiple reasons."
  [L166] WEAKENED_VALUE: "can/may [verb]" in apparent value claim — assert directly or delete
        → "If timelock delay or execution window conditions are misconfigured, proposals ma"

⚠️   v2/delegators/guides/treasury/allocations.mdx — 5 warning(s) (human sign-off required):

  [L172] NOT_CONSTRUCTION: "not [noun/verb]" — restate as positive claim
        → "Treasury can enforce transfer, not performance."
  [L168] WEAKENED_VALUE: "can/may [verb]" in apparent value claim — assert directly or delete
        → "- recipients may fail to deliver"
  [L169] WEAKENED_VALUE: "can/may [verb]" in apparent value claim — assert directly or delete
        → "- outcomes may be unverifiable"
  [L170] WEAKENED_VALUE: "can/may [verb]" in apparent value claim — assert directly or delete
        → "- incentives may misalign"
  [L172] WEAKENED_VALUE: "can/may [verb]" in apparent value claim — assert directly or delete
        → "Treasury can enforce transfer, not performance."

❌  v2/delegators/resources/glossary.mdx — 12 BLOCKING error(s):

  [L104] BANNED_PHRASE: "rather than" — see banned phrases list
        → "{ Term: "Fee Cut", Category: "economic", Niche: "reward", Definition: "A complem"
  [L151] BANNED_PHRASE: "rather than" — see banned phrases list
        → "{ Term: "Stake-Weighted", Category: "livepeer", Niche: "governance", Definition:"
  [L152] BANNED_PHRASE: "rather than" — see banned phrases list
        → "{ Term: "Stake-Weighted Voting", Category: "web3", Niche: "governance", Definiti"
  [L582] BANNED_PHRASE: "rather than" — see banned phrases list
        → "**Context**: Equivalent to Target Bonding Rate; some documentation uses this for"
  [L810] BANNED_PHRASE: "rather than" — see banned phrases list
        → "**Definition**: The complementary way to describe the ETH fee split: the percent"
  [L814] BANNED_PHRASE: "rather than" — see banned phrases list
        → "**Context**: Delegator-facing current Livepeer Explorer surfaces use **Fee Share"
  [L966] BANNED_PHRASE: "rather than" — see banned phrases list
        → "**Context**: The fee switch is a proposed parameter change subject to on-chain g"
  [L1090] BANNED_PHRASE: "rather than" — see banned phrases list
        → "**Definition**: A mechanism where each participant's voting power, reward alloca"
  [L1102] BANNED_PHRASE: "rather than" — see banned phrases list
        → "**Definition**: A governance voting system in which each participant's vote coun"
  [L90] BANNED_WORD: "real" — delete or restate directly
        → "{ Term: "Capital-backed Sybil Resistance", Category: "web3", Niche: "tokenomics""
  [L590] BANNED_WORD: "real" — delete or restate directly
        → "**Definition**: A security mechanism where staking capital is required to partic"
  [L824] BANNED_WORD: "real" — delete or restate directly
        → "**Context**: The fee pool is distinct from the inflationary reward pool; it orig"

⚠️   v2/delegators/resources/glossary.mdx — 25 warning(s) (human sign-off required):

  [L124] CONDITIONAL_IF: "if" in body prose — check for conditional gatekeeping
        → "{ Term: "Livepeer Foundation", Category: "livepeer", Niche: "entity", Definition"
  [L283] CONDITIONAL_IF: "if" in body prose — check for conditional gatekeeping
        → ""
  [L307] CONDITIONAL_IF: "if" in body prose — check for conditional gatekeeping
        → ""
  [L317] CONDITIONAL_IF: "if" in body prose — check for conditional gatekeeping
        → ""
  [L725] CONDITIONAL_IF: "if" in body prose — check for conditional gatekeeping
        → ""
  [L125] NOT_CONSTRUCTION: "not [noun/verb]" — restate as positive claim
        → "{ Term: "LivepeerGovernor", Category: "livepeer", Niche: "contract, web3:governa"
  [L191] NOT_CONSTRUCTION: "not [noun/verb]" — restate as positive claim
        → ""
  [L307] NOT_CONSTRUCTION: "not [noun/verb]" — restate as positive claim
        → ""
  [L367] NOT_CONSTRUCTION: "not [noun/verb]" — restate as positive claim
        → ""
  [L475] NOT_CONSTRUCTION: "not [noun/verb]" — restate as positive claim
        → ""
  [L757] NOT_CONSTRUCTION: "not [noun/verb]" — restate as positive claim
        → ""
  [L869] NOT_CONSTRUCTION: "not [noun/verb]" — restate as positive claim
        → ""
  [L887] NOT_CONSTRUCTION: "not [noun/verb]" — restate as positive claim
        → ""
  [L889] NOT_CONSTRUCTION: "not [noun/verb]" — restate as positive claim
        → ""
  [L967] NOT_CONSTRUCTION: "not [noun/verb]" — restate as positive claim
        → ""
  [L1037] NOT_CONSTRUCTION: "not [noun/verb]" — restate as positive claim
        → ""
  [L1115] NOT_CONSTRUCTION: "not [noun/verb]" — restate as positive claim
        → ""
  [L148] WEAKENED_VALUE: "can/may [verb]" in apparent value claim — assert directly or delete
        → "{ Term: "Slashing", Category: "livepeer", Niche: "protocol, economic:reward, web"
  [L201] WEAKENED_VALUE: "can/may [verb]" in apparent value claim — assert directly or delete
        → ""
  [L367] WEAKENED_VALUE: "can/may [verb]" in apparent value claim — assert directly or delete
        → ""
  [L613] WEAKENED_VALUE: "can/may [verb]" in apparent value claim — assert directly or delete
        → ""
  [L757] WEAKENED_VALUE: "can/may [verb]" in apparent value claim — assert directly or delete
        → ""
  [L783] WEAKENED_VALUE: "can/may [verb]" in apparent value claim — assert directly or delete
        → ""
  [L909] WEAKENED_VALUE: "can/may [verb]" in apparent value claim — assert directly or delete
        → ""
  [L1103] WEAKENED_VALUE: "can/may [verb]" in apparent value claim — assert directly or delete
        → ""

❌  v2/delegators/resources/reference/contracts.mdx — 1 BLOCKING error(s):

  [L112] BANNED_PHRASE: "rather than" — see banned phrases list
        → "Use the bridge page when you need the practical wallet flow rather than the raw "

⚠️   v2/delegators/resources/reference/contracts.mdx — 1 warning(s) (human sign-off required):

  [L50] CONDITIONAL_IF: "if" in body prose — check for conditional gatekeeping
        → "This page renders from the repo's generated contract-address dataset. If you nee"

⚠️   v2/delegators/resources/compendium/lpt-eth-usage.mdx — 3 warning(s) (human sign-off required):

  [L53] NOT_CONSTRUCTION: "not [noun/verb]" — restate as positive claim
        → "```"
  [L31] WEAKENED_VALUE: "can/may [verb]" in apparent value claim — assert directly or delete
        → "This page distinguishes the protocol's payment layer from its staking and govern"
  [L47] WEAKENED_VALUE: "can/may [verb]" in apparent value claim — assert directly or delete
        → "Prices can be specified in wei or converted from fiat currencies [starter.go:891"

⚠️   v2/delegators/resources/knowledge-hub/delegator-videos-and-blogs.mdx — 1 warning(s) (human sign-off required):

  [L27] WEAKENED_VALUE: "can/may [verb]" in apparent value claim — assert directly or delete
        → "This page lists existing video and blog content that can help delegators stake L"

⚠️   v2/community/portal.mdx — 1 warning(s) (human sign-off required):

  [L122] WEAKENED_VALUE: "can/may [verb]" in apparent value claim — assert directly or delete
        → "From product updates to community hangouts, you can find it all on the Livepeer "

⚠️   v2/community/navigator.mdx — 3 warning(s) (human sign-off required):

  [L71] NOT_CONSTRUCTION: "not [noun/verb]" — restate as positive claim
        → "Livepeer is open source and community-governed. Useful participation does not re"
  [L81] WEAKENED_VALUE: "can/may [verb]" in apparent value claim — assert directly or delete
        → "Livepeer governance is on-chain, binding, and open to any staked LPT holder. Com"
  [L5] DESCRIPTION_TOO_LONG: Description exceeds 160-character target (172) — tighten the outcome statement
        → "Choose the right community path based on your goals, experience level, and interests. Whether you want to connect, contr"

⚠️   v2/community/ecosystem/organisations.mdx — 1 warning(s) (human sign-off required):

  [L4] DESCRIPTION_TOO_LONG: Description exceeds 160-character target (177) — tighten the outcome statement
        → "A look at the Livepeer organisational structure, including the Livepeer Foundation, Livepeer Inc., and the key role of t"

⚠️   v2/community/ecosystem/ecosystem.mdx — 1 warning(s) (human sign-off required):

  [L4] DESCRIPTION_TOO_LONG: Description exceeds 160-character target (166) — tighten the outcome statement
        → "A look at the Livepeer ecosystem, including the Livepeer Foundation, Livepeer Inc., and the key role of the Livepeer Com"

⚠️   v2/community/ecosystem/partners.mdx — 1 warning(s) (human sign-off required):

  [L4] DESCRIPTION_TOO_LONG: Description exceeds 160-character target (169) — tighten the outcome statement
        → "A showcase of the growing ecosystem of partners and integrations building with Livepeer, including solutions integrators"

⚠️   v2/community/ecosystem/spes.mdx — 1 warning(s) (human sign-off required):

  [L4] DESCRIPTION_TOO_LONG: Description exceeds 160-character target (168) — tighten the outcome statement
        → "Special Purpose Entities (SPEs) are treasury-funded projects proposed by LPT holders and approved through on-chain gover"

⚠️   v2/community/contribute/opportunities.mdx — 4 warning(s) (human sign-off required):

  [L58] WEAKENED_VALUE: "can/may [verb]" in apparent value claim — assert directly or delete
        → "Any LPT holder can propose a Special Purpose Entity (SPE) - a treasury-funded pr"
  [L89] WEAKENED_VALUE: "can/may [verb]" in apparent value claim — assert directly or delete
        → "Submit your final proposal at [explorer.livepeer.org/treasury](https://explorer."
  [L92] WEAKENED_VALUE: "can/may [verb]" in apparent value claim — assert directly or delete
        → "After a ~21-hour delay, a 10-round voting window opens (approximately 9 days). A"
  [L122] WEAKENED_VALUE: "can/may [verb]" in apparent value claim — assert directly or delete
        → "Livepeer runs a bug bounty programme through Immunefi. Security researchers can "

⚠️   v2/community/contribute/contribute.mdx — 1 warning(s) (human sign-off required):

  [L74] NOT_CONSTRUCTION: "not [noun/verb]" — restate as positive claim
        → "## Not Sure Where to Start?"

⚠️   v2/community/contribute/build-livepeer.mdx — 1 warning(s) (human sign-off required):

  [L84] WEAKENED_VALUE: "can/may [verb]" in apparent value claim — assert directly or delete
        → "Builders can apply for grants through the [Dev Hub](https://www.livepeer.org/dev"

⚠️   v2/community/guides/guidelines.mdx — 26 warning(s) (human sign-off required):

  [L95] CONDITIONAL_IF: "if" in body prose — check for conditional gatekeeping
        → "The network belongs to its participants. That means community members share resp"
  [L277] CONDITIONAL_IF: "if" in body prose — check for conditional gatekeeping
        → ""
  [L291] CONDITIONAL_IF: "if" in body prose — check for conditional gatekeeping
        → ""
  [L292] CONDITIONAL_IF: "if" in body prose — check for conditional gatekeeping
        → "### Contribution Principles"
  [L319] CONDITIONAL_IF: "if" in body prose — check for conditional gatekeeping
        → "<CustomDivider />"
  [L355] CONDITIONAL_IF: "if" in body prose — check for conditional gatekeeping
        → "</Card>"
  [L357] CONDITIONAL_IF: "if" in body prose — check for conditional gatekeeping
        → "</Columns>"
  [L370] CONDITIONAL_IF: "if" in body prose — check for conditional gatekeeping
        → ""
  [L406] CONDITIONAL_IF: "if" in body prose — check for conditional gatekeeping
        → ""
  [L480] CONDITIONAL_IF: "if" in body prose — check for conditional gatekeeping
        → "<Card"
  [L56] NOT_CONSTRUCTION: "not [noun/verb]" — restate as positive claim
        → "<BorderedBox variant="accent" padding="16px 20px">"
  [L83] NOT_CONSTRUCTION: "not [noun/verb]" — restate as positive claim
        → "Decisions, proposals, and processes should be visible to all stakeholders. We di"
  [L117] NOT_CONSTRUCTION: "not [noun/verb]" — restate as positive claim
        → "### ✅ What We Expect"
  [L125] NOT_CONSTRUCTION: "not [noun/verb]" — restate as positive claim
        → "- **Credit others** - Acknowledge the work and ideas of others. Don't post conte"
  [L143] NOT_CONSTRUCTION: "not [noun/verb]" — restate as positive claim
        → "- **Impersonation** - Pretending to be another community member, team member, or"
  [L204] NOT_CONSTRUCTION: "not [noun/verb]" — restate as positive claim
        → "</Card>"
  [L299] NOT_CONSTRUCTION: "not [noun/verb]" — restate as positive claim
        → "- **Keep PRs focused** - One logical change per pull request. Smaller, well-scop"
  [L406] NOT_CONSTRUCTION: "not [noun/verb]" — restate as positive claim
        → ""
  [L47] WEAKENED_VALUE: "can/may [verb]" in apparent value claim — assert directly or delete
        → "src="https://media3.giphy.com/media/v1.Y2lkPTc5MGI3NjExNjgxanlyczB0NW05M2xlYWEwd"
  [L57] WEAKENED_VALUE: "can/may [verb]" in apparent value claim — assert directly or delete
        → ""
  [L235] WEAKENED_VALUE: "can/may [verb]" in apparent value claim — assert directly or delete
        → "Lead with what you've already tried. Include relevant specs (OS, version, config"
  [L269] WEAKENED_VALUE: "can/may [verb]" in apparent value claim — assert directly or delete
        → ""
  [L288] WEAKENED_VALUE: "can/may [verb]" in apparent value claim — assert directly or delete
        → "</DisplayCard>"
  [L293] WEAKENED_VALUE: "can/may [verb]" in apparent value claim — assert directly or delete
        → ""
  [L300] WEAKENED_VALUE: "can/may [verb]" in apparent value claim — assert directly or delete
        → "- **Write readable commit messages** - Use the [Conventional Commits](https://ww"
  [L359] WEAKENED_VALUE: "can/may [verb]" in apparent value claim — assert directly or delete
        → "<br />"

⚠️   v2/community/resources/awesome-livepeer.mdx — 3 warning(s) (human sign-off required):

  [L205] CONDITIONAL_IF: "if" in body prose — check for conditional gatekeeping
        → "The complete community-curated directory of Livepeer projects, tutorials, demos,"
  [L36] NOT_CONSTRUCTION: "not [noun/verb]" — restate as positive claim
        → "The complete community-maintained list lives at **[github.com/livepeer/awesome-l"
  [L77] WEAKENED_VALUE: "can/may [verb]" in apparent value claim — assert directly or delete
        → "All three dashboards are hosted within or linked from the Livepeer Explorer. Ver"

⚠️   v2/community/resources/guides.mdx — 1 warning(s) (human sign-off required):

  [L3] DESCRIPTION_TOO_LONG: Description exceeds 160-character target (164) — tighten the outcome statement
        → "Guides, tutorials, and educational resources from the Livepeer community - covering delegation, orchestrator operation, "

❌  v2/community/resources/glossary.mdx — 9 BLOCKING error(s):

  [L90] BANNED_PHRASE: "rather than" — see banned phrases list
        → "{ Term: "DAO (Decentralized Autonomous Organization)", Category: "web3", Niche: "
  [L128] BANNED_PHRASE: "rather than" — see banned phrases list
        → "{ Term: "Milestone-based Grants", Category: "economic", Niche: "treasury", Defin"
  [L138] BANNED_PHRASE: "rather than" — see banned phrases list
        → "{ Term: "Proof of utility", Category: "web3", Niche: "concept", Definition: "Mod"
  [L664] BANNED_PHRASE: "rather than" — see banned phrases list
        → "**Definition**: Funding released incrementally upon achievement of predefined de"
  [L736] BANNED_PHRASE: "rather than" — see banned phrases list
        → "**Context**: The Surge strategy is a treasury spending philosophy introduced by "
  [L756] BANNED_PHRASE: "rather than" — see banned phrases list
        → "**Context**: The treasury Reward Cut rate is set via governance; it determines w"
  [L1034] BANNED_PHRASE: "rather than" — see banned phrases list
        → "**Definition**: Organisation governed by smart contracts, with rules encoded in "
  [L1074] BANNED_PHRASE: "rather than" — see banned phrases list
        → "**Definition**: Model where participants prove they performed useful work for th"
  [L338] BANNED_WORD: "several" — delete or restate directly
        → "**Context**: One of several treasury-funded SPEs; focused on AI video pipeline d"

⚠️   v2/community/resources/glossary.mdx — 12 warning(s) (human sign-off required):

  [L239] CONDITIONAL_IF: "if" in body prose — check for conditional gatekeeping
        → ""
  [L855] CONDITIONAL_IF: "if" in body prose — check for conditional gatekeeping
        → ""
  [L915] CONDITIONAL_IF: "if" in body prose — check for conditional gatekeeping
        → ""
  [L239] NOT_CONSTRUCTION: "not [noun/verb]" — restate as positive claim
        → ""
  [L875] NOT_CONSTRUCTION: "not [noun/verb]" — restate as positive claim
        → ""
  [L925] NOT_CONSTRUCTION: "not [noun/verb]" — restate as positive claim
        → ""
  [L160] WEAKENED_VALUE: "can/may [verb]" in apparent value claim — assert directly or delete
        → "{ Term: "Treasury", Category: "economic", Niche: "treasury", Definition: "Pool o"
  [L275] WEAKENED_VALUE: "can/may [verb]" in apparent value claim — assert directly or delete
        → ""
  [L933] WEAKENED_VALUE: "can/may [verb]" in apparent value claim — assert directly or delete
        → ""
  [L935] WEAKENED_VALUE: "can/may [verb]" in apparent value claim — assert directly or delete
        → ""
  [L1077] WEAKENED_VALUE: "can/may [verb]" in apparent value claim — assert directly or delete
        → ""
  [L1127] WEAKENED_VALUE: "can/may [verb]" in apparent value claim — assert directly or delete
        → ""

⚠️   v2/community/resources/compendium/media-kit.mdx — 1 warning(s) (human sign-off required):

  [L4] DESCRIPTION_ANNOUNCES_CONTENT: Description announces page contents — lead with reader outcome instead
        → "This page contains the official Livepeer media kit, including logos, colours, and brand guidelines with download links."

⚠️   v2/community/resources/faq.mdx — 11 warning(s) (human sign-off required):

  [L94] NOT_CONSTRUCTION: "not [noun/verb]" — restate as positive claim
        → "GovWorks does not control the treasury - it facilitates the process. Contact the"
  [L44] WEAKENED_VALUE: "can/may [verb]" in apparent value claim — assert directly or delete
        → "An SPE is a community-approved working group funded by the Livepeer on-chain tre"
  [L52] WEAKENED_VALUE: "can/may [verb]" in apparent value claim — assert directly or delete
        → "Any orchestrator or delegator with staked LPT can vote. Votes are cast at [explo"
  [L56] WEAKENED_VALUE: "can/may [verb]" in apparent value claim — assert directly or delete
        → "- Delegators can detach their vote and vote independently via the Explorer"
  [L60] WEAKENED_VALUE: "can/may [verb]" in apparent value claim — assert directly or delete
        → "You need **at least 100 LPT staked** to *submit* a proposal, but any staked hold"
  [L64] WEAKENED_VALUE: "can/may [verb]" in apparent value claim — assert directly or delete
        → "Workstreams are nine focused execution areas introduced by the Livepeer Foundati"
  [L74] WEAKENED_VALUE: "can/may [verb]" in apparent value claim — assert directly or delete
        → "For protocol-level questions or SPE proposals relevant to gateways, GovWorks (St"
  [L80] WEAKENED_VALUE: "can/may [verb]" in apparent value claim — assert directly or delete
        → "Gateway operators can propose improvements via the SPE process. A concrete examp"
  [L98] WEAKENED_VALUE: "can/may [verb]" in apparent value claim — assert directly or delete
        → "LPT (Livepeer Token) is the network's work token and governance token. Orchestra"
  [L113] WEAKENED_VALUE: "can/may [verb]" in apparent value claim — assert directly or delete
        → "<Accordion title="Where can I find community calls and events?">"
  [L120] WEAKENED_VALUE: "can/may [verb]" in apparent value claim — assert directly or delete
        → "Past recordings may be on the [Livepeer YouTube channel](https://www.youtube.com"

⚠️   v2/gateways/resources/reference/technical/api-reference/AI-Worker/ai-worker-api.mdx — 1 warning(s) (human sign-off required):

  [L33] WEAKENED_VALUE: "can/may [verb]" in apparent value claim — assert directly or delete
        → "This API can be consumed through either **Livepeer Studio** (managed) or a"

⚠️   v2/resources/references/apis-sdks/pytrickle-reference.mdx — 1 warning(s) (human sign-off required):

  [L4] DESCRIPTION_TOO_LONG: Description exceeds 160-character target (169) — tighten the outcome statement
        → "PyTrickle is the Python framework for building BYOC containers on Livepeer. Covers FrameProcessor API, StreamServer, Tri"

❌  v2/about/resources/reference/network-metrics.mdx — 1 BLOCKING error(s):

  [L28] BANNED_PHRASE: "rather than" — see banned phrases list
        → "This page is being developed as the reference surface for public metrics and ana"

⚠️   v2/resources/references/network-data/actors.mdx — 1 warning(s) (human sign-off required):

  [L4] DESCRIPTION_ANNOUNCES_CONTENT: Description announces page contents — lead with reader outcome instead
        → "Overview of the key actors and participants in the Livepeer network, including their roles, interactions, and incentives"

⚠️   v2/resources/references/network-data/model-demand-reference.mdx — 1 warning(s) (human sign-off required):

  [L4] DESCRIPTION_TOO_LONG: Description exceeds 160-character target (210) — tighten the outcome statement
        → "Operator reference for GPU memory planning on Livepeer – VRAM requirements by pipeline, warm model strategy, multi-GPU c"

❌  v2/resources/glossary.mdx — 50 BLOCKING error(s):

  [L154] BANNED_PHRASE: "rather than" — see banned phrases list
        → "{ Term: "DAO (Decentralized Autonomous Organization)", Category: "web3:concept","
  [L228] BANNED_PHRASE: "rather than" — see banned phrases list
        → "{ Term: "HTTP Ingest", Category: "video:processing", Tabs: "gateways", Definitio"
  [L242] BANNED_PHRASE: "rather than" — see banned phrases list
        → "{ Term: "Interval-Based Payment", Category: "economic:payment", Tabs: "gateways""
  [L299] BANNED_PHRASE: "rather than" — see banned phrases list
        → "{ Term: "Milestone-based Grants", Category: "economic:treasury", Tabs: "communit"
  [L319] BANNED_PHRASE: "rather than" — see banned phrases list
        → "{ Term: "Off-Chain Gateway", Category: "livepeer:deployment", Tabs: "gateways", "
  [L341] BANNED_PHRASE: "rather than" — see banned phrases list
        → "{ Term: "Per-Request Pricing", Category: "economic:pricing", Tabs: "gateways", D"
  [L364] BANNED_PHRASE: "rather than" — see banned phrases list
        → "{ Term: "Proof of Utility", Category: "livepeer:protocol", Tabs: "home, communit"
  [L407] BANNED_PHRASE: "rather than" — see banned phrases list
        → "{ Term: "Self-Hosted", Category: "technical:deployment", Tabs: "developers, gate"
  [L431] BANNED_PHRASE: "rather than" — see banned phrases list
        → "{ Term: "Stake-Weighted", Category: "livepeer:governance", Tabs: "about, lpt", D"
  [L446] BANNED_PHRASE: "rather than" — see banned phrases list
        → "{ Term: "Synthetic Data", Category: "ai:application", Tabs: "home", Definition: "
  [L473] BANNED_PHRASE: "rather than" — see banned phrases list
        → "{ Term: "Trustless", Category: "web3:concept", Tabs: "home", Definition: "System"
  [L475] BANNED_PHRASE: "rather than" — see banned phrases list
        → "{ Term: "TUS Upload", Category: "technical:security", Tabs: "solutions", Definit"
  [L497] BANNED_PHRASE: "rather than" — see banned phrases list
        → "{ Term: "Webhook Discovery", Category: "livepeer:protocol", Tabs: "orchestrators"
  [L510] BANNED_PHRASE: "rather than" — see banned phrases list
        → "{ Term: "World Model", Category: "ai:application", Tabs: "home, solutions, devel"
  [L1544] BANNED_PHRASE: "rather than" — see banned phrases list
        → "**Context**: Livepeer's mechanism for coordinating supply (GPU operators) and de"
  [L1726] BANNED_PHRASE: "rather than" — see banned phrases list
        → "**Definition**: An organisation governed by smart contracts, with rules encoded "
  [L1934] BANNED_PHRASE: "rather than" — see banned phrases list
        → "**Context**: In the Livepeer actor taxonomy, Developers are distinct from Gatewa"
  [L2360] BANNED_PHRASE: "rather than" — see banned phrases list
        → "**Context**: The fee switch is a proposed parameter change subject to on-chain g"
  [L2490] BANNED_PHRASE: "rather than" — see banned phrases list
        → "**Context**: Gateway-as-a-service offerings (for example, Livepeer Studio, Livep"
  [L2806] BANNED_PHRASE: "rather than" — see banned phrases list
        → "**Definition**: Receiving a live video stream via HTTP push (rather than RTMP) f"
  [L3012] BANNED_PHRASE: "rather than" — see banned phrases list
        → "**Definition**: A compensation model where payment tickets are sent at regular t"
  [L3498] BANNED_PHRASE: "rather than" — see banned phrases list
        → "**Context**: The Livepeer Foundation is distinct from Livepeer Inc. It is member"
  [L3740] BANNED_PHRASE: "rather than" — see banned phrases list
        → "**Definition**: The decentralised market on the Livepeer Network matching Gatewa"
  [L3844] BANNED_PHRASE: "rather than" — see banned phrases list
        → "**Definition**: Funding released incrementally upon achievement of predefined de"
  [L4134] BANNED_PHRASE: "rather than" — see banned phrases list
        → "**Definition**: A Gateway node that operates without blockchain integration, usi"
  [L4450] BANNED_PHRASE: "rather than" — see banned phrases list
        → "**Definition**: A cost model charging per individual AI inference request rather"
  [L4776] BANNED_PHRASE: "rather than" — see banned phrases list
        → "**Definition**: Model where participants prove they performed useful work for th"
  [L4784] BANNED_PHRASE: "rather than" — see banned phrases list
        → "**Context**: Livepeer's proof-of-utility mechanism verifies that Orchestrators a"
  [L5402] BANNED_PHRASE: "rather than" — see banned phrases list
        → "**Definition**: A deployment model in which the operator runs their own infrastr"
  [L5744] BANNED_PHRASE: "rather than" — see banned phrases list
        → "**Definition**: A mechanism where each participant's voting power, reward alloca"
  [L5932] BANNED_PHRASE: "rather than" — see banned phrases list
        → "**Context**: The Surge strategy is a treasury spending philosophy introduced by "
  [L5954] BANNED_PHRASE: "rather than" — see banned phrases list
        → "**Definition**: Artificially generated data produced by algorithms rather than r"
  [L6292] BANNED_PHRASE: "rather than" — see banned phrases list
        → "**Context**: The treasury Reward Cut rate is set via governance; it determines w"
  [L6342] BANNED_PHRASE: "rather than" — see banned phrases list
        → "**Definition**: System property where participants interact using cryptographic "
  [L6370] BANNED_PHRASE: "rather than" — see banned phrases list
        → "**Definition**: Resumable file upload protocol over HTTP that allows interrupted"
  [L6520] BANNED_PHRASE: "rather than" — see banned phrases list
        → "**Context**: The Verifier role is part of Livepeer's fault-proof system: it samp"
  [L6702] BANNED_PHRASE: "rather than" — see banned phrases list
        → "**Definition**: Mechanism for Orchestrators to dynamically advertise their AI ca"
  [L6886] BANNED_PHRASE: "rather than" — see banned phrases list
        → "**Definition**: Neural network representing and predicting environment dynamics,"
  [L71] BANNED_WORD: "real" — delete or restate directly
        → "{ Term: "ABR (Adaptive Bitrate)", Category: "video:encoding", Tabs: "solutions","
  [L124] BANNED_WORD: "real" — delete or restate directly
        → "{ Term: "Capital-backed Sybil Resistance", Category: "web3:tokenomics", Tabs: "l"
  [L241] BANNED_WORD: "real" — delete or restate directly
        → "{ Term: "Interactive Media", Category: "ai:application", Tabs: "home", Definitio"
  [L438] BANNED_WORD: "real" — delete or restate directly
        → "{ Term: "Streaming", Category: "video:playback", Tabs: "home, resources", Defini"
  [L536] BANNED_WORD: "real" — delete or restate directly
        → "**Definition**: Streaming technique that detects viewer bandwidth in real time a"
  [L764] BANNED_WORD: "several" — delete or restate directly
        → "**Context**: One of several treasury-funded SPEs; focused on AI video pipeline d"
  [L1292] BANNED_WORD: "real" — delete or restate directly
        → "**Definition**: A security mechanism where staking capital is required to partic"
  [L2196] BANNED_WORD: "real" — delete or restate directly
        → "**Context**: ETH fees are the demand-side revenue stream for Orchestrators and t"
  [L2330] BANNED_WORD: "real" — delete or restate directly
        → "**Context**: ETH earned from winning tickets flows into the fee pool each round."
  [L2998] BANNED_WORD: "real" — delete or restate directly
        → "**Definition**: Digital content dynamically responding to user input in real tim"
  [L4526] BANNED_WORD: "effectively" — delete or restate directly
        → "**Context**: Used in conjunction with pricePerUnit. Setting a larger pixelsPerUn"
  [L5842] BANNED_WORD: "real" — delete or restate directly
        → "**Definition**: Continuous delivery of multimedia over a network rendered in rea"

⚠️   v2/resources/glossary.mdx — 80 warning(s) (human sign-off required):

  [L181] CONDITIONAL_IF: "if" in body prose — check for conditional gatekeeping
        → "{ Term: "Encrypted Asset", Category: "technical:security", Tabs: "solutions", De"
  [L374] CONDITIONAL_IF: "if" in body prose — check for conditional gatekeeping
        → "{ Term: "Real-time", Category: "video:playback", Tabs: "home, developers, commun"
  [L438] CONDITIONAL_IF: "if" in body prose — check for conditional gatekeeping
        → "{ Term: "Streaming", Category: "video:playback", Tabs: "home, resources", Defini"
  [L1897] CONDITIONAL_IF: "if" in body prose — check for conditional gatekeeping
        → "</Accordion>"
  [L2243] CONDITIONAL_IF: "if" in body prose — check for conditional gatekeeping
        → ""
  [L2773] CONDITIONAL_IF: "if" in body prose — check for conditional gatekeeping
        → ""
  [L4347] CONDITIONAL_IF: "if" in body prose — check for conditional gatekeeping
        → ""
  [L4907] CONDITIONAL_IF: "if" in body prose — check for conditional gatekeeping
        → "</Accordion>"
  [L5049] CONDITIONAL_IF: "if" in body prose — check for conditional gatekeeping
        → ""
  [L5055] CONDITIONAL_IF: "if" in body prose — check for conditional gatekeeping
        → "</Accordion>"
  [L5797] CONDITIONAL_IF: "if" in body prose — check for conditional gatekeeping
        → "</Accordion>"
  [L5963] CONDITIONAL_IF: "if" in body prose — check for conditional gatekeeping
        → ""
  [L5985] CONDITIONAL_IF: "if" in body prose — check for conditional gatekeeping
        → "</Accordion>"
  [L6511] CONDITIONAL_IF: "if" in body prose — check for conditional gatekeeping
        → "</Accordion>"
  [L6583] CONDITIONAL_IF: "if" in body prose — check for conditional gatekeeping
        → "</Accordion>"
  [L50] NOT_CONSTRUCTION: "not [noun/verb]" — restate as positive claim
        → "<Note>"
  [L304] NOT_CONSTRUCTION: "not [noun/verb]" — restate as positive claim
        → "{ Term: "Model ID", Category: "ai:concept", Tabs: "developers", Definition: "Uni"
  [L329] NOT_CONSTRUCTION: "not [noun/verb]" — restate as positive claim
        → "{ Term: "OrchestratorInfo", Category: "livepeer:config", Tabs: "orchestrators", "
  [L332] NOT_CONSTRUCTION: "not [noun/verb]" — restate as positive claim
        → "{ Term: "Output Profile", Category: "video:encoding", Tabs: "orchestrators", Def"
  [L469] NOT_CONSTRUCTION: "not [noun/verb]" — restate as positive claim
        → "{ Term: "Treasury Reward Cut Rate", Category: "economic:treasury", Tabs: "commun"
  [L561] NOT_CONSTRUCTION: "not [noun/verb]" — restate as positive claim
        → "</Accordion>"
  [L1839] NOT_CONSTRUCTION: "not [noun/verb]" — restate as positive claim
        → "</Accordion>"
  [L2461] NOT_CONSTRUCTION: "not [noun/verb]" — restate as positive claim
        → ""
  [L2773] NOT_CONSTRUCTION: "not [noun/verb]" — restate as positive claim
        → ""
  [L3531] NOT_CONSTRUCTION: "not [noun/verb]" — restate as positive claim
        → "</Accordion>"
  [L4037] NOT_CONSTRUCTION: "not [noun/verb]" — restate as positive claim
        → ""
  [L4399] NOT_CONSTRUCTION: "not [noun/verb]" — restate as positive claim
        → ""
  [L4405] NOT_CONSTRUCTION: "not [noun/verb]" — restate as positive claim
        → "</Accordion>"
  [L4441] NOT_CONSTRUCTION: "not [noun/verb]" — restate as positive claim
        → ""
  [L4629] NOT_CONSTRUCTION: "not [noun/verb]" — restate as positive claim
        → "</Accordion>"
  [L4715] NOT_CONSTRUCTION: "not [noun/verb]" — restate as positive claim
        → "</Accordion>"
  [L4803] NOT_CONSTRUCTION: "not [noun/verb]" — restate as positive claim
        → "</Accordion>"
  [L4907] NOT_CONSTRUCTION: "not [noun/verb]" — restate as positive claim
        → "</Accordion>"
  [L5041] NOT_CONSTRUCTION: "not [noun/verb]" — restate as positive claim
        → "</Accordion>"
  [L6387] NOT_CONSTRUCTION: "not [noun/verb]" — restate as positive claim
        → "<Accordion title="Unbonding" icon="book-open">"
  [L6411] NOT_CONSTRUCTION: "not [noun/verb]" — restate as positive claim
        → ""
  [L6481] NOT_CONSTRUCTION: "not [noun/verb]" — restate as positive claim
        → ""
  [L6583] NOT_CONSTRUCTION: "not [noun/verb]" — restate as positive claim
        → "</Accordion>"
  [L6597] NOT_CONSTRUCTION: "not [noun/verb]" — restate as positive claim
        → "</Accordion>"
  [L6625] NOT_CONSTRUCTION: "not [noun/verb]" — restate as positive claim
        → "</Accordion>"
  [L63] WEAKENED_VALUE: "can/may [verb]" in apparent value claim — assert directly or delete
        → ""
  [L113] WEAKENED_VALUE: "can/may [verb]" in apparent value claim — assert directly or delete
        → "{ Term: "BondingVotes", Category: "livepeer:contract", Tabs: "lpt, resources", D"
  [L172] WEAKENED_VALUE: "can/may [verb]" in apparent value claim — assert directly or delete
        → "{ Term: "Digital Twin", Category: "ai:application", Tabs: "home", Definition: "V"
  [L335] WEAKENED_VALUE: "can/may [verb]" in apparent value claim — assert directly or delete
        → "{ Term: "Pay-per-Pixel", Category: "economic:pricing", Tabs: "about", Definition"
  [L398] WEAKENED_VALUE: "can/may [verb]" in apparent value claim — assert directly or delete
        → "{ Term: "RTX (NVIDIA RTX)", Category: "technical:hardware", Tabs: "gateways, orc"
  [L401] WEAKENED_VALUE: "can/may [verb]" in apparent value claim — assert directly or delete
        → "{ Term: "Scalability", Category: "technical:infra", Tabs: "home", Definition: "A"
  [L447] WEAKENED_VALUE: "can/may [verb]" in apparent value claim — assert directly or delete
        → "{ Term: "TAM (Total Addressable Market)", Category: "economic:business", Tabs: ""
  [L448] WEAKENED_VALUE: "can/may [verb]" in apparent value claim — assert directly or delete
        → "{ Term: "Target Bonding Rate", Category: "web3:tokenomics", Tabs: "lpt", Definit"
  [L482] WEAKENED_VALUE: "can/may [verb]" in apparent value claim — assert directly or delete
        → "{ Term: "veLPT (Voting Escrow LPT)", Category: "web3:governance", Tabs: "communi"
  [L541] WEAKENED_VALUE: "can/may [verb]" in apparent value claim — assert directly or delete
        → ""
  [L797] WEAKENED_VALUE: "can/may [verb]" in apparent value claim — assert directly or delete
        → "</Accordion>"
  [L1255] WEAKENED_VALUE: "can/may [verb]" in apparent value claim — assert directly or delete
        → ""
  [L1361] WEAKENED_VALUE: "can/may [verb]" in apparent value claim — assert directly or delete
        → "</Accordion>"
  [L2109] WEAKENED_VALUE: "can/may [verb]" in apparent value claim — assert directly or delete
        → ""
  [L2115] WEAKENED_VALUE: "can/may [verb]" in apparent value claim — assert directly or delete
        → "</Accordion>"
  [L2305] WEAKENED_VALUE: "can/may [verb]" in apparent value claim — assert directly or delete
        → "</Accordion>"
  [L3781] WEAKENED_VALUE: "can/may [verb]" in apparent value claim — assert directly or delete
        → "</Accordion>"
  [L3927] WEAKENED_VALUE: "can/may [verb]" in apparent value claim — assert directly or delete
        → "</Accordion>"
  [L4217] WEAKENED_VALUE: "can/may [verb]" in apparent value claim — assert directly or delete
        → "</Accordion>"
  [L4245] WEAKENED_VALUE: "can/may [verb]" in apparent value claim — assert directly or delete
        → "</Accordion>"
  [L4483] WEAKENED_VALUE: "can/may [verb]" in apparent value claim — assert directly or delete
        → ""
  [L4559] WEAKENED_VALUE: "can/may [verb]" in apparent value claim — assert directly or delete
        → "</Accordion>"
  [L4687] WEAKENED_VALUE: "can/may [verb]" in apparent value claim — assert directly or delete
        → "</Accordion>"
  [L4715] WEAKENED_VALUE: "can/may [verb]" in apparent value claim — assert directly or delete
        → "</Accordion>"
  [L5393] WEAKENED_VALUE: "can/may [verb]" in apparent value claim — assert directly or delete
        → ""
  [L5427] WEAKENED_VALUE: "can/may [verb]" in apparent value claim — assert directly or delete
        → "</Accordion>"
  [L5435] WEAKENED_VALUE: "can/may [verb]" in apparent value claim — assert directly or delete
        → ""
  [L5511] WEAKENED_VALUE: "can/may [verb]" in apparent value claim — assert directly or delete
        → "</Accordion>"
  [L5625] WEAKENED_VALUE: "can/may [verb]" in apparent value claim — assert directly or delete
        → "</Accordion>"
  [L5755] WEAKENED_VALUE: "can/may [verb]" in apparent value claim — assert directly or delete
        → "</Accordion>"
  [L5797] WEAKENED_VALUE: "can/may [verb]" in apparent value claim — assert directly or delete
        → "</Accordion>"
  [L6093] WEAKENED_VALUE: "can/may [verb]" in apparent value claim — assert directly or delete
        → ""
  [L6107] WEAKENED_VALUE: "can/may [verb]" in apparent value claim — assert directly or delete
        → ""
  [L6387] WEAKENED_VALUE: "can/may [verb]" in apparent value claim — assert directly or delete
        → "<Accordion title="Unbonding" icon="book-open">"
  [L6605] WEAKENED_VALUE: "can/may [verb]" in apparent value claim — assert directly or delete
        → ""
  [L6611] WEAKENED_VALUE: "can/may [verb]" in apparent value claim — assert directly or delete
        → "</Accordion>"
  [L6625] WEAKENED_VALUE: "can/may [verb]" in apparent value claim — assert directly or delete
        → "</Accordion>"
  [L6657] WEAKENED_VALUE: "can/may [verb]" in apparent value claim — assert directly or delete
        → ""
  [L6699] WEAKENED_VALUE: "can/may [verb]" in apparent value claim — assert directly or delete
        → "</Accordion>"
  [L6841] WEAKENED_VALUE: "can/may [verb]" in apparent value claim — assert directly or delete
        → "</Accordion>"

❌  v2/resources/resource-hub-terms.mdx — 8 BLOCKING error(s):

  [L168] BANNED_PHRASE: "rather than" — see banned phrases list
        → "{ Term: "Streaming", Category: "video", Niche: "playback", Definition: "Continuo"
  [L308] BANNED_PHRASE: "rather than" — see banned phrases list
        → "**Context**: In the Livepeer actor taxonomy, Developers are distinct from Gatewa"
  [L388] BANNED_PHRASE: "rather than" — see banned phrases list
        → "**Context**: The Livepeer Foundation is distinct from Livepeer Inc. It is member"
  [L476] BANNED_PHRASE: "rather than" — see banned phrases list
        → "**Context**: Payment Tickets are Livepeer's probabilistic micropayment mechanism"
  [L568] BANNED_PHRASE: "rather than" — see banned phrases list
        → "**Context**: The Verifier role is part of Livepeer's fault-proof system: it samp"
  [L888] BANNED_PHRASE: "rather than" — see banned phrases list
        → "**Definition**: Continuous delivery of audio and video content over a network, r"
  [L181] BANNED_WORD: "real" — delete or restate directly
        → "{ Term: "World Model", Category: "ai", Niche: "application", Definition: "A neur"
  [L744] BANNED_WORD: "real" — delete or restate directly
        → "**Definition**: A neural network that represents and predicts environment dynami"

⚠️   v2/resources/resource-hub-terms.mdx — 16 warning(s) (human sign-off required):

  [L160] CONDITIONAL_IF: "if" in body prose — check for conditional gatekeeping
        → "{ Term: "SDXL", Category: "ai", Niche: "model", Definition: "An advanced open-so"
  [L559] CONDITIONAL_IF: "if" in body prose — check for conditional gatekeeping
        → ""
  [L1205] CONDITIONAL_IF: "if" in body prose — check for conditional gatekeeping
        → ""
  [L53] NOT_CONSTRUCTION: "not [noun/verb]" — restate as positive claim
        → ""
  [L133] NOT_CONSTRUCTION: "not [noun/verb]" — restate as positive claim
        → "{ Term: "Livepeer Network", Category: "livepeer", Niche: "protocol", Definition:"
  [L289] NOT_CONSTRUCTION: "not [noun/verb]" — restate as positive claim
        → ""
  [L399] NOT_CONSTRUCTION: "not [noun/verb]" — restate as positive claim
        → ""
  [L487] NOT_CONSTRUCTION: "not [noun/verb]" — restate as positive claim
        → ""
  [L497] NOT_CONSTRUCTION: "not [noun/verb]" — restate as positive claim
        → ""
  [L1085] NOT_CONSTRUCTION: "not [noun/verb]" — restate as positive claim
        → ""
  [L86] WEAKENED_VALUE: "can/may [verb]" in apparent value claim — assert directly or delete
        → "{ Term: "BondingVotes", Category: "livepeer", Niche: "contract", Definition: "A "
  [L187] WEAKENED_VALUE: "can/may [verb]" in apparent value claim — assert directly or delete
        → ""
  [L239] WEAKENED_VALUE: "can/may [verb]" in apparent value claim — assert directly or delete
        → ""
  [L445] WEAKENED_VALUE: "can/may [verb]" in apparent value claim — assert directly or delete
        → ""
  [L569] WEAKENED_VALUE: "can/may [verb]" in apparent value claim — assert directly or delete
        → ""
  [L605] WEAKENED_VALUE: "can/may [verb]" in apparent value claim — assert directly or delete
        → ""

⚠️   v2/resources/compendium/media-kit.mdx — 1 warning(s) (human sign-off required):

  [L4] DESCRIPTION_ANNOUNCES_CONTENT: Description announces page contents — lead with reader outcome instead
        → "This page contains the official Livepeer media kit, including logos, colours, and brand guidelines with download links."

⚠️   v2/resources/faq.mdx — 34 warning(s) (human sign-off required):

  [L67] CONDITIONAL_IF: "if" in body prose — check for conditional gatekeeping
        → "<Accordion title="Where should I start if I am evaluating Livepeer?" icon="clipb"
  [L182] CONDITIONAL_IF: "if" in body prose — check for conditional gatekeeping
        → "| AI gateway (off-chain) | No | No |"
  [L198] CONDITIONAL_IF: "if" in body prose — check for conditional gatekeeping
        → ""
  [L199] CONDITIONAL_IF: "if" in body prose — check for conditional gatekeeping
        → "```bash icon="terminal""
  [L202] CONDITIONAL_IF: "if" in body prose — check for conditional gatekeeping
        → ""
  [L219] CONDITIONAL_IF: "if" in body prose — check for conditional gatekeeping
        → "<Accordion title="What is -maxPricePerUnit and why doesn't it match what I'm pay"
  [L221] CONDITIONAL_IF: "if" in body prose — check for conditional gatekeeping
        → ""
  [L230] CONDITIONAL_IF: "if" in body prose — check for conditional gatekeeping
        → ""
  [L275] CONDITIONAL_IF: "if" in body prose — check for conditional gatekeeping
        → "<Accordion title="The AI gateway binary doesn't work on Windows. Why?">"
  [L58] NOT_CONSTRUCTION: "not [noun/verb]" — restate as positive claim
        → "LPT is used for staking, delegation, and governance. It is not the token used to"
  [L132] NOT_CONSTRUCTION: "not [noun/verb]" — restate as positive claim
        → "GovWorks does not control the treasury - it facilitates the process. Contact the"
  [L166] NOT_CONSTRUCTION: "not [noun/verb]" — restate as positive claim
        → "./livepeer -broadcaster -network arbitrum-one-mainnet ..."
  [L180] NOT_CONSTRUCTION: "not [noun/verb]" — restate as positive claim
        → "|-------------|-----------|-----------|"
  [L210] NOT_CONSTRUCTION: "not [noun/verb]" — restate as positive claim
        → "- For orchestrator discovery via the Livepeer network, your gateway needs to be "
  [L212] NOT_CONSTRUCTION: "not [noun/verb]" — restate as positive claim
        → "Home networks with NAT (standard home router) require port forwarding rules for "
  [L242] NOT_CONSTRUCTION: "not [noun/verb]" — restate as positive claim
        → "<Accordion title="How do I check my ETH deposit and reserve balance?">"
  [L256] NOT_CONSTRUCTION: "not [noun/verb]" — restate as positive claim
        → "</Accordion>"
  [L267] NOT_CONSTRUCTION: "not [noun/verb]" — restate as positive claim
        → "</Accordion>"
  [L72] WEAKENED_VALUE: "can/may [verb]" in apparent value claim — assert directly or delete
        → "<Accordion title="Where can I look up terms used in this section?" icon="book-op"
  [L88] WEAKENED_VALUE: "can/may [verb]" in apparent value claim — assert directly or delete
        → "An SPE is a community-approved working group funded by the Livepeer on-chain tre"
  [L95] WEAKENED_VALUE: "can/may [verb]" in apparent value claim — assert directly or delete
        → "Any orchestrator or delegator with staked LPT can vote. Votes are cast at [explo"
  [L99] WEAKENED_VALUE: "can/may [verb]" in apparent value claim — assert directly or delete
        → "- Delegators can detach their vote and vote independently via the Explorer"
  [L103] WEAKENED_VALUE: "can/may [verb]" in apparent value claim — assert directly or delete
        → "You need **at least 100 LPT staked** to *submit* a proposal, but any staked hold"
  [L106] WEAKENED_VALUE: "can/may [verb]" in apparent value claim — assert directly or delete
        → "Workstreams are nine focused execution areas introduced by the Livepeer Foundati"
  [L115] WEAKENED_VALUE: "can/may [verb]" in apparent value claim — assert directly or delete
        → "For protocol-level questions or SPE proposals relevant to gateways, GovWorks (St"
  [L120] WEAKENED_VALUE: "can/may [verb]" in apparent value claim — assert directly or delete
        → "Gateway operators can propose improvements via the SPE process. A concrete examp"
  [L135] WEAKENED_VALUE: "can/may [verb]" in apparent value claim — assert directly or delete
        → "LPT (Livepeer Token) is the network's work token and governance token. Orchestra"
  [L147] WEAKENED_VALUE: "can/may [verb]" in apparent value claim — assert directly or delete
        → "<Accordion title="Where can I find community calls and events?">"
  [L154] WEAKENED_VALUE: "can/may [verb]" in apparent value claim — assert directly or delete
        → "Past recordings may be on the [Livepeer YouTube channel](https://www.youtube.com"
  [L195] WEAKENED_VALUE: "can/may [verb]" in apparent value claim — assert directly or delete
        → "```"
  [L230] WEAKENED_VALUE: "can/may [verb]" in apparent value claim — assert directly or delete
        → ""
  [L251] WEAKENED_VALUE: "can/may [verb]" in apparent value claim — assert directly or delete
        → "Select **"Get node status"** and look for **BROADCASTER STATS**. You need both D"
  [L295] WEAKENED_VALUE: "can/may [verb]" in apparent value claim — assert directly or delete
        → "The standard video gateway binary for Windows remains available and unchanged."
  [L4] DESCRIPTION_TOO_LONG: Description exceeds 160-character target (292) — tighten the outcome statement
        → "Comprehensive Livepeer FAQ — every question from every audience, in one place. Covers Livepeer protocol fundamentals, ga"

⚠️   v2/resources/guides.mdx — 4 warning(s) (human sign-off required):

  [L152] CONDITIONAL_IF: "if" in body prose — check for conditional gatekeeping
        → ""
  [L426] NOT_CONSTRUCTION: "not [noun/verb]" — restate as positive claim
        → "Source: [/v2/orchestrators/resources/knowledge-hub/community-guides](/v2/orchest"
  [L288] WEAKENED_VALUE: "can/may [verb]" in apparent value claim — assert directly or delete
        → "</Card>"
  [L4] DESCRIPTION_TOO_LONG: Description exceeds 160-character target (215) — tighten the outcome statement
        → "Curated index of every guide across the Livepeer documentation — community walkthroughs, gateway operator guides, and or"

⚠️   v2/resources/troubleshooting.mdx — 108 warning(s) (human sign-off required):

  [L63] CONDITIONAL_IF: "if" in body prose — check for conditional gatekeeping
        → "- Accordion icons added"
  [L67] CONDITIONAL_IF: "if" in body prose — check for conditional gatekeeping
        → ""
  [L72] CONDITIONAL_IF: "if" in body prose — check for conditional gatekeeping
        → "## Video Issues"
  [L76] CONDITIONAL_IF: "if" in body prose — check for conditional gatekeeping
        → "<Accordion title="Gateway running but not receiving transcoding jobs" icon="circ"
  [L132] CONDITIONAL_IF: "if" in body prose — check for conditional gatekeeping
        → "</TableRow>"
  [L143] CONDITIONAL_IF: "if" in body prose — check for conditional gatekeeping
        → "<TableCell>Switch to `https://arb1.arbitrum.io/rpc` as fallback</TableCell>"
  [L144] CONDITIONAL_IF: "if" in body prose — check for conditional gatekeeping
        → "</TableRow>"
  [L155] CONDITIONAL_IF: "if" in body prose — check for conditional gatekeeping
        → "-ethUrl https://<new-rpc-endpoint>"
  [L158] CONDITIONAL_IF: "if" in body prose — check for conditional gatekeeping
        → ""
  [L159] CONDITIONAL_IF: "if" in body prose — check for conditional gatekeeping
        → "<Accordion title="ETH deposit shows zero after bridging" icon="coins">"
  [L166] CONDITIONAL_IF: "if" in body prose — check for conditional gatekeeping
        → "# Enter reserve amount (e.g. 0.03 ETH)"
  [L196] CONDITIONAL_IF: "if" in body prose — check for conditional gatekeeping
        → ""
  [L247] CONDITIONAL_IF: "if" in body prose — check for conditional gatekeeping
        → ""
  [L276] CONDITIONAL_IF: "if" in body prose — check for conditional gatekeeping
        → "3. **Model ID mismatch** - the model ID string in the request must exactly match"
  [L315] CONDITIONAL_IF: "if" in body prose — check for conditional gatekeeping
        → ""
  [L339] CONDITIONAL_IF: "if" in body prose — check for conditional gatekeeping
        → "<TableCell>CLI API</TableCell>"
  [L343] CONDITIONAL_IF: "if" in body prose — check for conditional gatekeeping
        → "</StyledTable>"
  [L380] CONDITIONAL_IF: "if" in body prose — check for conditional gatekeeping
        → "**Change the port instead:**"
  [L443] CONDITIONAL_IF: "if" in body prose — check for conditional gatekeeping
        → "If the password to the keystore is lost, it cannot be recovered. Create a new wa"
  [L456] CONDITIONAL_IF: "if" in body prose — check for conditional gatekeeping
        → "1. **ETH password file not mounted or wrong path inside container:**"
  [L473] CONDITIONAL_IF: "if" in body prose — check for conditional gatekeeping
        → "On-chain Gateways require at minimum: `-network`, `-ethUrl`, `-ethKeystorePath`,"
  [L525] CONDITIONAL_IF: "if" in body prose — check for conditional gatekeeping
        → "<TableCell>None - expected when streams end</TableCell>"
  [L526] CONDITIONAL_IF: "if" in body prose — check for conditional gatekeeping
        → "</TableRow>"
  [L547] CONDITIONAL_IF: "if" in body prose — check for conditional gatekeeping
        → "<TableRow>"
  [L567] CONDITIONAL_IF: "if" in body prose — check for conditional gatekeeping
        → ""
  [L572] CONDITIONAL_IF: "if" in body prose — check for conditional gatekeeping
        → "- Operating system and architecture"
  [L585] CONDITIONAL_IF: "if" in body prose — check for conditional gatekeeping
        → "If an error is not covered here, open a docs issue with Gateway type, version, O"
  [L597] CONDITIONAL_IF: "if" in body prose — check for conditional gatekeeping
        → ""
  [L598] CONDITIONAL_IF: "if" in body prose — check for conditional gatekeeping
        → "SECTION HOME: Guides > Monitoring & Tooling"
  [L600] CONDITIONAL_IF: "if" in body prose — check for conditional gatekeeping
        → "JOURNEY POSITION:"
  [L617] CONDITIONAL_IF: "if" in body prose — check for conditional gatekeeping
        → ""
  [L625] CONDITIONAL_IF: "if" in body prose — check for conditional gatekeeping
        → "<BorderedBox variant="accent">"
  [L650] CONDITIONAL_IF: "if" in body prose — check for conditional gatekeeping
        → "<AccordionGroup>"
  [L719] CONDITIONAL_IF: "if" in body prose — check for conditional gatekeeping
        → ""
  [L757] CONDITIONAL_IF: "if" in body prose — check for conditional gatekeeping
        → "Arbitrum gas is very cheap – reward calls cost approximately $0.01–$0.12 each. W"
  [L758] CONDITIONAL_IF: "if" in body prose — check for conditional gatekeeping
        → "</Accordion>"
  [L767] CONDITIONAL_IF: "if" in body prose — check for conditional gatekeeping
        → "2. Add `-reward=false` to every launch command"
  [L771] CONDITIONAL_IF: "if" in body prose — check for conditional gatekeeping
        → ""
  [L776] CONDITIONAL_IF: "if" in body prose — check for conditional gatekeeping
        → "1. **ETH balance** – low balance causes reward calls to fail silently. Check `ht"
  [L791] CONDITIONAL_IF: "if" in body prose — check for conditional gatekeeping
        → "</AccordionGroup>"
  [L814] CONDITIONAL_IF: "if" in body prose — check for conditional gatekeeping
        → "<TableCell>VRAM insufficient</TableCell>"
  [L54] NOT_CONSTRUCTION: "not [noun/verb]" — restate as positive claim
        → "- Placeholders for Media & Video Resources are in comments with a TODO for a hum"
  [L72] NOT_CONSTRUCTION: "not [noun/verb]" — restate as positive claim
        → "## Video Issues"
  [L107] NOT_CONSTRUCTION: "not [noun/verb]" — restate as positive claim
        → ""
  [L118] NOT_CONSTRUCTION: "not [noun/verb]" — restate as positive claim
        → "-d '{"jsonrpc":"2.0","method":"eth_blockNumber","params":[],"id":1}'"
  [L132] NOT_CONSTRUCTION: "not [noun/verb]" — restate as positive claim
        → "</TableRow>"
  [L140] NOT_CONSTRUCTION: "not [noun/verb]" — restate as positive claim
        → "</TableRow>"
  [L143] NOT_CONSTRUCTION: "not [noun/verb]" — restate as positive claim
        → "<TableCell>Switch to `https://arb1.arbitrum.io/rpc` as fallback</TableCell>"
  [L153] NOT_CONSTRUCTION: "not [noun/verb]" — restate as positive claim
        → "Update the startup command:"
  [L179] NOT_CONSTRUCTION: "not [noun/verb]" — restate as positive claim
        → "This error means the Gateway sent a payment ticket with parameters that had expi"
  [L180] NOT_CONSTRUCTION: "not [noun/verb]" — restate as positive claim
        → ""
  [L190] NOT_CONSTRUCTION: "not [noun/verb]" — restate as positive claim
        → "<Accordion title="Transcode session timed out or job lost" icon="hourglass-end">"
  [L196] NOT_CONSTRUCTION: "not [noun/verb]" — restate as positive claim
        → ""
  [L210] NOT_CONSTRUCTION: "not [noun/verb]" — restate as positive claim
        → ""
  [L211] NOT_CONSTRUCTION: "not [noun/verb]" — restate as positive claim
        → "<Accordion title="Gateway calling reward function unexpectedly" icon="gas-pump">"
  [L251] NOT_CONSTRUCTION: "not [noun/verb]" — restate as positive claim
        → "<Accordion title="AI Gateway starts but not receiving jobs" icon="circle-xmark">"
  [L303] NOT_CONSTRUCTION: "not [noun/verb]" — restate as positive claim
        → "- GPU memory at or near 100% in `/hardware/stats`"
  [L307] NOT_CONSTRUCTION: "not [noun/verb]" — restate as positive claim
        → "# Watch GPU stats every 10 seconds"
  [L309] NOT_CONSTRUCTION: "not [noun/verb]" — restate as positive claim
        → "```"
  [L318] NOT_CONSTRUCTION: "not [noun/verb]" — restate as positive claim
        → ""
  [L354] NOT_CONSTRUCTION: "not [noun/verb]" — restate as positive claim
        → "</Accordion>"
  [L355] NOT_CONSTRUCTION: "not [noun/verb]" — restate as positive claim
        → ""
  [L378] NOT_CONSTRUCTION: "not [noun/verb]" — restate as positive claim
        → "```"
  [L428] NOT_CONSTRUCTION: "not [noun/verb]" — restate as positive claim
        → "cat -A /path/to/eth-password.txt"
  [L431] NOT_CONSTRUCTION: "not [noun/verb]" — restate as positive claim
        → ""
  [L473] NOT_CONSTRUCTION: "not [noun/verb]" — restate as positive claim
        → "On-chain Gateways require at minimum: `-network`, `-ethUrl`, `-ethKeystorePath`,"
  [L516] NOT_CONSTRUCTION: "not [noun/verb]" — restate as positive claim
        → "</TableRow>"
  [L519] NOT_CONSTRUCTION: "not [noun/verb]" — restate as positive claim
        → "<TableCell>Normal</TableCell>"
  [L535] NOT_CONSTRUCTION: "not [noun/verb]" — restate as positive claim
        → "<TableCell>None - Gateway retries automatically</TableCell>"
  [L541] NOT_CONSTRUCTION: "not [noun/verb]" — restate as positive claim
        → "</TableRow>"
  [L591] NOT_CONSTRUCTION: "not [noun/verb]" — restate as positive claim
        → "Journey step: "Something broke - how do I fix it?""
  [L597] NOT_CONSTRUCTION: "not [noun/verb]" — restate as positive claim
        → ""
  [L612] NOT_CONSTRUCTION: "not [noun/verb]" — restate as positive claim
        → "- FAQ (Resources) - "how does X work" vs "X is broken""
  [L635] NOT_CONSTRUCTION: "not [noun/verb]" — restate as positive claim
        → "</BorderedBox>"
  [L661] NOT_CONSTRUCTION: "not [noun/verb]" — restate as positive claim
        → "curl http://localhost:7935/status | jq '.SessionLimit'"
  [L686] NOT_CONSTRUCTION: "not [noun/verb]" — restate as positive claim
        → "</Accordion>"
  [L694] NOT_CONSTRUCTION: "not [noun/verb]" — restate as positive claim
        → "</AccordionGroup>"
  [L701] NOT_CONSTRUCTION: "not [noun/verb]" — restate as positive claim
        → ""
  [L709] NOT_CONSTRUCTION: "not [noun/verb]" — restate as positive claim
        → "2. Stop any processes consuming NVENC sessions (video encoding software, other L"
  [L710] NOT_CONSTRUCTION: "not [noun/verb]" — restate as positive claim
        → "3. If you need more concurrent sessions than your consumer GPU allows, look into"
  [L719] NOT_CONSTRUCTION: "not [noun/verb]" — restate as positive claim
        → ""
  [L734] NOT_CONSTRUCTION: "not [noun/verb]" — restate as positive claim
        → "- Check go-livepeer startup logs for a GPU detection line"
  [L754] NOT_CONSTRUCTION: "not [noun/verb]" — restate as positive claim
        → "2. As a preventive measure, keep at least 0.02–0.05 ETH in your Orchestrator wal"
  [L762] NOT_CONSTRUCTION: "not [noun/verb]" — restate as positive claim
        → ""
  [L767] NOT_CONSTRUCTION: "not [noun/verb]" — restate as positive claim
        → "2. Add `-reward=false` to every launch command"
  [L771] NOT_CONSTRUCTION: "not [noun/verb]" — restate as positive claim
        → ""
  [L803] NOT_CONSTRUCTION: "not [noun/verb]" — restate as positive claim
        → "<TableRow header>"
  [L132] WEAKENED_VALUE: "can/may [verb]" in apparent value claim — assert directly or delete
        → "</TableRow>"
  [L143] WEAKENED_VALUE: "can/may [verb]" in apparent value claim — assert directly or delete
        → "<TableCell>Switch to `https://arb1.arbitrum.io/rpc` as fallback</TableCell>"
  [L158] WEAKENED_VALUE: "can/may [verb]" in apparent value claim — assert directly or delete
        → ""
  [L166] WEAKENED_VALUE: "can/may [verb]" in apparent value claim — assert directly or delete
        → "# Enter reserve amount (e.g. 0.03 ETH)"
  [L210] WEAKENED_VALUE: "can/may [verb]" in apparent value claim — assert directly or delete
        → ""
  [L362] WEAKENED_VALUE: "can/may [verb]" in apparent value claim — assert directly or delete
        → "<AccordionGroup>"
  [L535] WEAKENED_VALUE: "can/may [verb]" in apparent value claim — assert directly or delete
        → "<TableCell>None - Gateway retries automatically</TableCell>"
  [L553] WEAKENED_VALUE: "can/may [verb]" in apparent value claim — assert directly or delete
        → "<TableCell>`CUDA_ERROR_UNKNOWN`</TableCell>"
  [L565] WEAKENED_VALUE: "can/may [verb]" in apparent value claim — assert directly or delete
        → ""
  [L586] WEAKENED_VALUE: "can/may [verb]" in apparent value claim — assert directly or delete
        → "</Card>"
  [L625] WEAKENED_VALUE: "can/may [verb]" in apparent value claim — assert directly or delete
        → "<BorderedBox variant="accent">"
  [L640] WEAKENED_VALUE: "can/may [verb]" in apparent value claim — assert directly or delete
        → "- Arbiscan: [Arbiscan.io](https://arbiscan.io)"
  [L650] WEAKENED_VALUE: "can/may [verb]" in apparent value claim — assert directly or delete
        → "<AccordionGroup>"
  [L709] WEAKENED_VALUE: "can/may [verb]" in apparent value claim — assert directly or delete
        → "2. Stop any processes consuming NVENC sessions (video encoding software, other L"
  [L714] WEAKENED_VALUE: "can/may [verb]" in apparent value claim — assert directly or delete
        → "{/* FACT CHECK: Confirm whether the Ada Lovelace (RTX 40xx) generation removed t"
  [L737] WEAKENED_VALUE: "can/may [verb]" in apparent value claim — assert directly or delete
        → ""
  [L754] WEAKENED_VALUE: "can/may [verb]" in apparent value claim — assert directly or delete
        → "2. As a preventive measure, keep at least 0.02–0.05 ETH in your Orchestrator wal"
  [L785] WEAKENED_VALUE: "can/may [verb]" in apparent value claim — assert directly or delete
        → ""
  [L814] WEAKENED_VALUE: "can/may [verb]" in apparent value claim — assert directly or delete
        → "<TableCell>VRAM insufficient</TableCell>"
  [L166] CONSISTENTLY_NO_NUMBER: "consistently" without adjacent number — add threshold or rewrite
        → "# Enter reserve amount (e.g. 0.03 ETH)"
  [L4] DESCRIPTION_TOO_LONG: Description exceeds 160-character target (167) — tighten the outcome statement
        → "Aggregated troubleshooting reference across gateway and orchestrator operations. Combines audience-specific troubleshoot"

⚠️   v2/resources/concepts/livepeer-101.mdx — 3 warning(s) (human sign-off required):

  [L29] CONDITIONAL_IF: "if" in body prose — check for conditional gatekeeping
        → "They only become gateway operators if they need direct protocol access."
  [L32] NOT_CONSTRUCTION: "not [noun/verb]" — restate as positive claim
        → "-but not necessarily running nodes or gateways."
  [L36] NOT_CONSTRUCTION: "not [noun/verb]" — restate as positive claim
        → "A gateway is a Livepeer node run by an operator-not a hosted product."

⚠️   v2/resources/knowledge-hub/gateways-vs-orchestrators.mdx — 1 warning(s) (human sign-off required):

  [L4] DESCRIPTION_TOO_LONG: Description exceeds 160-character target (308) — tighten the outcome statement
        → "Livepeer uses two core node types-**Gateways** and **Orchestrators**-that work together to provide real-time AI video co"

⚠️   v2/about/resources/knowledge-hub/evaluating-livepeer.mdx — 1 warning(s) (human sign-off required):

  [L31] NOT_CONSTRUCTION: "not [noun/verb]" — restate as positive claim
        → "This page is being developed as the evaluation reading path for the About tab. I"

⚠️   v2/resources/changelog/protocol/go-livepeer.mdx — 1 warning(s) (human sign-off required):

  [L4] DESCRIPTION_TOO_LONG: Description exceeds 160-character target (184) — tighten the outcome statement
        → "Notable releases and improvements to the Livepeer node software (go-livepeer). Covers new features, updates, and bug fix"

⚠️   v2/resources/documentation-guide/documentation-overview.mdx — 1 warning(s) (human sign-off required):

  [L4] DESCRIPTION_ANNOUNCES_CONTENT: Description announces page contents — lead with reader outcome instead
        → "This page outlines the ethos, objectives & features of the docs, giving you a clear navigational roadmap"

⚠️   v2/resources/documentation-guide/documentation-guide.mdx — 3 warning(s) (human sign-off required):

  [L138] CONDITIONAL_IF: "if" in body prose — check for conditional gatekeeping
        → "If you can't find what you're looking for:"
  [L62] WEAKENED_VALUE: "can/may [verb]" in apparent value claim — assert directly or delete
        → "You can collapse the sidebar by clicking the menu icon to maximise reading space"
  [L125] WEAKENED_VALUE: "can/may [verb]" in apparent value claim — assert directly or delete
        → "Light theme may have some styling inconsistencies as dark mode is the primary de"

⚠️   v2/resources/documentation-guide/contributing/contribute-to-the-docs.mdx — 17 warning(s) (human sign-off required):

  [L44] CONDITIONAL_IF: "if" in body prose — check for conditional gatekeeping
        → "If you prefer other channels:"
  [L77] CONDITIONAL_IF: "if" in body prose — check for conditional gatekeeping
        → "If you're comfortable with Git and Markdown, you can contribute directly:"
  [L170] CONDITIONAL_IF: "if" in body prose — check for conditional gatekeeping
        → "└── internal/      # Internal documentation"
  [L172] CONDITIONAL_IF: "if" in body prose — check for conditional gatekeeping
        → ""
  [L176] CONDITIONAL_IF: "if" in body prose — check for conditional gatekeeping
        → "- Follow the existing structure in each section"
  [L513] CONDITIONAL_IF: "if" in body prose — check for conditional gatekeeping
        → "- ✅ Proper component usage"
  [L565] CONDITIONAL_IF: "if" in body prose — check for conditional gatekeeping
        → "| **Styling** | `style.css` | Root level |"
  [L626] CONDITIONAL_IF: "if" in body prose — check for conditional gatekeeping
        → "4. Submit PR"
  [L529] NOT_CONSTRUCTION: "not [noun/verb]" — restate as positive claim
        → ""
  [L32] WEAKENED_VALUE: "can/may [verb]" in apparent value claim — assert directly or delete
        → "You can provide feedback directly on any documentation page:"
  [L77] WEAKENED_VALUE: "can/may [verb]" in apparent value claim — assert directly or delete
        → "If you're comfortable with Git and Markdown, you can contribute directly:"
  [L151] WEAKENED_VALUE: "can/may [verb]" in apparent value claim — assert directly or delete
        → ""
  [L170] WEAKENED_VALUE: "can/may [verb]" in apparent value claim — assert directly or delete
        → "└── internal/      # Internal documentation"
  [L273] WEAKENED_VALUE: "can/may [verb]" in apparent value claim — assert directly or delete
        → "All PRs require at least one review from a maintainer. See [Review Process](#rev"
  [L390] WEAKENED_VALUE: "can/may [verb]" in apparent value claim — assert directly or delete
        → "description: "Describe the page.""
  [L529] WEAKENED_VALUE: "can/may [verb]" in apparent value claim — assert directly or delete
        → ""
  [L598] WEAKENED_VALUE: "can/may [verb]" in apparent value claim — assert directly or delete
        → "<CardGroup cols={2}>"

⚠️   v2/resources/documentation-guide/features/docs-features-and-ai-integrations.mdx — 3 warning(s) (human sign-off required):

  [L254] NOT_CONSTRUCTION: "not [noun/verb]" — restate as positive claim
        → "This is a repository documentation feature (internal indexing), not an external "
  [L82] WEAKENED_VALUE: "can/may [verb]" in apparent value claim — assert directly or delete
        → "It is designed for situations where a page may contain:"
  [L187] WEAKENED_VALUE: "can/may [verb]" in apparent value claim — assert directly or delete
        → "Feedback mechanisms may vary based on Mintlify features. Check the bottom of pag"

❌  v2/resources/documentation-guide/ai-automations/ai-features.mdx — 1 BLOCKING error(s):

  [L78] BANNED_PHRASE: "rather than" — see banned phrases list
        → "The MCP server is read-only and requires no API key. It gives AI clients grounde"

⚠️   v2/resources/documentation-guide/ai-automations/ai-features.mdx — 3 warning(s) (human sign-off required):

  [L53] WEAKENED_VALUE: "can/may [verb]" in apparent value claim — assert directly or delete
        → "1. Open **Settings → Integrations → MCP Servers**"
  [L60] WEAKENED_VALUE: "can/may [verb]" in apparent value claim — assert directly or delete
        → "{"
  [L79] WEAKENED_VALUE: "can/may [verb]" in apparent value claim — assert directly or delete
        → "</Tip>"

⚠️   v2/resources/documentation-guide/ai-automations/automations-workflows.mdx — 35 warning(s) (human sign-off required):

  [L118] CONDITIONAL_IF: "if" in body prose — check for conditional gatekeeping
        → "3. Optionally set `force: true` to regenerate even if no changes"
  [L164] CONDITIONAL_IF: "if" in body prose — check for conditional gatekeeping
        → "3. Commits the canonical data file if a new version is available"
  [L222] CONDITIONAL_IF: "if" in body prose — check for conditional gatekeeping
        → "- If you change field names or section headings in the issue forms, update both:"
  [L258] CONDITIONAL_IF: "if" in body prose — check for conditional gatekeeping
        → "- If a heading is renamed in any issue template, update `getSection(...)` usage "
  [L287] CONDITIONAL_IF: "if" in body prose — check for conditional gatekeeping
        → "2. Creates the index issue if it does not exist"
  [L290] CONDITIONAL_IF: "if" in body prose — check for conditional gatekeeping
        → "5. Updates the same issue body in place only if content changed"
  [L297] CONDITIONAL_IF: "if" in body prose — check for conditional gatekeeping
        → "- The workflow intentionally excludes the index issue itself from counts/tables "
  [L298] CONDITIONAL_IF: "if" in body prose — check for conditional gatekeeping
        → "- The workflow skips self-trigger loops by exiting early if the triggering issue"
  [L299] CONDITIONAL_IF: "if" in body prose — check for conditional gatekeeping
        → "- If the generated issue body seems stale, use **Actions → Docs v2 Issue Indexer"
  [L332] CONDITIONAL_IF: "if" in body prose — check for conditional gatekeeping
        → "3. Commits and pushes if changes detected"
  [L357] CONDITIONAL_IF: "if" in body prose — check for conditional gatekeeping
        → "3. Commits and pushes if changes detected"
  [L382] CONDITIONAL_IF: "if" in body prose — check for conditional gatekeeping
        → "4. Commits and pushes if changes detected"
  [L532] CONDITIONAL_IF: "if" in body prose — check for conditional gatekeeping
        → "2. Downloads video (if URL provided)"
  [L722] CONDITIONAL_IF: "if" in body prose — check for conditional gatekeeping
        → "**File:** `operations/scripts/snippets/fetch-lpt-exchanges.sh`"
  [L785] CONDITIONAL_IF: "if" in body prose — check for conditional gatekeeping
        → ""
  [L789] CONDITIONAL_IF: "if" in body prose — check for conditional gatekeeping
        → ""
  [L804] CONDITIONAL_IF: "if" in body prose — check for conditional gatekeeping
        → "```"
  [L808] CONDITIONAL_IF: "if" in body prose — check for conditional gatekeeping
        → "#### Style Guide Compliance"
  [L893] CONDITIONAL_IF: "if" in body prose — check for conditional gatekeeping
        → "4. Select branch and any required inputs"
  [L982] CONDITIONAL_IF: "if" in body prose — check for conditional gatekeeping
        → ""
  [L63] NOT_CONSTRUCTION: "not [noun/verb]" — restate as positive claim
        → "**Manual execution:** Not available (PR-only)"
  [L264] NOT_CONSTRUCTION: "not [noun/verb]" — restate as positive claim
        → "- Do not remove or rename this marker without updating both this workflow and th"
  [L270] NOT_CONSTRUCTION: "not [noun/verb]" — restate as positive claim
        → "4. Confirm the docs-v2 index issue is not auto-labeled with `status: needs-triag"
  [L287] NOT_CONSTRUCTION: "not [noun/verb]" — restate as positive claim
        → "2. Creates the index issue if it does not exist"
  [L396] NOT_CONSTRUCTION: "not [noun/verb]" — restate as positive claim
        → "The repository does not prove where the external n8n instance is hosted or which"
  [L722] NOT_CONSTRUCTION: "not [noun/verb]" — restate as positive claim
        → "**File:** `operations/scripts/snippets/fetch-lpt-exchanges.sh`"
  [L804] NOT_CONSTRUCTION: "not [noun/verb]" — restate as positive claim
        → "```"
  [L806] NOT_CONSTRUCTION: "not [noun/verb]" — restate as positive claim
        → "### What Gets Checked"
  [L874] NOT_CONSTRUCTION: "not [noun/verb]" — restate as positive claim
        → "**Why this is discouraged:**"
  [L895] NOT_CONSTRUCTION: "not [noun/verb]" — restate as positive claim
        → ""
  [L393] WEAKENED_VALUE: "can/may [verb]" in apparent value claim — assert directly or delete
        → "n8n workflows are JSON files located in `snippets/assets/data/n8n/`. These workf"
  [L515] WEAKENED_VALUE: "can/may [verb]" in apparent value claim — assert directly or delete
        → "**Repository Configuration:** Some n8n workflows may be configured to write to `"
  [L826] WEAKENED_VALUE: "can/may [verb]" in apparent value claim — assert directly or delete
        → "- ✅ **Mintlify config** - Validates `docs.json`/`mint.json` syntax"
  [L828] WEAKENED_VALUE: "can/may [verb]" in apparent value claim — assert directly or delete
        → "- ✅ **Browser validation** - Tests MDX files in headless browser (if `npx mintli"
  [L848] WEAKENED_VALUE: "can/may [verb]" in apparent value claim — assert directly or delete
        → ""

⚠️   v2/resources/documentation-guide/ai-automations/research-and-fact-checking.mdx — 6 warning(s) (human sign-off required):

  [L78] CONDITIONAL_IF: "if" in body prose — check for conditional gatekeeping
        → "If strong evidence is missing, the output should classify the claim as unresolve"
  [L131] CONDITIONAL_IF: "if" in body prose — check for conditional gatekeeping
        → "- verify more before changing published wording"
  [L42] NOT_CONSTRUCTION: "not [noun/verb]" — restate as positive claim
        → "This workflow is experimental and advisory-first. It helps maintainers spot fact"
  [L61] NOT_CONSTRUCTION: "not [noun/verb]" — restate as positive claim
        → "Do not use this workflow as a replacement for:"
  [L127] NOT_CONSTRUCTION: "not [noun/verb]" — restate as positive claim
        → ""
  [L32] WEAKENED_VALUE: "can/may [verb]" in apparent value claim — assert directly or delete
        → "Use the research workflow when you need evidence-backed review for documentation"

❌  v2/resources/documentation-guide/copy-style/style-guide.mdx — 1 BLOCKING error(s):

  [L583] BANNED_WORD: "meaningful" — delete or restate directly
        → "- **Meaningful link text** – no "click here" or bare URLs"

⚠️   v2/resources/documentation-guide/copy-style/style-guide.mdx — 50 warning(s) (human sign-off required):

  [L453] CONDITIONAL_IF: "if" in body prose — check for conditional gatekeeping
        → ""
  [L503] CONDITIONAL_IF: "if" in body prose — check for conditional gatekeeping
        → "|---|---|---|---|"
  [L649] CONDITIONAL_IF: "if" in body prose — check for conditional gatekeeping
        → "$$"
  [L691] CONDITIONAL_IF: "if" in body prose — check for conditional gatekeeping
        → ""
  [L694] CONDITIONAL_IF: "if" in body prose — check for conditional gatekeeping
        → "## Spacing & Layout"
  [L783] CONDITIONAL_IF: "if" in body prose — check for conditional gatekeeping
        → "- Inline links within paragraphs (markdown links are fine)"
  [L785] CONDITIONAL_IF: "if" in body prose — check for conditional gatekeeping
        → "- Links that don't need visual emphasis"
  [L789] CONDITIONAL_IF: "if" in body prose — check for conditional gatekeeping
        → "## Mintlify Overrides & Best Practices"
  [L856] CONDITIONAL_IF: "if" in body prose — check for conditional gatekeeping
        → "{/* ✅ Styles within component */}"
  [L889] CONDITIONAL_IF: "if" in body prose — check for conditional gatekeeping
        → "import { Component } from '/snippets/Component.jsx';"
  [L899] CONDITIONAL_IF: "if" in body prose — check for conditional gatekeeping
        → "```jsx icon="terminal""
  [L909] CONDITIONAL_IF: "if" in body prose — check for conditional gatekeeping
        → "**Solution: Import in the MDX file that uses the component:**"
  [L915] CONDITIONAL_IF: "if" in body prose — check for conditional gatekeeping
        → "import { ThemeData } from '/snippets/styles/themeStyles.jsx';"
  [L934] CONDITIONAL_IF: "if" in body prose — check for conditional gatekeeping
        → ""
  [L43] NOT_CONSTRUCTION: "not [noun/verb]" — restate as positive claim
        → "**DO NOT USE:**"
  [L106] NOT_CONSTRUCTION: "not [noun/verb]" — restate as positive claim
        → "```css icon="terminal""
  [L114] NOT_CONSTRUCTION: "not [noun/verb]" — restate as positive claim
        → ""
  [L116] NOT_CONSTRUCTION: "not [noun/verb]" — restate as positive claim
        → ""
  [L141] NOT_CONSTRUCTION: "not [noun/verb]" — restate as positive claim
        → ""
  [L213] NOT_CONSTRUCTION: "not [noun/verb]" — restate as positive claim
        → ""
  [L219] NOT_CONSTRUCTION: "not [noun/verb]" — restate as positive claim
        → "- ❌ Import external CSS files"
  [L226] NOT_CONSTRUCTION: "not [noun/verb]" — restate as positive claim
        → "return ("
  [L237] NOT_CONSTRUCTION: "not [noun/verb]" — restate as positive claim
        → "```"
  [L240] NOT_CONSTRUCTION: "not [noun/verb]" — restate as positive claim
        → "```jsx icon="terminal""
  [L242] NOT_CONSTRUCTION: "not [noun/verb]" — restate as positive claim
        → "return ("
  [L334] NOT_CONSTRUCTION: "not [noun/verb]" — restate as positive claim
        → "Mintlify auto-loads **all `.css` files** in the repository root. Any classes def"
  [L415] NOT_CONSTRUCTION: "not [noun/verb]" — restate as positive claim
        → "| `--lp-spacing-6` | `1.5rem` | Comfortable section spacing |"
  [L423] NOT_CONSTRUCTION: "not [noun/verb]" — restate as positive claim
        → "### Brand colour tokens"
  [L453] NOT_CONSTRUCTION: "not [noun/verb]" — restate as positive claim
        → ""
  [L491] NOT_CONSTRUCTION: "not [noun/verb]" — restate as positive claim
        → "| Spacing between sections | `<Spacer size="2rem" />` or `className="mt-8"` | `s"
  [L603] NOT_CONSTRUCTION: "not [noun/verb]" — restate as positive claim
        → "### Headings"
  [L641] NOT_CONSTRUCTION: "not [noun/verb]" — restate as positive claim
        → ""
  [L648] NOT_CONSTRUCTION: "not [noun/verb]" — restate as positive claim
        → "```mdx icon="terminal""
  [L665] NOT_CONSTRUCTION: "not [noun/verb]" — restate as positive claim
        → "| Superscripts | `$x^2$` | $x^2$ |"
  [L673] NOT_CONSTRUCTION: "not [noun/verb]" — restate as positive claim
        → ""
  [L695] NOT_CONSTRUCTION: "not [noun/verb]" — restate as positive claim
        → ""
  [L701] NOT_CONSTRUCTION: "not [noun/verb]" — restate as positive claim
        → ""
  [L707] NOT_CONSTRUCTION: "not [noun/verb]" — restate as positive claim
        → "- **Quickstarts** - Use Tabs for different paths (OS, on-chain/off-chain)"
  [L795] NOT_CONSTRUCTION: "not [noun/verb]" — restate as positive claim
        → "**Mintlify suggests**: Use Tailwind utility classes"
  [L797] NOT_CONSTRUCTION: "not [noun/verb]" — restate as positive claim
        → "**Reason**: Tailwind classes in MDX create maintenance burden and reduce semanti"
  [L847] NOT_CONSTRUCTION: "not [noun/verb]" — restate as positive claim
        → ""
  [L866] NOT_CONSTRUCTION: "not [noun/verb]" — restate as positive claim
        → "</>"
  [L934] NOT_CONSTRUCTION: "not [noun/verb]" — restate as positive claim
        → ""
  [L229] WEAKENED_VALUE: "can/may [verb]" in apparent value claim — assert directly or delete
        → "backgroundColor: "var(--card-background)","
  [L503] WEAKENED_VALUE: "can/may [verb]" in apparent value claim — assert directly or delete
        → "|---|---|---|---|"
  [L608] WEAKENED_VALUE: "can/may [verb]" in apparent value claim — assert directly or delete
        → ""
  [L648] WEAKENED_VALUE: "can/may [verb]" in apparent value claim — assert directly or delete
        → "```mdx icon="terminal""
  [L649] WEAKENED_VALUE: "can/may [verb]" in apparent value claim — assert directly or delete
        → "$$"
  [L701] WEAKENED_VALUE: "can/may [verb]" in apparent value claim — assert directly or delete
        → ""
  [L612] CONSISTENTLY_NO_NUMBER: "consistently" without adjacent number — add threshold or rewrite
        → "<PageHeader>Main Title</PageHeader>"

⚠️   v2/resources/documentation-guide/copy-style/authoring-guide.mdx — 3 warning(s) (human sign-off required):

  [L151] NOT_CONSTRUCTION: "not [noun/verb]" — restate as positive claim
        → "<Steps>"
  [L209] NOT_CONSTRUCTION: "not [noun/verb]" — restate as positive claim
        → ""
  [L4] DESCRIPTION_ANNOUNCES_CONTENT: Description announces page contents — lead with reader outcome instead
        → "How to write, structure, and publish documentation pages in the Livepeer docs."

❌  v2/resources/documentation-guide/copy-style/authoring-standard.mdx — 3 BLOCKING error(s):

  [L400] BANNED_PHRASE: "not just" — see banned phrases list
        → "* `og:image:alt` must describe the social preview image content, not just repeat"
  [L207] BANNED_WORD: "clearly" — delete or restate directly
        → "Documentation must clearly distinguish:"
  [L388] BANNED_WORD: "real" — delete or restate directly
        → "* `og:image` must point to a real local raster asset"

⚠️   v2/resources/documentation-guide/copy-style/authoring-standard.mdx — 11 warning(s) (human sign-off required):

  [L199] CONDITIONAL_IF: "if" in body prose — check for conditional gatekeeping
        → "If a claim cannot be verified, it must not appear."
  [L256] CONDITIONAL_IF: "if" in body prose — check for conditional gatekeeping
        → "6. Economic / Security Implications (if applicable)"
  [L257] CONDITIONAL_IF: "if" in body prose — check for conditional gatekeeping
        → "7. Operational Considerations (if applicable)"
  [L49] NOT_CONSTRUCTION: "not [noun/verb]" — restate as positive claim
        → "Livepeer is not a simple developer product. It is:"
  [L84] NOT_CONSTRUCTION: "not [noun/verb]" — restate as positive claim
        → "Does not enforce economic or protocol rigor."
  [L199] NOT_CONSTRUCTION: "not [noun/verb]" — restate as positive claim
        → "If a claim cannot be verified, it must not appear."
  [L243] NOT_CONSTRUCTION: "not [noun/verb]" — restate as positive claim
        → "Mixed types are not allowed."
  [L309] NOT_CONSTRUCTION: "not [noun/verb]" — restate as positive claim
        → "Live network metrics are not mandatory."
  [L369] NOT_CONSTRUCTION: "not [noun/verb]" — restate as positive claim
        → "The following are not permitted:"
  [L400] NOT_CONSTRUCTION: "not [noun/verb]" — restate as positive claim
        → "* `og:image:alt` must describe the social preview image content, not just repeat"
  [L318] WEAKENED_VALUE: "can/may [verb]" in apparent value claim — assert directly or delete
        → "Constants defined in contracts may be documented."

⚠️   v2/resources/documentation-guide/component-library/overview.mdx — 1 warning(s) (human sign-off required):

  [L18] NOT_CONSTRUCTION: "not [noun/verb]" — restate as positive claim
        → "*/}"

⚠️   v2/resources/documentation-guide/component-library/component-library.mdx — 1 warning(s) (human sign-off required):

  [L17] NOT_CONSTRUCTION: "not [noun/verb]" — restate as positive claim
        → "*/}"

⚠️   v2/resources/documentation-guide/component-library/elements.mdx — 1 warning(s) (human sign-off required):

  [L18] NOT_CONSTRUCTION: "not [noun/verb]" — restate as positive claim
        → "*/}"

⚠️   v2/resources/documentation-guide/component-library/wrappers.mdx — 10 warning(s) (human sign-off required):

  [L18] NOT_CONSTRUCTION: "not [noun/verb]" — restate as positive claim
        → "*/}"
  [L45] NOT_CONSTRUCTION: "not [noun/verb]" — restate as positive claim
        → "### Summary Table"
  [L54] NOT_CONSTRUCTION: "not [noun/verb]" — restate as positive claim
        → "| CenteredContainer | `stable` | `/snippets/components/wrappers/containers/Conta"
  [L72] NOT_CONSTRUCTION: "not [noun/verb]" — restate as positive claim
        → "| StyledStep | `stable` | `/snippets/components/wrappers/steps/Steps.jsx` | Sing"
  [L116] NOT_CONSTRUCTION: "not [noun/verb]" — restate as positive claim
        → "| Prop | Type | Default | Required | Description |"
  [L117] NOT_CONSTRUCTION: "not [noun/verb]" — restate as positive claim
        → "| --- | --- | --- | --- | --- |"
  [L317] NOT_CONSTRUCTION: "not [noun/verb]" — restate as positive claim
        → ""
  [L318] NOT_CONSTRUCTION: "not [noun/verb]" — restate as positive claim
        → ""
  [L698] NOT_CONSTRUCTION: "not [noun/verb]" — restate as positive claim
        → "Source description: Table cell that switches between th and td based on header p"
  [L699] NOT_CONSTRUCTION: "not [noun/verb]" — restate as positive claim
        → "**Import path**"

⚠️   v2/resources/documentation-guide/component-library/displays.mdx — 1 warning(s) (human sign-off required):

  [L18] NOT_CONSTRUCTION: "not [noun/verb]" — restate as positive claim
        → "*/}"

⚠️   v2/resources/documentation-guide/component-library/scaffolding.mdx — 1 warning(s) (human sign-off required):

  [L18] NOT_CONSTRUCTION: "not [noun/verb]" — restate as positive claim
        → "*/}"

⚠️   v2/resources/documentation-guide/component-library/integrators.mdx — 1 warning(s) (human sign-off required):

  [L14] NOT_CONSTRUCTION: "not [noun/verb]" — restate as positive claim
        → "*/}"

⚠️   v2/resources/documentation-guide/component-library/config.mdx — 1 warning(s) (human sign-off required):

  [L17] NOT_CONSTRUCTION: "not [noun/verb]" — restate as positive claim
        → "*/}"

❌  v2/resources/documentation-guide/tooling/snippets-inventory.mdx — 1 BLOCKING error(s):

  [L88] BANNED_WORD: "clearly" — delete or restate directly
        → "If it does not clearly fit one of those lanes, resolve taxonomy first instead of"

⚠️   v2/resources/documentation-guide/tooling/snippets-inventory.mdx — 9 warning(s) (human sign-off required):

  [L82] CONDITIONAL_IF: "if" in body prose — check for conditional gatekeeping
        → "1. If it is `.mdx` imported into another `.mdx` page, place it in `composables/`"
  [L83] CONDITIONAL_IF: "if" in body prose — check for conditional gatekeeping
        → "2. If it is a data module or generated page input, place it in `data/`."
  [L84] CONDITIONAL_IF: "if" in body prose — check for conditional gatekeeping
        → "3. If it is a static file or retained raw export, place it in `assets/`."
  [L85] CONDITIONAL_IF: "if" in body prose — check for conditional gatekeeping
        → "4. If it is a reusable component, route it through `components/` governance inst"
  [L86] CONDITIONAL_IF: "if" in body prose — check for conditional gatekeeping
        → "5. If it is a starter scaffold, place it in `templates/`."
  [L88] CONDITIONAL_IF: "if" in body prose — check for conditional gatekeeping
        → "If it does not clearly fit one of those lanes, resolve taxonomy first instead of"
  [L70] NOT_CONSTRUCTION: "not [noun/verb]" — restate as positive claim
        → "| Folder | What belongs here | What does not belong here |"
  [L88] NOT_CONSTRUCTION: "not [noun/verb]" — restate as positive claim
        → "If it does not clearly fit one of those lanes, resolve taxonomy first instead of"
  [L99] NOT_CONSTRUCTION: "not [noun/verb]" — restate as positive claim
        → "This snippets inventory page does not restate component placement rules."

⚠️   v2/internal/overview/personas.mdx — 1 warning(s) (human sign-off required):

  [L36] NOT_CONSTRUCTION: "not [noun/verb]" — restate as positive claim
        → "- Via hosted gateways → Application Developer (not a protocol actor)"

⚠️   v2/internal/overview/governance.mdx — 10 warning(s) (human sign-off required):

  [L56] CONDITIONAL_IF: "if" in body prose — check for conditional gatekeeping
        → "If changes are needed, the reviewer provides feedback."
  [L83] CONDITIONAL_IF: "if" in body prose — check for conditional gatekeeping
        → "| **Clarity & Comprehension** | Is the content clear and easy to understand? | M"
  [L84] CONDITIONAL_IF: "if" in body prose — check for conditional gatekeeping
        → "| **Technical Accuracy** | Are the facts correct and up-to-date? | Must fix if i"
  [L86] CONDITIONAL_IF: "if" in body prose — check for conditional gatekeeping
        → "| **UX & IA** | Does it fit well in the information architecture? | Must fix if "
  [L88] CONDITIONAL_IF: "if" in body prose — check for conditional gatekeeping
        → "| **Style Consistency** | Does it follow style guides? | Must fix if inconsisten"
  [L292] CONDITIONAL_IF: "if" in body prose — check for conditional gatekeeping
        → "- Code snippets updated if APIs changed"
  [L129] WEAKENED_VALUE: "can/may [verb]" in apparent value claim — assert directly or delete
        → "4. Current owners will evaluate and may invite you"
  [L160] WEAKENED_VALUE: "can/may [verb]" in apparent value claim — assert directly or delete
        → "- `priority:*` = maintainer scheduling/sequence decision (may differ due to road"
  [L224] WEAKENED_VALUE: "can/may [verb]" in apparent value claim — assert directly or delete
        → "For major changes, we may request review from:"
  [L235] WEAKENED_VALUE: "can/may [verb]" in apparent value claim — assert directly or delete
        → "Active contributors may be invited to become reviewers. Criteria:"

⚠️   v2/internal/overview/governance-pipeline.mdx — 6 warning(s) (human sign-off required):

  [L75] NOT_CONSTRUCTION: "not [noun/verb]" — restate as positive claim
        → "node operations/scripts/orchestrators/repair-governance.js --auto-commit"
  [L90] NOT_CONSTRUCTION: "not [noun/verb]" — restate as positive claim
        → ""
  [L91] NOT_CONSTRUCTION: "not [noun/verb]" — restate as positive claim
        → "`tests/unit/script-docs.test.js` currently enforces the framework header set inc"
  [L45] WEAKENED_VALUE: "can/may [verb]" in apparent value claim — assert directly or delete
        → "- Missing JSON rows can be added when a governed script already has valid catego"
  [L46] WEAKENED_VALUE: "can/may [verb]" in apparent value claim — assert directly or delete
        → "- Existing JSON rows can be updated from valid header metadata when missing fiel"
  [L75] WEAKENED_VALUE: "can/may [verb]" in apparent value claim — assert directly or delete
        → "node operations/scripts/orchestrators/repair-governance.js --auto-commit"

⚠️   v2/internal/rfp/aims.mdx — 32 warning(s) (human sign-off required):

  [L131] NOT_CONSTRUCTION: "not [noun/verb]" — restate as positive claim
        → "<PdfEmbed"
  [L132] NOT_CONSTRUCTION: "not [noun/verb]" — restate as positive claim
        → "title="Livepeer AI-First Feature Plan""
  [L146] NOT_CONSTRUCTION: "not [noun/verb]" — restate as positive claim
        → ""
  [L155] NOT_CONSTRUCTION: "not [noun/verb]" — restate as positive claim
        → ""
  [L183] NOT_CONSTRUCTION: "not [noun/verb]" — restate as positive claim
        → ""
  [L186] NOT_CONSTRUCTION: "not [noun/verb]" — restate as positive claim
        → "- **[Governance]** 8 GitHub issue templates + 2 PR templates. .github/CODEOWNERS"
  [L195] NOT_CONSTRUCTION: "not [noun/verb]" — restate as positive claim
        → ""
  [L203] NOT_CONSTRUCTION: "not [noun/verb]" — restate as positive claim
        → ""
  [L212] NOT_CONSTRUCTION: "not [noun/verb]" — restate as positive claim
        → "- **[Scripts]** Script self-documentation enforcement (tests/unit/script-docs.te"
  [L218] NOT_CONSTRUCTION: "not [noun/verb]" — restate as positive claim
        → "- **[Technical]** The Mermaid data/control flow diagram in docs-guide/features/a"
  [L220] NOT_CONSTRUCTION: "not [noun/verb]" — restate as positive claim
        → "### In-Built Translation Pipeline (i18n)"
  [L225] NOT_CONSTRUCTION: "not [noun/verb]" — restate as positive claim
        → "Constraint - full pipeline activation: the translation pipeline architecture is "
  [L253] NOT_CONSTRUCTION: "not [noun/verb]" — restate as positive claim
        → "documentation. Contribution pathways are defined, low-friction, and"
  [L255] NOT_CONSTRUCTION: "not [noun/verb]" — restate as positive claim
        → ""
  [L266] NOT_CONSTRUCTION: "not [noun/verb]" — restate as positive claim
        → "A comprehensive stakeholder mapping exercise was conducted across the Livepeer e"
  [L278] NOT_CONSTRUCTION: "not [noun/verb]" — restate as positive claim
        → "- **[Copy/Product Positioning]** "Open AI-Infrastructure for Real-Time Interacti"
  [L48] WEAKENED_VALUE: "can/may [verb]" in apparent value claim — assert directly or delete
        → "- **Discoverability** - Docs can be found, indexed, and cited by AI systems"
  [L52] WEAKENED_VALUE: "can/may [verb]" in apparent value claim — assert directly or delete
        → "- **Parseability** - Docs can be read and understood by machines with the same"
  [L56] WEAKENED_VALUE: "can/may [verb]" in apparent value claim — assert directly or delete
        → "- **Executability** - Docs can be acted on by AI agents, beyond read."
  [L137] WEAKENED_VALUE: "can/may [verb]" in apparent value claim — assert directly or delete
        → "## Constraints"
  [L150] WEAKENED_VALUE: "can/may [verb]" in apparent value claim — assert directly or delete
        → "over cleverness."
  [L160] WEAKENED_VALUE: "can/may [verb]" in apparent value claim — assert directly or delete
        → "- **Governance** - Ownership, standards, and contribution rules are"
  [L169] WEAKENED_VALUE: "can/may [verb]" in apparent value claim — assert directly or delete
        → "- Governance, ownership, and contribution pathways are codified and version-cont"
  [L179] WEAKENED_VALUE: "can/may [verb]" in apparent value claim — assert directly or delete
        → ""
  [L199] WEAKENED_VALUE: "can/may [verb]" in apparent value claim — assert directly or delete
        → "Future-proof infrastructure must not only enforce quality at authoring time - it"
  [L205] WEAKENED_VALUE: "can/may [verb]" in apparent value claim — assert directly or delete
        → ""
  [L211] WEAKENED_VALUE: "can/may [verb]" in apparent value claim — assert directly or delete
        → "A documentation system that requires humans to manually document its own compone"
  [L226] WEAKENED_VALUE: "can/may [verb]" in apparent value claim — assert directly or delete
        → ""
  [L237] WEAKENED_VALUE: "can/may [verb]" in apparent value claim — assert directly or delete
        → "<Tab title="Stakeholder-focused" icon="people-group">"
  [L260] WEAKENED_VALUE: "can/may [verb]" in apparent value claim — assert directly or delete
        → "- Stakeholders can find, use, and navigate their section without encountering co"
  [L4] DESCRIPTION_ANNOUNCES_CONTENT: Description announces page contents — lead with reader outcome instead
        → "This page articulates the philosophical framework that underpinned the v2 engagement and demonstrates how the RFP's thre"
  [L4] DESCRIPTION_TOO_LONG: Description exceeds 160-character target (270) — tighten the outcome statement
        → "This page articulates the philosophical framework that underpinned the v2 engagement and demonstrates how the RFP's thre"

❌  v2/internal/rfp/problem-statements.mdx — 15 BLOCKING error(s):

  [L59] BANNED_PHRASE: "rather than" — see banned phrases list
        → "- **[UI/UX]** Homepage "Mission Control" hero with role-selector cards. Each car"
  [L62] BANNED_PHRASE: "rather than" — see banned phrases list
        → "- **[Copy]** All copy is written from the user's perspective ("you want to...") "
  [L63] BANNED_PHRASE: "rather than" — see banned phrases list
        → "- **[DX]** Developer portal separates AI Jobs from Transcoding Jobs with distinc"
  [L103] BANNED_PHRASE: "rather than" — see banned phrases list
        → "The options considered were: keep Studio in core docs with clearer labelling (lo"
  [L105] BANNED_PHRASE: "rather than" — see banned phrases list
        → "For SDK and API duplication, the decision was to consolidate into single canonic"
  [L116] BANNED_PHRASE: "rather than" — see banned phrases list
        → "[Technical] SDK documentation consolidated into a single Developer SDK hub rathe"
  [L134] BANNED_PHRASE: "rather than" — see banned phrases list
        → "- The intermediate approach builds contextual integration: documentation pages t"
  [L135] BANNED_PHRASE: "rather than" — see banned phrases list
        → "- The maximal approach creates live data connections: documentation that renders"
  [L147] BANNED_PHRASE: "rather than" — see banned phrases list
        → "- **[Technical]** LPT exchange data integration: automated fetching of live LPT "
  [L150] BANNED_PHRASE: "rather than" — see banned phrases list
        → "- **[Content]** Studio dashboard references systematically reviewed and reduced."
  [L151] BANNED_PHRASE: "not just" — see banned phrases list
        → "- **[Technical]** docs.json navigation configured with explicit external links t"
  [L157] BANNED_PHRASE: "rather than" — see banned phrases list
        → "Analytics tracking at anchor level - which would surface which integration links"
  [L53] BANNED_WORD: "significant" — delete or restate directly
        → "Persona journey maps were produced for all four core types documenting the liter"
  [L93] BANNED_WORD: "significant" — delete or restate directly
        → "The canonical changelog is the most significant unresolved gap in this category."
  [L159] BANNED_WORD: "several" — delete or restate directly
        → "An important nuance on the "duplication" constraint: in several cases where cont"

⚠️   v2/internal/rfp/problem-statements.mdx — 20 warning(s) (human sign-off required):

  [L118] CONDITIONAL_IF: "if" in body prose — check for conditional gatekeeping
        → "[Internal docs] source-of-truth-policy.md explicitly defines canonical ownership"
  [L150] CONDITIONAL_IF: "if" in body prose — check for conditional gatekeeping
        → "- **[Content]** Studio dashboard references systematically reviewed and reduced."
  [L48] NOT_CONSTRUCTION: "not [noun/verb]" — restate as positive claim
        → "The v1 documentation's navigation relied on a toggle-based model where all user "
  [L50] NOT_CONSTRUCTION: "not [noun/verb]" — restate as positive claim
        → "Three architectural options were considered. First, a flat tag-based model where"
  [L63] NOT_CONSTRUCTION: "not [noun/verb]" — restate as positive claim
        → "- **[DX]** Developer portal separates AI Jobs from Transcoding Jobs with distinc"
  [L93] NOT_CONSTRUCTION: "not [noun/verb]" — restate as positive claim
        → "The canonical changelog is the most significant unresolved gap in this category."
  [L101] NOT_CONSTRUCTION: "not [noun/verb]" — restate as positive claim
        → "Brand confusion in v1 arose from a structural issue: Livepeer Studio, an opinion"
  [L109] NOT_CONSTRUCTION: "not [noun/verb]" — restate as positive claim
        → "This hierarchy resolved the brand confusion by making clear that Studio is a pro"
  [L123] NOT_CONSTRUCTION: "not [noun/verb]" — restate as positive claim
        → "The Studio migration guide's narrative page - explaining the conceptual shift fr"
  [L124] NOT_CONSTRUCTION: "not [noun/verb]" — restate as positive claim
        → "This is a content gap, not an infrastructure gap."
  [L137] NOT_CONSTRUCTION: "not [noun/verb]" — restate as positive claim
        → "The v2 engagement targeted the intermediate approach as baseline and built towar"
  [L142] NOT_CONSTRUCTION: "not [noun/verb]" — restate as positive claim
        → "Pain points surfaced: users would read about delegation in the docs and then not"
  [L151] NOT_CONSTRUCTION: "not [noun/verb]" — restate as positive claim
        → "- **[Technical]** docs.json navigation configured with explicit external links t"
  [L152] NOT_CONSTRUCTION: "not [noun/verb]" — restate as positive claim
        → "- **[Product Positioning]** About section documents the full Livepeer ecosystem "
  [L155] NOT_CONSTRUCTION: "not [noun/verb]" — restate as positive claim
        → "Full verified integration with the governance portal has not been audited as a d"
  [L157] NOT_CONSTRUCTION: "not [noun/verb]" — restate as positive claim
        → "Analytics tracking at anchor level - which would surface which integration links"
  [L132] WEAKENED_VALUE: "can/may [verb]" in apparent value claim — assert directly or delete
        → "Site integration in documentation can be approached at three levels of ambition."
  [L149] WEAKENED_VALUE: "can/may [verb]" in apparent value claim — assert directly or delete
        → "- **[Automations]** Forum integration (update-forum-data.yml) surfaces live comm"
  [L157] WEAKENED_VALUE: "can/may [verb]" in apparent value claim — assert directly or delete
        → "Analytics tracking at anchor level - which would surface which integration links"
  [L4] DESCRIPTION_TOO_LONG: Description exceeds 160-character target (274) — tighten the outcome statement
        → "The RFP identified four specific problems with the existing Livepeer documentation. This section documents how v2 addres"

⚠️   v2/internal/rfp/report.mdx — 4 warning(s) (human sign-off required):

  [L45] NOT_CONSTRUCTION: "not [noun/verb]" — restate as positive claim
        → "| Governance and ownerless repo | Partially complete | Governance index, source-"
  [L48] NOT_CONSTRUCTION: "not [noun/verb]" — restate as positive claim
        → "Honest delivery status: the repo has moved beyond a documentation rewrite into a"
  [L90] NOT_CONSTRUCTION: "not [noun/verb]" — restate as positive claim
        → "<TableCell></TableCell>"
  [L39] WEAKENED_VALUE: "can/may [verb]" in apparent value claim — assert directly or delete
        → "| UI and component system | Completed with gaps | Component registry, usage map,"

lint-copy complete: 275 blocking, 2581 warnings across 559 file(s).

Merge blocked. Resolve all blocking errors before re-submitting.
