
⚠️   v2/home/mission-control.mdx — 4 structural warning(s):

  [L1] INVALID_PAGE_TYPE: pageType "landing" is not a canonical value
        Fix: "landing" is deprecated. Migrate to one of: navigation, concept, tutorial, guide, instruction, reference, resource. Check Frameworks.mdx §1.1 for the pageType + pageVariant required.
  [L1] INVALID_AUDIENCE: audience "everyone" is not a canonical token
        Fix: Use one of: founder, builder, developer, gateway, orchestrator, delegator, community.
  [L1] INVALID_PURPOSE: purpose "landing" is not a canonical value
        Fix: "landing" is deprecated. Migrate to one of: orient, explain, choose, start, build, configure, operate, troubleshoot, optimise, integrate, verify, evaluate, reference, learn, update.
  [L1] MISSING_STATUS: Missing status field
        Fix: Add a canonical status value to frontmatter.

⚠️   v2/home/primer.mdx — 3 structural warning(s):

  [L1] INVALID_AUDIENCE: audience "everyone" is not a canonical token
        Fix: Use one of: founder, builder, developer, gateway, orchestrator, delegator, community.
  [L1] INVALID_PURPOSE: purpose "tutorial" is not a canonical value
        Fix: "tutorial" is deprecated. Migrate to one of: orient, explain, choose, start, build, configure, operate, troubleshoot, optimise, integrate, verify, evaluate, reference, learn, update.
  [L1] MISSING_STATUS: Missing status field
        Fix: Add a canonical status value to frontmatter.

⚠️   v2/home/about/vision.mdx — 3 structural warning(s):

  [L1] INVALID_AUDIENCE: audience "everyone" is not a canonical token
        Fix: Use one of: founder, builder, developer, gateway, orchestrator, delegator, community.
  [L1] INVALID_PURPOSE: purpose "concept" is not a canonical value
        Fix: "concept" is deprecated. Migrate to one of: orient, explain, choose, start, build, configure, operate, troubleshoot, optimise, integrate, verify, evaluate, reference, learn, update.
  [L1] MISSING_STATUS: Missing status field
        Fix: Add a canonical status value to frontmatter.

⚠️   v2/home/about/evolution.mdx — 3 structural warning(s):

  [L1] INVALID_AUDIENCE: audience "everyone" is not a canonical token
        Fix: Use one of: founder, builder, developer, gateway, orchestrator, delegator, community.
  [L1] INVALID_PURPOSE: purpose "concept" is not a canonical value
        Fix: "concept" is deprecated. Migrate to one of: orient, explain, choose, start, build, configure, operate, troubleshoot, optimise, integrate, verify, evaluate, reference, learn, update.
  [L1] MISSING_STATUS: Missing status field
        Fix: Add a canonical status value to frontmatter.

⚠️   v2/home/about/benefits.mdx — 3 structural warning(s):

  [L1] INVALID_AUDIENCE: audience "everyone" is not a canonical token
        Fix: Use one of: founder, builder, developer, gateway, orchestrator, delegator, community.
  [L1] INVALID_PURPOSE: purpose "concept" is not a canonical value
        Fix: "concept" is deprecated. Migrate to one of: orient, explain, choose, start, build, configure, operate, troubleshoot, optimise, integrate, verify, evaluate, reference, learn, update.
  [L1] MISSING_STATUS: Missing status field
        Fix: Add a canonical status value to frontmatter.

⚠️   v2/home/about/ecosystem.mdx — 3 structural warning(s):

  [L1] INVALID_AUDIENCE: audience "everyone" is not a canonical token
        Fix: Use one of: founder, builder, developer, gateway, orchestrator, delegator, community.
  [L1] INVALID_PURPOSE: purpose "concept" is not a canonical value
        Fix: "concept" is deprecated. Migrate to one of: orient, explain, choose, start, build, configure, operate, troubleshoot, optimise, integrate, verify, evaluate, reference, learn, update.
  [L1] MISSING_STATUS: Missing status field
        Fix: Add a canonical status value to frontmatter.

⚠️   v2/home/about/roadmap.mdx — 4 structural warning(s):

  [L1] INVALID_PAGE_TYPE: pageType "overview" is not a canonical value
        Fix: "overview" is deprecated. Migrate to one of: navigation, concept, tutorial, guide, instruction, reference, resource. Check Frameworks.mdx §1.1 for the pageType + pageVariant required.
  [L1] INVALID_AUDIENCE: audience "everyone" is not a canonical token
        Fix: Use one of: founder, builder, developer, gateway, orchestrator, delegator, community.
  [L1] INVALID_PURPOSE: purpose "overview" is not a canonical value
        Fix: "overview" is deprecated. Migrate to one of: orient, explain, choose, start, build, configure, operate, troubleshoot, optimise, integrate, verify, evaluate, reference, learn, update.
  [L1] MISSING_STATUS: Missing status field
        Fix: Add a canonical status value to frontmatter.

⚠️   v2/home/solutions/showcase.mdx — 4 structural warning(s):

  [L1] INVALID_PAGE_TYPE: pageType "overview" is not a canonical value
        Fix: "overview" is deprecated. Migrate to one of: navigation, concept, tutorial, guide, instruction, reference, resource. Check Frameworks.mdx §1.1 for the pageType + pageVariant required.
  [L1] INVALID_AUDIENCE: audience "everyone" is not a canonical token
        Fix: Use one of: founder, builder, developer, gateway, orchestrator, delegator, community.
  [L1] INVALID_PURPOSE: purpose "overview" is not a canonical value
        Fix: "overview" is deprecated. Migrate to one of: orient, explain, choose, start, build, configure, operate, troubleshoot, optimise, integrate, verify, evaluate, reference, learn, update.
  [L1] MISSING_STATUS: Missing status field
        Fix: Add a canonical status value to frontmatter.

❌  v2/home/solutions/trending.mdx — 4 BLOCKING structural error(s):

  [L1] MISSING_FRONTMATTER: Missing required frontmatter field: "pageType"
        Fix: Add "pageType:" to the page frontmatter.
  [L1] MISSING_FRONTMATTER: Missing required frontmatter field: "audience"
        Fix: Add "audience:" to the page frontmatter.
  [L1] MISSING_FRONTMATTER: Missing required frontmatter field: "purpose"
        Fix: Add "purpose:" to the page frontmatter.
  [L1] MISSING_FRONTMATTER: Missing required frontmatter field: "lastVerified"
        Fix: Add "lastVerified:" to the page frontmatter.

⚠️   v2/home/solutions/trending.mdx — 1 structural warning(s):

  [L1] MISSING_STATUS: Missing status field
        Fix: Add a canonical status value to frontmatter.

⚠️   v2/home/solutions/verticals.mdx — 4 structural warning(s):

  [L1] INVALID_PAGE_TYPE: pageType "overview" is not a canonical value
        Fix: "overview" is deprecated. Migrate to one of: navigation, concept, tutorial, guide, instruction, reference, resource. Check Frameworks.mdx §1.1 for the pageType + pageVariant required.
  [L1] INVALID_AUDIENCE: audience "everyone" is not a canonical token
        Fix: Use one of: founder, builder, developer, gateway, orchestrator, delegator, community.
  [L1] INVALID_PURPOSE: purpose "overview" is not a canonical value
        Fix: "overview" is deprecated. Migrate to one of: orient, explain, choose, start, build, configure, operate, troubleshoot, optimise, integrate, verify, evaluate, reference, learn, update.
  [L1] MISSING_STATUS: Missing status field
        Fix: Add a canonical status value to frontmatter.

⚠️   v2/home/solutions/applications.mdx — 4 structural warning(s):

  [L1] INVALID_PAGE_TYPE: pageType "overview" is not a canonical value
        Fix: "overview" is deprecated. Migrate to one of: navigation, concept, tutorial, guide, instruction, reference, resource. Check Frameworks.mdx §1.1 for the pageType + pageVariant required.
  [L1] INVALID_AUDIENCE: audience "everyone" is not a canonical token
        Fix: Use one of: founder, builder, developer, gateway, orchestrator, delegator, community.
  [L1] INVALID_PURPOSE: purpose "overview" is not a canonical value
        Fix: "overview" is deprecated. Migrate to one of: orient, explain, choose, start, build, configure, operate, troubleshoot, optimise, integrate, verify, evaluate, reference, learn, update.
  [L1] MISSING_STATUS: Missing status field
        Fix: Add a canonical status value to frontmatter.

⚠️   v2/home/resources/glossary.mdx — 1 structural warning(s):

  [L1] INVALID_AUDIENCE: audience "everyone" is not a canonical token
        Fix: Use one of: founder, builder, developer, gateway, orchestrator, delegator, community.

⚠️   v2/about/portal.mdx — 1 structural warning(s):

  [L1] MISSING_STATUS: Missing status field
        Fix: Add a canonical status value to frontmatter.

ℹ️   v2/about/navigator.mdx — 1 info notice(s):

  [L1] MISSING_VERACITY_STATUS: status is "current" but veracityStatus is not set
        Fix: Add veracityStatus: verified (or unverified/stale) to frontmatter. See checks.mdx §1.8.

⚠️   v2/about/concepts/about-livepeer.mdx — 1 structural warning(s):

  [L1] MISSING_STATUS: Missing status field
        Fix: Add a canonical status value to frontmatter.

⚠️   v2/about/concepts/livepeer-stack.mdx — 1 structural warning(s):

  [L1] MISSING_STATUS: Missing status field
        Fix: Add a canonical status value to frontmatter.

⚠️   v2/about/concepts/actors-and-capabilities.mdx — 1 structural warning(s):

  [L1] MISSING_STATUS: Missing status field
        Fix: Add a canonical status value to frontmatter.

❌  v2/about/concepts/governance-and-economics.mdx — 2 BLOCKING structural error(s):

  [L145] REVIEW_FLAG_RENDERED: Unresolved REVIEW flag in rendered content
        Fix: Resolve the REVIEW item or move the flag to a JSX comment outside the rendered tree.
        → "{/* REVIEW: confirm current treasuryRewardCutRate is still 10%. LIP-92 set initi"
  [L200] REVIEW_FLAG_RENDERED: Unresolved REVIEW flag in rendered content
        Fix: Resolve the REVIEW item or move the flag to a JSX comment outside the rendered tree.
        → "Funding is automatic and continuous. [LIP-92](https://github.com/livepeer/LIPs/b"

⚠️   v2/about/concepts/governance-and-economics.mdx — 1 structural warning(s):

  [L1] MISSING_STATUS: Missing status field
        Fix: Add a canonical status value to frontmatter.

⚠️   v2/about/protocol/design.mdx — 4 structural warning(s):

  [L1] INVALID_PAGE_TYPE: pageType "overview" is not a canonical value
        Fix: "overview" is deprecated. Migrate to one of: navigation, concept, tutorial, guide, instruction, reference, resource. Check Frameworks.mdx §1.1 for the pageType + pageVariant required.
  [L1] INVALID_AUDIENCE: audience "general" is not a canonical token
        Fix: Use one of: founder, builder, developer, gateway, orchestrator, delegator, community.
  [L1] INVALID_PURPOSE: purpose "overview" is not a canonical value
        Fix: "overview" is deprecated. Migrate to one of: orient, explain, choose, start, build, configure, operate, troubleshoot, optimise, integrate, verify, evaluate, reference, learn, update.
  [L1] MISSING_STATUS: Missing status field
        Fix: Add a canonical status value to frontmatter.

❌  v2/about/protocol/mechanisms.mdx — 3 BLOCKING structural error(s):

  [L152] REVIEW_FLAG_RENDERED: Unresolved REVIEW flag in rendered content
        Fix: Resolve the REVIEW item or move the flag to a JSX comment outside the rendered tree.
        → "A round is a fixed number of Arbitrum blocks. The current round must be initiali"
  [L213] REVIEW_FLAG_RENDERED: Unresolved REVIEW flag in rendered content
        Fix: Resolve the REVIEW item or move the flag to a JSX comment outside the rendered tree.
        → "**Slashing exists in the contract but is not currently active.** `slashTranscode"
  [L245] REVIEW_FLAG_RENDERED: Unresolved REVIEW flag in rendered content
        Fix: Resolve the REVIEW item or move the flag to a JSX comment outside the rendered tree.
        → "`treasuryRewardCutRate` of the new LPT is routed to the Treasury contract before"

⚠️   v2/about/protocol/mechanisms.mdx — 3 structural warning(s):

  [L1] INVALID_AUDIENCE: audience "general" is not a canonical token
        Fix: Use one of: founder, builder, developer, gateway, orchestrator, delegator, community.
  [L1] INVALID_PURPOSE: purpose "concept" is not a canonical value
        Fix: "concept" is deprecated. Migrate to one of: orient, explain, choose, start, build, configure, operate, troubleshoot, optimise, integrate, verify, evaluate, reference, learn, update.
  [L1] MISSING_STATUS: Missing status field
        Fix: Add a canonical status value to frontmatter.

⚠️   v2/about/protocol/livepeer-token.mdx — 3 structural warning(s):

  [L1] INVALID_AUDIENCE: audience "general" is not a canonical token
        Fix: Use one of: founder, builder, developer, gateway, orchestrator, delegator, community.
  [L1] INVALID_PURPOSE: purpose "concept" is not a canonical value
        Fix: "concept" is deprecated. Migrate to one of: orient, explain, choose, start, build, configure, operate, troubleshoot, optimise, integrate, verify, evaluate, reference, learn, update.
  [L1] MISSING_STATUS: Missing status field
        Fix: Add a canonical status value to frontmatter.

⚠️   v2/about/protocol/governance-and-treasury.mdx — 3 structural warning(s):

  [L1] INVALID_AUDIENCE: audience "general" is not a canonical token
        Fix: Use one of: founder, builder, developer, gateway, orchestrator, delegator, community.
  [L1] INVALID_PURPOSE: purpose "concept" is not a canonical value
        Fix: "concept" is deprecated. Migrate to one of: orient, explain, choose, start, build, configure, operate, troubleshoot, optimise, integrate, verify, evaluate, reference, learn, update.
  [L1] MISSING_STATUS: Missing status field
        Fix: Add a canonical status value to frontmatter.

⚠️   v2/about/protocol/architecture.mdx — 2 structural warning(s):

  [L1] INVALID_AUDIENCE: audience "general" is not a canonical token
        Fix: Use one of: founder, builder, developer, gateway, orchestrator, delegator, community.
  [L1] INVALID_PURPOSE: purpose "concept" is not a canonical value
        Fix: "concept" is deprecated. Migrate to one of: orient, explain, choose, start, build, configure, operate, troubleshoot, optimise, integrate, verify, evaluate, reference, learn, update.

ℹ️   v2/about/protocol/architecture.mdx — 1 info notice(s):

  [L1] MISSING_VERACITY_STATUS: status is "current" but veracityStatus is not set
        Fix: Add veracityStatus: verified (or unverified/stale) to frontmatter. See checks.mdx §1.8.

⚠️   v2/about/protocol/blockchain-contracts.mdx — 3 structural warning(s):

  [L1] INVALID_AUDIENCE: audience "general" is not a canonical token
        Fix: Use one of: founder, builder, developer, gateway, orchestrator, delegator, community.
  [L1] INVALID_PURPOSE: purpose "concept" is not a canonical value
        Fix: "concept" is deprecated. Migrate to one of: orient, explain, choose, start, build, configure, operate, troubleshoot, optimise, integrate, verify, evaluate, reference, learn, update.
  [L1] MISSING_STATUS: Missing status field
        Fix: Add a canonical status value to frontmatter.

⚠️   v2/about/network/actors.mdx — 2 structural warning(s):

  [L1] INVALID_AUDIENCE: audience "general" is not a canonical token
        Fix: Use one of: founder, builder, developer, gateway, orchestrator, delegator, community.
  [L1] MISSING_STATUS: Missing status field
        Fix: Add a canonical status value to frontmatter.

⚠️   v2/about/network/mechanisms.mdx — 1 structural warning(s):

  [L1] INVALID_PAGE_VARIANT: pageVariant "explain" is not a canonical value
        Fix: Use one of: overview, specification, compendium, changelog, knowledge-hub, quickstart, troubleshooting.

⚠️   v2/about/network/marketplace-model.mdx — 1 structural warning(s):

  [L1] INVALID_PAGE_VARIANT: pageVariant "explain" is not a canonical value
        Fix: Use one of: overview, specification, compendium, changelog, knowledge-hub, quickstart, troubleshooting.

❌  v2/about/network/metrics.mdx — 4 BLOCKING structural error(s):

  [L235] REVIEW_FLAG_RENDERED: Unresolved REVIEW flag in rendered content
        Fix: Resolve the REVIEW item or move the flag to a JSX comment outside the rendered tree.
        → "'What it shows': 'Count of orchestrators in the current active set. Subgraph fie"
  [L460] REVIEW_FLAG_RENDERED: Unresolved REVIEW flag in rendered content
        Fix: Resolve the REVIEW item or move the flag to a JSX comment outside the rendered tree.
        → "'What it shows': 'Percent of each round\'s minted LPT routed to the treasury. On"
  [L465] REVIEW_FLAG_RENDERED: Unresolved REVIEW flag in rendered content
        Fix: Resolve the REVIEW item or move the flag to a JSX comment outside the rendered tree.
        → "'What it shows': 'LPT balance cap. When the treasury reaches this value, `treasu"
  [L495] REVIEW_FLAG_RENDERED: Unresolved REVIEW flag in rendered content
        Fix: Resolve the REVIEW item or move the flag to a JSX comment outside the rendered tree.
        → "'What it shows': 'Maximum orchestrators eligible per round: `numActiveTranscoder"

⚠️   v2/about/network/metrics.mdx — 1 structural warning(s):

  [L1] INVALID_PAGE_VARIANT: pageVariant "reference" is not a canonical value
        Fix: Use one of: overview, specification, compendium, changelog, knowledge-hub, quickstart, troubleshooting.

⚠️   v2/about/guides/technical-roadmap.mdx — 2 structural warning(s):

  [L1] INVALID_AUDIENCE: audience "general" is not a canonical token
        Fix: Use one of: founder, builder, developer, gateway, orchestrator, delegator, community.
  [L1] MISSING_STATUS: Missing status field
        Fix: Add a canonical status value to frontmatter.

⚠️   v2/about/guides/protocol-design.mdx — 2 structural warning(s):

  [L1] INVALID_AUDIENCE: audience "general" is not a canonical token
        Fix: Use one of: founder, builder, developer, gateway, orchestrator, delegator, community.
  [L1] MISSING_STATUS: Missing status field
        Fix: Add a canonical status value to frontmatter.

⚠️   v2/about/guides/livepeer-network.mdx — 2 structural warning(s):

  [L1] INVALID_AUDIENCE: audience "general" is not a canonical token
        Fix: Use one of: founder, builder, developer, gateway, orchestrator, delegator, community.
  [L1] MISSING_STATUS: Missing status field
        Fix: Add a canonical status value to frontmatter.

⚠️   v2/about/guides/livepeer-token.mdx — 2 structural warning(s):

  [L1] INVALID_AUDIENCE: audience "general" is not a canonical token
        Fix: Use one of: founder, builder, developer, gateway, orchestrator, delegator, community.
  [L1] MISSING_STATUS: Missing status field
        Fix: Add a canonical status value to frontmatter.

⚠️   v2/about/guides/governance-and-voting.mdx — 2 structural warning(s):

  [L1] INVALID_AUDIENCE: audience "general" is not a canonical token
        Fix: Use one of: founder, builder, developer, gateway, orchestrator, delegator, community.
  [L1] MISSING_STATUS: Missing status field
        Fix: Add a canonical status value to frontmatter.

⚠️   v2/about/guides/treasury-and-proposals.mdx — 2 structural warning(s):

  [L1] INVALID_AUDIENCE: audience "general" is not a canonical token
        Fix: Use one of: founder, builder, developer, gateway, orchestrator, delegator, community.
  [L1] MISSING_STATUS: Missing status field
        Fix: Add a canonical status value to frontmatter.

⚠️   v2/about/guides/network-tools-and-metrics.mdx — 2 structural warning(s):

  [L1] INVALID_AUDIENCE: audience "general" is not a canonical token
        Fix: Use one of: founder, builder, developer, gateway, orchestrator, delegator, community.
  [L1] MISSING_STATUS: Missing status field
        Fix: Add a canonical status value to frontmatter.

⚠️   v2/about/guides/network-metrics.mdx — 1 structural warning(s):

  [L1] INVALID_PAGE_VARIANT: pageVariant "reference" is not a canonical value
        Fix: Use one of: overview, specification, compendium, changelog, knowledge-hub, quickstart, troubleshooting.

⚠️   v2/about/guides/builders-guide.mdx — 1 structural warning(s):

  [L1] MISSING_STATUS: Missing status field
        Fix: Add a canonical status value to frontmatter.

❌  v2/about/guides/changelogs/go-livepeer.mdx — 4 BLOCKING structural error(s):

  [L1] MISSING_FRONTMATTER: Missing required frontmatter field: "pageType"
        Fix: Add "pageType:" to the page frontmatter.
  [L1] MISSING_FRONTMATTER: Missing required frontmatter field: "audience"
        Fix: Add "audience:" to the page frontmatter.
  [L1] MISSING_FRONTMATTER: Missing required frontmatter field: "purpose"
        Fix: Add "purpose:" to the page frontmatter.
  [L1] MISSING_FRONTMATTER: Missing required frontmatter field: "lastVerified"
        Fix: Add "lastVerified:" to the page frontmatter.

⚠️   v2/about/guides/changelogs/go-livepeer.mdx — 1 structural warning(s):

  [L1] MISSING_STATUS: Missing status field
        Fix: Add a canonical status value to frontmatter.

❌  v2/about/guides/changelogs/lips.mdx — 4 BLOCKING structural error(s):

  [L1] MISSING_FRONTMATTER: Missing required frontmatter field: "pageType"
        Fix: Add "pageType:" to the page frontmatter.
  [L1] MISSING_FRONTMATTER: Missing required frontmatter field: "audience"
        Fix: Add "audience:" to the page frontmatter.
  [L1] MISSING_FRONTMATTER: Missing required frontmatter field: "purpose"
        Fix: Add "purpose:" to the page frontmatter.
  [L1] MISSING_FRONTMATTER: Missing required frontmatter field: "lastVerified"
        Fix: Add "lastVerified:" to the page frontmatter.

⚠️   v2/about/guides/changelogs/lips.mdx — 1 structural warning(s):

  [L1] MISSING_STATUS: Missing status field
        Fix: Add a canonical status value to frontmatter.

ℹ️   v2/about/resources/faq.mdx — 1 info notice(s):

  [L1] MISSING_VERACITY_STATUS: status is "current" but veracityStatus is not set
        Fix: Add veracityStatus: verified (or unverified/stale) to frontmatter. See checks.mdx §1.8.

⚠️   v2/about/resources/glossary.mdx — 1 structural warning(s):

  [L1] INVALID_AUDIENCE: audience "everyone" is not a canonical token
        Fix: Use one of: founder, builder, developer, gateway, orchestrator, delegator, community.

⚠️   v2/about/resources/knowledge-hub/livepeer-whitepaper.mdx — 2 structural warning(s):

  [L1] INVALID_AUDIENCE: audience "general" is not a canonical token
        Fix: Use one of: founder, builder, developer, gateway, orchestrator, delegator, community.
  [L1] MISSING_STATUS: Missing status field
        Fix: Add a canonical status value to frontmatter.

❌  v2/about/resources/knowledge-hub/gateways-vs-orchestrators.mdx — 3 BLOCKING structural error(s):

  [L1] MISSING_FRONTMATTER: Missing required frontmatter field: "pageType"
        Fix: Add "pageType:" to the page frontmatter.
  [L1] MISSING_FRONTMATTER: Missing required frontmatter field: "purpose"
        Fix: Add "purpose:" to the page frontmatter.
  [L1] MISSING_FRONTMATTER: Missing required frontmatter field: "lastVerified"
        Fix: Add "lastVerified:" to the page frontmatter.

⚠️   v2/about/resources/knowledge-hub/gateways-vs-orchestrators.mdx — 1 structural warning(s):

  [L1] MISSING_STATUS: Missing status field
        Fix: Add a canonical status value to frontmatter.

ℹ️   v2/about/resources/reference/livepeer-contract-addresses.mdx — 1 info notice(s):

  [L1] MISSING_VERACITY_STATUS: status is "current" but veracityStatus is not set
        Fix: Add veracityStatus: verified (or unverified/stale) to frontmatter. See checks.mdx §1.8.

⚠️   v2/solutions/portal.mdx — 4 structural warning(s):

  [L1] INVALID_PAGE_TYPE: pageType "landing" is not a canonical value
        Fix: "landing" is deprecated. Migrate to one of: navigation, concept, tutorial, guide, instruction, reference, resource. Check Frameworks.mdx §1.1 for the pageType + pageVariant required.
  [L1] INVALID_AUDIENCE: audience "platform-builder" is not a canonical token
        Fix: Use one of: founder, builder, developer, gateway, orchestrator, delegator, community.
  [L1] INVALID_PURPOSE: purpose "landing" is not a canonical value
        Fix: "landing" is deprecated. Migrate to one of: orient, explain, choose, start, build, configure, operate, troubleshoot, optimise, integrate, verify, evaluate, reference, learn, update.
  [L1] MISSING_STATUS: Missing status field
        Fix: Add a canonical status value to frontmatter.

⚠️   v2/solutions/solution-providers.mdx — 9 structural warning(s):

  [L1] INVALID_PAGE_TYPE: pageType "overview" is not a canonical value
        Fix: "overview" is deprecated. Migrate to one of: navigation, concept, tutorial, guide, instruction, reference, resource. Check Frameworks.mdx §1.1 for the pageType + pageVariant required.
  [L1] INVALID_AUDIENCE: audience "platform-builder" is not a canonical token
        Fix: Use one of: founder, builder, developer, gateway, orchestrator, delegator, community.
  [L1] INVALID_PURPOSE: purpose "overview" is not a canonical value
        Fix: "overview" is deprecated. Migrate to one of: orient, explain, choose, start, build, configure, operate, troubleshoot, optimise, integrate, verify, evaluate, reference, learn, update.
  [L1] MISSING_STATUS: Missing status field
        Fix: Add a canonical status value to frontmatter.
  [L105] ACCORDION_ONLY_URL: URL only inside Accordion — may be a primary action gated behind interaction
        Fix: If this is a primary action URL, add it to body copy above the accordion.
        → "https://docs.livepeer.org"
  [L114] ACCORDION_ONLY_URL: URL only inside Accordion — may be a primary action gated behind interaction
        Fix: If this is a primary action URL, add it to body copy above the accordion.
        → "https://docs.frameworks.network"
  [L115] ACCORDION_ONLY_URL: URL only inside Accordion — may be a primary action gated behind interaction
        Fix: If this is a primary action URL, add it to body copy above the accordion.
        → "https://github.com/daydreamlive"
  [L123] ACCORDION_ONLY_URL: URL only inside Accordion — may be a primary action gated behind interaction
        Fix: If this is a primary action URL, add it to body copy above the accordion.
        → "https://docs.daydream.live"
  [L124] ACCORDION_ONLY_URL: URL only inside Accordion — may be a primary action gated behind interaction
        Fix: If this is a primary action URL, add it to body copy above the accordion.
        → "https://github.com/streamplace/streamplace"

⚠️   v2/solutions/daydream/overview.mdx — 4 structural warning(s):

  [L1] INVALID_PAGE_TYPE: pageType "overview" is not a canonical value
        Fix: "overview" is deprecated. Migrate to one of: navigation, concept, tutorial, guide, instruction, reference, resource. Check Frameworks.mdx §1.1 for the pageType + pageVariant required.
  [L1] INVALID_AUDIENCE: audience "platform-builder" is not a canonical token
        Fix: Use one of: founder, builder, developer, gateway, orchestrator, delegator, community.
  [L1] INVALID_PURPOSE: purpose "overview" is not a canonical value
        Fix: "overview" is deprecated. Migrate to one of: orient, explain, choose, start, build, configure, operate, troubleshoot, optimise, integrate, verify, evaluate, reference, learn, update.
  [L1] MISSING_STATUS: Missing status field
        Fix: Add a canonical status value to frontmatter.

⚠️   v2/solutions/daydream/community.mdx — 1 structural warning(s):

  [L1] MISSING_STATUS: Missing status field
        Fix: Add a canonical status value to frontmatter.

⚠️   v2/solutions/daydream/changelog.mdx — 3 structural warning(s):

  [L1] INVALID_PAGE_TYPE: pageType "changelog" is not a canonical value
        Fix: "changelog" is deprecated. Migrate to one of: navigation, concept, tutorial, guide, instruction, reference, resource. Check Frameworks.mdx §1.1 for the pageType + pageVariant required.
  [L1] INVALID_PURPOSE: purpose "changelog" is not a canonical value
        Fix: "changelog" is deprecated. Migrate to one of: orient, explain, choose, start, build, configure, operate, troubleshoot, optimise, integrate, verify, evaluate, reference, learn, update.
  [L1] MISSING_STATUS: Missing status field
        Fix: Add a canonical status value to frontmatter.

⚠️   v2/solutions/livepeer-studio/overview.mdx — 4 structural warning(s):

  [L1] INVALID_PAGE_TYPE: pageType "overview" is not a canonical value
        Fix: "overview" is deprecated. Migrate to one of: navigation, concept, tutorial, guide, instruction, reference, resource. Check Frameworks.mdx §1.1 for the pageType + pageVariant required.
  [L1] INVALID_AUDIENCE: audience "platform-builder" is not a canonical token
        Fix: Use one of: founder, builder, developer, gateway, orchestrator, delegator, community.
  [L1] INVALID_PURPOSE: purpose "overview" is not a canonical value
        Fix: "overview" is deprecated. Migrate to one of: orient, explain, choose, start, build, configure, operate, troubleshoot, optimise, integrate, verify, evaluate, reference, learn, update.
  [L1] MISSING_STATUS: Missing status field
        Fix: Add a canonical status value to frontmatter.

⚠️   v2/solutions/livepeer-studio/community.mdx — 1 structural warning(s):

  [L1] MISSING_STATUS: Missing status field
        Fix: Add a canonical status value to frontmatter.

⚠️   v2/solutions/livepeer-studio/changelog.mdx — 3 structural warning(s):

  [L1] INVALID_PAGE_TYPE: pageType "changelog" is not a canonical value
        Fix: "changelog" is deprecated. Migrate to one of: navigation, concept, tutorial, guide, instruction, reference, resource. Check Frameworks.mdx §1.1 for the pageType + pageVariant required.
  [L1] INVALID_PURPOSE: purpose "changelog" is not a canonical value
        Fix: "changelog" is deprecated. Migrate to one of: orient, explain, choose, start, build, configure, operate, troubleshoot, optimise, integrate, verify, evaluate, reference, learn, update.
  [L1] MISSING_STATUS: Missing status field
        Fix: Add a canonical status value to frontmatter.

⚠️   v2/solutions/streamplace/overview.mdx — 4 structural warning(s):

  [L1] INVALID_PAGE_TYPE: pageType "overview" is not a canonical value
        Fix: "overview" is deprecated. Migrate to one of: navigation, concept, tutorial, guide, instruction, reference, resource. Check Frameworks.mdx §1.1 for the pageType + pageVariant required.
  [L1] INVALID_AUDIENCE: audience "platform-builder" is not a canonical token
        Fix: Use one of: founder, builder, developer, gateway, orchestrator, delegator, community.
  [L1] INVALID_PURPOSE: purpose "overview" is not a canonical value
        Fix: "overview" is deprecated. Migrate to one of: orient, explain, choose, start, build, configure, operate, troubleshoot, optimise, integrate, verify, evaluate, reference, learn, update.
  [L1] MISSING_STATUS: Missing status field
        Fix: Add a canonical status value to frontmatter.

⚠️   v2/solutions/streamplace/community.mdx — 1 structural warning(s):

  [L1] MISSING_STATUS: Missing status field
        Fix: Add a canonical status value to frontmatter.

⚠️   v2/solutions/streamplace/changelog.mdx — 3 structural warning(s):

  [L1] INVALID_PAGE_TYPE: pageType "changelog" is not a canonical value
        Fix: "changelog" is deprecated. Migrate to one of: navigation, concept, tutorial, guide, instruction, reference, resource. Check Frameworks.mdx §1.1 for the pageType + pageVariant required.
  [L1] INVALID_PURPOSE: purpose "changelog" is not a canonical value
        Fix: "changelog" is deprecated. Migrate to one of: orient, explain, choose, start, build, configure, operate, troubleshoot, optimise, integrate, verify, evaluate, reference, learn, update.
  [L1] MISSING_STATUS: Missing status field
        Fix: Add a canonical status value to frontmatter.

⚠️   v2/solutions/embody/overview.mdx — 4 structural warning(s):

  [L1] INVALID_PAGE_TYPE: pageType "overview" is not a canonical value
        Fix: "overview" is deprecated. Migrate to one of: navigation, concept, tutorial, guide, instruction, reference, resource. Check Frameworks.mdx §1.1 for the pageType + pageVariant required.
  [L1] INVALID_AUDIENCE: audience "platform-builder" is not a canonical token
        Fix: Use one of: founder, builder, developer, gateway, orchestrator, delegator, community.
  [L1] INVALID_PURPOSE: purpose "overview" is not a canonical value
        Fix: "overview" is deprecated. Migrate to one of: orient, explain, choose, start, build, configure, operate, troubleshoot, optimise, integrate, verify, evaluate, reference, learn, update.
  [L1] MISSING_STATUS: Missing status field
        Fix: Add a canonical status value to frontmatter.

⚠️   v2/solutions/embody/community.mdx — 1 structural warning(s):

  [L1] MISSING_STATUS: Missing status field
        Fix: Add a canonical status value to frontmatter.

⚠️   v2/solutions/embody/changelog.mdx — 3 structural warning(s):

  [L1] INVALID_PAGE_TYPE: pageType "changelog" is not a canonical value
        Fix: "changelog" is deprecated. Migrate to one of: navigation, concept, tutorial, guide, instruction, reference, resource. Check Frameworks.mdx §1.1 for the pageType + pageVariant required.
  [L1] INVALID_PURPOSE: purpose "changelog" is not a canonical value
        Fix: "changelog" is deprecated. Migrate to one of: orient, explain, choose, start, build, configure, operate, troubleshoot, optimise, integrate, verify, evaluate, reference, learn, update.
  [L1] MISSING_STATUS: Missing status field
        Fix: Add a canonical status value to frontmatter.

⚠️   v2/solutions/frameworks/overview.mdx — 4 structural warning(s):

  [L1] INVALID_PAGE_TYPE: pageType "overview" is not a canonical value
        Fix: "overview" is deprecated. Migrate to one of: navigation, concept, tutorial, guide, instruction, reference, resource. Check Frameworks.mdx §1.1 for the pageType + pageVariant required.
  [L1] INVALID_AUDIENCE: audience "platform-builder" is not a canonical token
        Fix: Use one of: founder, builder, developer, gateway, orchestrator, delegator, community.
  [L1] INVALID_PURPOSE: purpose "overview" is not a canonical value
        Fix: "overview" is deprecated. Migrate to one of: orient, explain, choose, start, build, configure, operate, troubleshoot, optimise, integrate, verify, evaluate, reference, learn, update.
  [L1] MISSING_STATUS: Missing status field
        Fix: Add a canonical status value to frontmatter.

⚠️   v2/solutions/frameworks/community.mdx — 1 structural warning(s):

  [L1] MISSING_STATUS: Missing status field
        Fix: Add a canonical status value to frontmatter.

⚠️   v2/solutions/frameworks/changelog.mdx — 3 structural warning(s):

  [L1] INVALID_PAGE_TYPE: pageType "changelog" is not a canonical value
        Fix: "changelog" is deprecated. Migrate to one of: navigation, concept, tutorial, guide, instruction, reference, resource. Check Frameworks.mdx §1.1 for the pageType + pageVariant required.
  [L1] INVALID_PURPOSE: purpose "changelog" is not a canonical value
        Fix: "changelog" is deprecated. Migrate to one of: orient, explain, choose, start, build, configure, operate, troubleshoot, optimise, integrate, verify, evaluate, reference, learn, update.
  [L1] MISSING_STATUS: Missing status field
        Fix: Add a canonical status value to frontmatter.

⚠️   v2/solutions/resources/glossary.mdx — 1 structural warning(s):

  [L1] INVALID_AUDIENCE: audience "everyone" is not a canonical token
        Fix: Use one of: founder, builder, developer, gateway, orchestrator, delegator, community.

⚠️   v2/solutions/livepeer-studio/docs/get-started/overview.mdx — 4 structural warning(s):

  [L1] INVALID_PAGE_TYPE: pageType "overview" is not a canonical value
        Fix: "overview" is deprecated. Migrate to one of: navigation, concept, tutorial, guide, instruction, reference, resource. Check Frameworks.mdx §1.1 for the pageType + pageVariant required.
  [L1] INVALID_AUDIENCE: audience "platform-builder" is not a canonical token
        Fix: Use one of: founder, builder, developer, gateway, orchestrator, delegator, community.
  [L1] INVALID_PURPOSE: purpose "overview" is not a canonical value
        Fix: "overview" is deprecated. Migrate to one of: orient, explain, choose, start, build, configure, operate, troubleshoot, optimise, integrate, verify, evaluate, reference, learn, update.
  [L1] MISSING_STATUS: Missing status field
        Fix: Add a canonical status value to frontmatter.

⚠️   v2/solutions/livepeer-studio/docs/quickstart.mdx — 4 structural warning(s):

  [L1] INVALID_PAGE_TYPE: pageType "quickstart" is not a canonical value
        Fix: "quickstart" is deprecated. Migrate to one of: navigation, concept, tutorial, guide, instruction, reference, resource. Check Frameworks.mdx §1.1 for the pageType + pageVariant required.
  [L1] INVALID_AUDIENCE: audience "platform-builder" is not a canonical token
        Fix: Use one of: founder, builder, developer, gateway, orchestrator, delegator, community.
  [L1] INVALID_PURPOSE: purpose "tutorial" is not a canonical value
        Fix: "tutorial" is deprecated. Migrate to one of: orient, explain, choose, start, build, configure, operate, troubleshoot, optimise, integrate, verify, evaluate, reference, learn, update.
  [L1] MISSING_STATUS: Missing status field
        Fix: Add a canonical status value to frontmatter.

⚠️   v2/solutions/livepeer-studio/docs/get-started/authentication.mdx — 3 structural warning(s):

  [L1] INVALID_AUDIENCE: audience "platform-builder" is not a canonical token
        Fix: Use one of: founder, builder, developer, gateway, orchestrator, delegator, community.
  [L1] INVALID_PURPOSE: purpose "concept" is not a canonical value
        Fix: "concept" is deprecated. Migrate to one of: orient, explain, choose, start, build, configure, operate, troubleshoot, optimise, integrate, verify, evaluate, reference, learn, update.
  [L1] MISSING_STATUS: Missing status field
        Fix: Add a canonical status value to frontmatter.

⚠️   v2/solutions/livepeer-studio/docs/get-started/studio-cli.mdx — 3 structural warning(s):

  [L1] INVALID_AUDIENCE: audience "platform-builder" is not a canonical token
        Fix: Use one of: founder, builder, developer, gateway, orchestrator, delegator, community.
  [L1] INVALID_PURPOSE: purpose "operations" is not a canonical value
        Fix: "operations" is deprecated. Migrate to one of: orient, explain, choose, start, build, configure, operate, troubleshoot, optimise, integrate, verify, evaluate, reference, learn, update.
  [L1] MISSING_STATUS: Missing status field
        Fix: Add a canonical status value to frontmatter.

⚠️   v2/solutions/livepeer-studio/docs/livestream/overview.mdx — 4 structural warning(s):

  [L1] INVALID_PAGE_TYPE: pageType "overview" is not a canonical value
        Fix: "overview" is deprecated. Migrate to one of: navigation, concept, tutorial, guide, instruction, reference, resource. Check Frameworks.mdx §1.1 for the pageType + pageVariant required.
  [L1] INVALID_AUDIENCE: audience "platform-builder" is not a canonical token
        Fix: Use one of: founder, builder, developer, gateway, orchestrator, delegator, community.
  [L1] INVALID_PURPOSE: purpose "overview" is not a canonical value
        Fix: "overview" is deprecated. Migrate to one of: orient, explain, choose, start, build, configure, operate, troubleshoot, optimise, integrate, verify, evaluate, reference, learn, update.
  [L1] MISSING_STATUS: Missing status field
        Fix: Add a canonical status value to frontmatter.

⚠️   v2/solutions/livepeer-studio/docs/livestream/create-livestream.mdx — 3 structural warning(s):

  [L1] INVALID_AUDIENCE: audience "platform-builder" is not a canonical token
        Fix: Use one of: founder, builder, developer, gateway, orchestrator, delegator, community.
  [L1] INVALID_PURPOSE: purpose "operations" is not a canonical value
        Fix: "operations" is deprecated. Migrate to one of: orient, explain, choose, start, build, configure, operate, troubleshoot, optimise, integrate, verify, evaluate, reference, learn, update.
  [L1] MISSING_STATUS: Missing status field
        Fix: Add a canonical status value to frontmatter.

⚠️   v2/solutions/livepeer-studio/docs/livestream/playback-livestream.mdx — 3 structural warning(s):

  [L1] INVALID_AUDIENCE: audience "platform-builder" is not a canonical token
        Fix: Use one of: founder, builder, developer, gateway, orchestrator, delegator, community.
  [L1] INVALID_PURPOSE: purpose "operations" is not a canonical value
        Fix: "operations" is deprecated. Migrate to one of: orient, explain, choose, start, build, configure, operate, troubleshoot, optimise, integrate, verify, evaluate, reference, learn, update.
  [L1] MISSING_STATUS: Missing status field
        Fix: Add a canonical status value to frontmatter.

⚠️   v2/solutions/livepeer-studio/docs/livestream/stream-via-obs.mdx — 3 structural warning(s):

  [L1] INVALID_AUDIENCE: audience "platform-builder" is not a canonical token
        Fix: Use one of: founder, builder, developer, gateway, orchestrator, delegator, community.
  [L1] INVALID_PURPOSE: purpose "operations" is not a canonical value
        Fix: "operations" is deprecated. Migrate to one of: orient, explain, choose, start, build, configure, operate, troubleshoot, optimise, integrate, verify, evaluate, reference, learn, update.
  [L1] MISSING_STATUS: Missing status field
        Fix: Add a canonical status value to frontmatter.

⚠️   v2/solutions/livepeer-studio/docs/livestream/livestream-from-browser.mdx — 3 structural warning(s):

  [L1] INVALID_AUDIENCE: audience "platform-builder" is not a canonical token
        Fix: Use one of: founder, builder, developer, gateway, orchestrator, delegator, community.
  [L1] INVALID_PURPOSE: purpose "operations" is not a canonical value
        Fix: "operations" is deprecated. Migrate to one of: orient, explain, choose, start, build, configure, operate, troubleshoot, optimise, integrate, verify, evaluate, reference, learn, update.
  [L1] MISSING_STATUS: Missing status field
        Fix: Add a canonical status value to frontmatter.

⚠️   v2/solutions/livepeer-studio/docs/livestream/multistream.mdx — 3 structural warning(s):

  [L1] INVALID_AUDIENCE: audience "platform-builder" is not a canonical token
        Fix: Use one of: founder, builder, developer, gateway, orchestrator, delegator, community.
  [L1] INVALID_PURPOSE: purpose "operations" is not a canonical value
        Fix: "operations" is deprecated. Migrate to one of: orient, explain, choose, start, build, configure, operate, troubleshoot, optimise, integrate, verify, evaluate, reference, learn, update.
  [L1] MISSING_STATUS: Missing status field
        Fix: Add a canonical status value to frontmatter.

⚠️   v2/solutions/livepeer-studio/docs/livestream/clip-livestream.mdx — 3 structural warning(s):

  [L1] INVALID_AUDIENCE: audience "platform-builder" is not a canonical token
        Fix: Use one of: founder, builder, developer, gateway, orchestrator, delegator, community.
  [L1] INVALID_PURPOSE: purpose "concept" is not a canonical value
        Fix: "concept" is deprecated. Migrate to one of: orient, explain, choose, start, build, configure, operate, troubleshoot, optimise, integrate, verify, evaluate, reference, learn, update.
  [L1] MISSING_STATUS: Missing status field
        Fix: Add a canonical status value to frontmatter.

⚠️   v2/solutions/livepeer-studio/docs/livestream/stream-health.mdx — 3 structural warning(s):

  [L1] INVALID_AUDIENCE: audience "platform-builder" is not a canonical token
        Fix: Use one of: founder, builder, developer, gateway, orchestrator, delegator, community.
  [L1] INVALID_PURPOSE: purpose "concept" is not a canonical value
        Fix: "concept" is deprecated. Migrate to one of: orient, explain, choose, start, build, configure, operate, troubleshoot, optimise, integrate, verify, evaluate, reference, learn, update.
  [L1] MISSING_STATUS: Missing status field
        Fix: Add a canonical status value to frontmatter.

⚠️   v2/solutions/livepeer-studio/docs/livestream/optimize-latency.mdx — 3 structural warning(s):

  [L1] INVALID_AUDIENCE: audience "platform-builder" is not a canonical token
        Fix: Use one of: founder, builder, developer, gateway, orchestrator, delegator, community.
  [L1] INVALID_PURPOSE: purpose "concept" is not a canonical value
        Fix: "concept" is deprecated. Migrate to one of: orient, explain, choose, start, build, configure, operate, troubleshoot, optimise, integrate, verify, evaluate, reference, learn, update.
  [L1] MISSING_STATUS: Missing status field
        Fix: Add a canonical status value to frontmatter.

⚠️   v2/solutions/livepeer-studio/docs/video-on-demand/overview.mdx — 4 structural warning(s):

  [L1] INVALID_PAGE_TYPE: pageType "overview" is not a canonical value
        Fix: "overview" is deprecated. Migrate to one of: navigation, concept, tutorial, guide, instruction, reference, resource. Check Frameworks.mdx §1.1 for the pageType + pageVariant required.
  [L1] INVALID_AUDIENCE: audience "platform-builder" is not a canonical token
        Fix: Use one of: founder, builder, developer, gateway, orchestrator, delegator, community.
  [L1] INVALID_PURPOSE: purpose "overview" is not a canonical value
        Fix: "overview" is deprecated. Migrate to one of: orient, explain, choose, start, build, configure, operate, troubleshoot, optimise, integrate, verify, evaluate, reference, learn, update.
  [L1] MISSING_STATUS: Missing status field
        Fix: Add a canonical status value to frontmatter.

⚠️   v2/solutions/livepeer-studio/docs/video-on-demand/upload-asset.mdx — 3 structural warning(s):

  [L1] INVALID_AUDIENCE: audience "platform-builder" is not a canonical token
        Fix: Use one of: founder, builder, developer, gateway, orchestrator, delegator, community.
  [L1] INVALID_PURPOSE: purpose "operations" is not a canonical value
        Fix: "operations" is deprecated. Migrate to one of: orient, explain, choose, start, build, configure, operate, troubleshoot, optimise, integrate, verify, evaluate, reference, learn, update.
  [L1] MISSING_STATUS: Missing status field
        Fix: Add a canonical status value to frontmatter.

⚠️   v2/solutions/livepeer-studio/docs/video-on-demand/playback-asset.mdx — 3 structural warning(s):

  [L1] INVALID_AUDIENCE: audience "platform-builder" is not a canonical token
        Fix: Use one of: founder, builder, developer, gateway, orchestrator, delegator, community.
  [L1] INVALID_PURPOSE: purpose "operations" is not a canonical value
        Fix: "operations" is deprecated. Migrate to one of: orient, explain, choose, start, build, configure, operate, troubleshoot, optimise, integrate, verify, evaluate, reference, learn, update.
  [L1] MISSING_STATUS: Missing status field
        Fix: Add a canonical status value to frontmatter.

⚠️   v2/solutions/livepeer-studio/docs/video-on-demand/encrypted-assets.mdx — 3 structural warning(s):

  [L1] INVALID_AUDIENCE: audience "platform-builder" is not a canonical token
        Fix: Use one of: founder, builder, developer, gateway, orchestrator, delegator, community.
  [L1] INVALID_PURPOSE: purpose "operations" is not a canonical value
        Fix: "operations" is deprecated. Migrate to one of: orient, explain, choose, start, build, configure, operate, troubleshoot, optimise, integrate, verify, evaluate, reference, learn, update.
  [L1] MISSING_STATUS: Missing status field
        Fix: Add a canonical status value to frontmatter.

⚠️   v2/solutions/livepeer-studio/docs/video-on-demand/thumbnails-vod.mdx — 3 structural warning(s):

  [L1] INVALID_AUDIENCE: audience "platform-builder" is not a canonical token
        Fix: Use one of: founder, builder, developer, gateway, orchestrator, delegator, community.
  [L1] INVALID_PURPOSE: purpose "operations" is not a canonical value
        Fix: "operations" is deprecated. Migrate to one of: orient, explain, choose, start, build, configure, operate, troubleshoot, optimise, integrate, verify, evaluate, reference, learn, update.
  [L1] MISSING_STATUS: Missing status field
        Fix: Add a canonical status value to frontmatter.

⚠️   v2/solutions/livepeer-studio/docs/video-on-demand/transcode-video.mdx — 3 structural warning(s):

  [L1] INVALID_AUDIENCE: audience "platform-builder" is not a canonical token
        Fix: Use one of: founder, builder, developer, gateway, orchestrator, delegator, community.
  [L1] INVALID_PURPOSE: purpose "operations" is not a canonical value
        Fix: "operations" is deprecated. Migrate to one of: orient, explain, choose, start, build, configure, operate, troubleshoot, optimise, integrate, verify, evaluate, reference, learn, update.
  [L1] MISSING_STATUS: Missing status field
        Fix: Add a canonical status value to frontmatter.

⚠️   v2/solutions/livepeer-studio/docs/access-control/overview.mdx — 4 structural warning(s):

  [L1] INVALID_PAGE_TYPE: pageType "overview" is not a canonical value
        Fix: "overview" is deprecated. Migrate to one of: navigation, concept, tutorial, guide, instruction, reference, resource. Check Frameworks.mdx §1.1 for the pageType + pageVariant required.
  [L1] INVALID_AUDIENCE: audience "platform-builder" is not a canonical token
        Fix: Use one of: founder, builder, developer, gateway, orchestrator, delegator, community.
  [L1] INVALID_PURPOSE: purpose "overview" is not a canonical value
        Fix: "overview" is deprecated. Migrate to one of: orient, explain, choose, start, build, configure, operate, troubleshoot, optimise, integrate, verify, evaluate, reference, learn, update.
  [L1] MISSING_STATUS: Missing status field
        Fix: Add a canonical status value to frontmatter.

⚠️   v2/solutions/livepeer-studio/docs/access-control/webhooks.mdx — 3 structural warning(s):

  [L1] INVALID_AUDIENCE: audience "platform-builder" is not a canonical token
        Fix: Use one of: founder, builder, developer, gateway, orchestrator, delegator, community.
  [L1] INVALID_PURPOSE: purpose "operations" is not a canonical value
        Fix: "operations" is deprecated. Migrate to one of: orient, explain, choose, start, build, configure, operate, troubleshoot, optimise, integrate, verify, evaluate, reference, learn, update.
  [L1] MISSING_STATUS: Missing status field
        Fix: Add a canonical status value to frontmatter.

⚠️   v2/solutions/livepeer-studio/docs/access-control/jwt.mdx — 3 structural warning(s):

  [L1] INVALID_AUDIENCE: audience "platform-builder" is not a canonical token
        Fix: Use one of: founder, builder, developer, gateway, orchestrator, delegator, community.
  [L1] INVALID_PURPOSE: purpose "operations" is not a canonical value
        Fix: "operations" is deprecated. Migrate to one of: orient, explain, choose, start, build, configure, operate, troubleshoot, optimise, integrate, verify, evaluate, reference, learn, update.
  [L1] MISSING_STATUS: Missing status field
        Fix: Add a canonical status value to frontmatter.

⚠️   v2/solutions/livepeer-studio/docs/analytics/webhooks.mdx — 3 structural warning(s):

  [L1] INVALID_AUDIENCE: audience "platform-builder" is not a canonical token
        Fix: Use one of: founder, builder, developer, gateway, orchestrator, delegator, community.
  [L1] INVALID_PURPOSE: purpose "operations" is not a canonical value
        Fix: "operations" is deprecated. Migrate to one of: orient, explain, choose, start, build, configure, operate, troubleshoot, optimise, integrate, verify, evaluate, reference, learn, update.
  [L1] MISSING_STATUS: Missing status field
        Fix: Add a canonical status value to frontmatter.

⚠️   v2/solutions/livepeer-studio/docs/analytics/listen-to-events.mdx — 3 structural warning(s):

  [L1] INVALID_AUDIENCE: audience "platform-builder" is not a canonical token
        Fix: Use one of: founder, builder, developer, gateway, orchestrator, delegator, community.
  [L1] INVALID_PURPOSE: purpose "operations" is not a canonical value
        Fix: "operations" is deprecated. Migrate to one of: orient, explain, choose, start, build, configure, operate, troubleshoot, optimise, integrate, verify, evaluate, reference, learn, update.
  [L1] MISSING_STATUS: Missing status field
        Fix: Add a canonical status value to frontmatter.

⚠️   v2/solutions/livepeer-studio/docs/analytics/overview.mdx — 4 structural warning(s):

  [L1] INVALID_PAGE_TYPE: pageType "overview" is not a canonical value
        Fix: "overview" is deprecated. Migrate to one of: navigation, concept, tutorial, guide, instruction, reference, resource. Check Frameworks.mdx §1.1 for the pageType + pageVariant required.
  [L1] INVALID_AUDIENCE: audience "platform-builder" is not a canonical token
        Fix: Use one of: founder, builder, developer, gateway, orchestrator, delegator, community.
  [L1] INVALID_PURPOSE: purpose "overview" is not a canonical value
        Fix: "overview" is deprecated. Migrate to one of: orient, explain, choose, start, build, configure, operate, troubleshoot, optimise, integrate, verify, evaluate, reference, learn, update.
  [L1] MISSING_STATUS: Missing status field
        Fix: Add a canonical status value to frontmatter.

⚠️   v2/solutions/livepeer-studio/docs/player.mdx — 3 structural warning(s):

  [L1] INVALID_AUDIENCE: audience "platform-builder" is not a canonical token
        Fix: Use one of: founder, builder, developer, gateway, orchestrator, delegator, community.
  [L1] INVALID_PURPOSE: purpose "operations" is not a canonical value
        Fix: "operations" is deprecated. Migrate to one of: orient, explain, choose, start, build, configure, operate, troubleshoot, optimise, integrate, verify, evaluate, reference, learn, update.
  [L1] MISSING_STATUS: Missing status field
        Fix: Add a canonical status value to frontmatter.

⚠️   v2/solutions/livepeer-studio/docs/reference/api.mdx — 2 structural warning(s):

  [L1] INVALID_AUDIENCE: audience "platform-builder" is not a canonical token
        Fix: Use one of: founder, builder, developer, gateway, orchestrator, delegator, community.
  [L1] MISSING_STATUS: Missing status field
        Fix: Add a canonical status value to frontmatter.

⚠️   v2/solutions/livepeer-studio/docs/reference/overview.mdx — 4 structural warning(s):

  [L1] INVALID_PAGE_TYPE: pageType "overview" is not a canonical value
        Fix: "overview" is deprecated. Migrate to one of: navigation, concept, tutorial, guide, instruction, reference, resource. Check Frameworks.mdx §1.1 for the pageType + pageVariant required.
  [L1] INVALID_AUDIENCE: audience "platform-builder" is not a canonical token
        Fix: Use one of: founder, builder, developer, gateway, orchestrator, delegator, community.
  [L1] INVALID_PURPOSE: purpose "overview" is not a canonical value
        Fix: "overview" is deprecated. Migrate to one of: orient, explain, choose, start, build, configure, operate, troubleshoot, optimise, integrate, verify, evaluate, reference, learn, update.
  [L1] MISSING_STATUS: Missing status field
        Fix: Add a canonical status value to frontmatter.

⚠️   v2/solutions/livepeer-studio/docs/reference/sdks.mdx — 2 structural warning(s):

  [L1] INVALID_AUDIENCE: audience "platform-builder" is not a canonical token
        Fix: Use one of: founder, builder, developer, gateway, orchestrator, delegator, community.
  [L1] MISSING_STATUS: Missing status field
        Fix: Add a canonical status value to frontmatter.

⚠️   v2/solutions/livepeer-studio/docs/reference/managing-projects.mdx — 2 structural warning(s):

  [L1] INVALID_AUDIENCE: audience "platform-builder" is not a canonical token
        Fix: Use one of: founder, builder, developer, gateway, orchestrator, delegator, community.
  [L1] MISSING_STATUS: Missing status field
        Fix: Add a canonical status value to frontmatter.

⚠️   v2/solutions/livepeer-studio/docs/api-reference/assets/overview.mdx — 4 structural warning(s):

  [L1] INVALID_PAGE_TYPE: pageType "overview" is not a canonical value
        Fix: "overview" is deprecated. Migrate to one of: navigation, concept, tutorial, guide, instruction, reference, resource. Check Frameworks.mdx §1.1 for the pageType + pageVariant required.
  [L1] INVALID_AUDIENCE: audience "platform-builder" is not a canonical token
        Fix: Use one of: founder, builder, developer, gateway, orchestrator, delegator, community.
  [L1] INVALID_PURPOSE: purpose "overview" is not a canonical value
        Fix: "overview" is deprecated. Migrate to one of: orient, explain, choose, start, build, configure, operate, troubleshoot, optimise, integrate, verify, evaluate, reference, learn, update.
  [L1] MISSING_STATUS: Missing status field
        Fix: Add a canonical status value to frontmatter.

⚠️   v2/solutions/livepeer-studio/docs/api-reference/assets/upload.mdx — 2 structural warning(s):

  [L1] INVALID_AUDIENCE: audience "platform-builder" is not a canonical token
        Fix: Use one of: founder, builder, developer, gateway, orchestrator, delegator, community.
  [L1] MISSING_STATUS: Missing status field
        Fix: Add a canonical status value to frontmatter.

⚠️   v2/solutions/livepeer-studio/docs/api-reference/assets/upload-via-url.mdx — 2 structural warning(s):

  [L1] INVALID_AUDIENCE: audience "platform-builder" is not a canonical token
        Fix: Use one of: founder, builder, developer, gateway, orchestrator, delegator, community.
  [L1] MISSING_STATUS: Missing status field
        Fix: Add a canonical status value to frontmatter.

⚠️   v2/solutions/livepeer-studio/docs/api-reference/assets/get.mdx — 2 structural warning(s):

  [L1] INVALID_AUDIENCE: audience "platform-builder" is not a canonical token
        Fix: Use one of: founder, builder, developer, gateway, orchestrator, delegator, community.
  [L1] MISSING_STATUS: Missing status field
        Fix: Add a canonical status value to frontmatter.

⚠️   v2/solutions/livepeer-studio/docs/api-reference/assets/update.mdx — 2 structural warning(s):

  [L1] INVALID_AUDIENCE: audience "platform-builder" is not a canonical token
        Fix: Use one of: founder, builder, developer, gateway, orchestrator, delegator, community.
  [L1] MISSING_STATUS: Missing status field
        Fix: Add a canonical status value to frontmatter.

⚠️   v2/solutions/livepeer-studio/docs/api-reference/assets/delete.mdx — 2 structural warning(s):

  [L1] INVALID_AUDIENCE: audience "platform-builder" is not a canonical token
        Fix: Use one of: founder, builder, developer, gateway, orchestrator, delegator, community.
  [L1] MISSING_STATUS: Missing status field
        Fix: Add a canonical status value to frontmatter.

⚠️   v2/solutions/livepeer-studio/docs/api-reference/assets/get-all.mdx — 2 structural warning(s):

  [L1] INVALID_AUDIENCE: audience "platform-builder" is not a canonical token
        Fix: Use one of: founder, builder, developer, gateway, orchestrator, delegator, community.
  [L1] MISSING_STATUS: Missing status field
        Fix: Add a canonical status value to frontmatter.

⚠️   v2/solutions/livepeer-studio/docs/api-reference/streams/overview.mdx — 4 structural warning(s):

  [L1] INVALID_PAGE_TYPE: pageType "overview" is not a canonical value
        Fix: "overview" is deprecated. Migrate to one of: navigation, concept, tutorial, guide, instruction, reference, resource. Check Frameworks.mdx §1.1 for the pageType + pageVariant required.
  [L1] INVALID_AUDIENCE: audience "platform-builder" is not a canonical token
        Fix: Use one of: founder, builder, developer, gateway, orchestrator, delegator, community.
  [L1] INVALID_PURPOSE: purpose "overview" is not a canonical value
        Fix: "overview" is deprecated. Migrate to one of: orient, explain, choose, start, build, configure, operate, troubleshoot, optimise, integrate, verify, evaluate, reference, learn, update.
  [L1] MISSING_STATUS: Missing status field
        Fix: Add a canonical status value to frontmatter.

⚠️   v2/solutions/livepeer-studio/docs/api-reference/streams/create.mdx — 2 structural warning(s):

  [L1] INVALID_AUDIENCE: audience "platform-builder" is not a canonical token
        Fix: Use one of: founder, builder, developer, gateway, orchestrator, delegator, community.
  [L1] MISSING_STATUS: Missing status field
        Fix: Add a canonical status value to frontmatter.

⚠️   v2/solutions/livepeer-studio/docs/api-reference/streams/get.mdx — 2 structural warning(s):

  [L1] INVALID_AUDIENCE: audience "platform-builder" is not a canonical token
        Fix: Use one of: founder, builder, developer, gateway, orchestrator, delegator, community.
  [L1] MISSING_STATUS: Missing status field
        Fix: Add a canonical status value to frontmatter.

⚠️   v2/solutions/livepeer-studio/docs/api-reference/streams/get-all.mdx — 2 structural warning(s):

  [L1] INVALID_AUDIENCE: audience "platform-builder" is not a canonical token
        Fix: Use one of: founder, builder, developer, gateway, orchestrator, delegator, community.
  [L1] MISSING_STATUS: Missing status field
        Fix: Add a canonical status value to frontmatter.

⚠️   v2/solutions/livepeer-studio/docs/api-reference/streams/update.mdx — 2 structural warning(s):

  [L1] INVALID_AUDIENCE: audience "platform-builder" is not a canonical token
        Fix: Use one of: founder, builder, developer, gateway, orchestrator, delegator, community.
  [L1] MISSING_STATUS: Missing status field
        Fix: Add a canonical status value to frontmatter.

⚠️   v2/solutions/livepeer-studio/docs/api-reference/streams/terminate.mdx — 2 structural warning(s):

  [L1] INVALID_AUDIENCE: audience "platform-builder" is not a canonical token
        Fix: Use one of: founder, builder, developer, gateway, orchestrator, delegator, community.
  [L1] MISSING_STATUS: Missing status field
        Fix: Add a canonical status value to frontmatter.

⚠️   v2/solutions/livepeer-studio/docs/api-reference/streams/create-clip.mdx — 2 structural warning(s):

  [L1] INVALID_AUDIENCE: audience "platform-builder" is not a canonical token
        Fix: Use one of: founder, builder, developer, gateway, orchestrator, delegator, community.
  [L1] MISSING_STATUS: Missing status field
        Fix: Add a canonical status value to frontmatter.

⚠️   v2/solutions/livepeer-studio/docs/api-reference/streams/get-clip.mdx — 2 structural warning(s):

  [L1] INVALID_AUDIENCE: audience "platform-builder" is not a canonical token
        Fix: Use one of: founder, builder, developer, gateway, orchestrator, delegator, community.
  [L1] MISSING_STATUS: Missing status field
        Fix: Add a canonical status value to frontmatter.

⚠️   v2/solutions/livepeer-studio/docs/api-reference/streams/add-multistream-target.mdx — 2 structural warning(s):

  [L1] INVALID_AUDIENCE: audience "platform-builder" is not a canonical token
        Fix: Use one of: founder, builder, developer, gateway, orchestrator, delegator, community.
  [L1] MISSING_STATUS: Missing status field
        Fix: Add a canonical status value to frontmatter.

⚠️   v2/solutions/livepeer-studio/docs/api-reference/streams/delete-multistream-target.mdx — 2 structural warning(s):

  [L1] INVALID_AUDIENCE: audience "platform-builder" is not a canonical token
        Fix: Use one of: founder, builder, developer, gateway, orchestrator, delegator, community.
  [L1] MISSING_STATUS: Missing status field
        Fix: Add a canonical status value to frontmatter.

⚠️   v2/solutions/livepeer-studio/docs/api-reference/streams/delete.mdx — 2 structural warning(s):

  [L1] INVALID_AUDIENCE: audience "platform-builder" is not a canonical token
        Fix: Use one of: founder, builder, developer, gateway, orchestrator, delegator, community.
  [L1] MISSING_STATUS: Missing status field
        Fix: Add a canonical status value to frontmatter.

⚠️   v2/solutions/livepeer-studio/docs/api-reference/multistream/overview.mdx — 4 structural warning(s):

  [L1] INVALID_PAGE_TYPE: pageType "overview" is not a canonical value
        Fix: "overview" is deprecated. Migrate to one of: navigation, concept, tutorial, guide, instruction, reference, resource. Check Frameworks.mdx §1.1 for the pageType + pageVariant required.
  [L1] INVALID_AUDIENCE: audience "platform-builder" is not a canonical token
        Fix: Use one of: founder, builder, developer, gateway, orchestrator, delegator, community.
  [L1] INVALID_PURPOSE: purpose "overview" is not a canonical value
        Fix: "overview" is deprecated. Migrate to one of: orient, explain, choose, start, build, configure, operate, troubleshoot, optimise, integrate, verify, evaluate, reference, learn, update.
  [L1] MISSING_STATUS: Missing status field
        Fix: Add a canonical status value to frontmatter.

⚠️   v2/solutions/livepeer-studio/docs/api-reference/multistream/create.mdx — 2 structural warning(s):

  [L1] INVALID_AUDIENCE: audience "platform-builder" is not a canonical token
        Fix: Use one of: founder, builder, developer, gateway, orchestrator, delegator, community.
  [L1] MISSING_STATUS: Missing status field
        Fix: Add a canonical status value to frontmatter.

⚠️   v2/solutions/livepeer-studio/docs/api-reference/multistream/get.mdx — 2 structural warning(s):

  [L1] INVALID_AUDIENCE: audience "platform-builder" is not a canonical token
        Fix: Use one of: founder, builder, developer, gateway, orchestrator, delegator, community.
  [L1] MISSING_STATUS: Missing status field
        Fix: Add a canonical status value to frontmatter.

⚠️   v2/solutions/livepeer-studio/docs/api-reference/multistream/get-all.mdx — 2 structural warning(s):

  [L1] INVALID_AUDIENCE: audience "platform-builder" is not a canonical token
        Fix: Use one of: founder, builder, developer, gateway, orchestrator, delegator, community.
  [L1] MISSING_STATUS: Missing status field
        Fix: Add a canonical status value to frontmatter.

⚠️   v2/solutions/livepeer-studio/docs/api-reference/multistream/update.mdx — 2 structural warning(s):

  [L1] INVALID_AUDIENCE: audience "platform-builder" is not a canonical token
        Fix: Use one of: founder, builder, developer, gateway, orchestrator, delegator, community.
  [L1] MISSING_STATUS: Missing status field
        Fix: Add a canonical status value to frontmatter.

⚠️   v2/solutions/livepeer-studio/docs/api-reference/multistream/delete.mdx — 2 structural warning(s):

  [L1] INVALID_AUDIENCE: audience "platform-builder" is not a canonical token
        Fix: Use one of: founder, builder, developer, gateway, orchestrator, delegator, community.
  [L1] MISSING_STATUS: Missing status field
        Fix: Add a canonical status value to frontmatter.

⚠️   v2/solutions/livepeer-studio/docs/api-reference/playback/overview.mdx — 4 structural warning(s):

  [L1] INVALID_PAGE_TYPE: pageType "overview" is not a canonical value
        Fix: "overview" is deprecated. Migrate to one of: navigation, concept, tutorial, guide, instruction, reference, resource. Check Frameworks.mdx §1.1 for the pageType + pageVariant required.
  [L1] INVALID_AUDIENCE: audience "platform-builder" is not a canonical token
        Fix: Use one of: founder, builder, developer, gateway, orchestrator, delegator, community.
  [L1] INVALID_PURPOSE: purpose "overview" is not a canonical value
        Fix: "overview" is deprecated. Migrate to one of: orient, explain, choose, start, build, configure, operate, troubleshoot, optimise, integrate, verify, evaluate, reference, learn, update.
  [L1] MISSING_STATUS: Missing status field
        Fix: Add a canonical status value to frontmatter.

⚠️   v2/solutions/livepeer-studio/docs/api-reference/playback/get.mdx — 2 structural warning(s):

  [L1] INVALID_AUDIENCE: audience "platform-builder" is not a canonical token
        Fix: Use one of: founder, builder, developer, gateway, orchestrator, delegator, community.
  [L1] MISSING_STATUS: Missing status field
        Fix: Add a canonical status value to frontmatter.

⚠️   v2/solutions/livepeer-studio/docs/api-reference/sessions/overview.mdx — 4 structural warning(s):

  [L1] INVALID_PAGE_TYPE: pageType "overview" is not a canonical value
        Fix: "overview" is deprecated. Migrate to one of: navigation, concept, tutorial, guide, instruction, reference, resource. Check Frameworks.mdx §1.1 for the pageType + pageVariant required.
  [L1] INVALID_AUDIENCE: audience "platform-builder" is not a canonical token
        Fix: Use one of: founder, builder, developer, gateway, orchestrator, delegator, community.
  [L1] INVALID_PURPOSE: purpose "overview" is not a canonical value
        Fix: "overview" is deprecated. Migrate to one of: orient, explain, choose, start, build, configure, operate, troubleshoot, optimise, integrate, verify, evaluate, reference, learn, update.
  [L1] MISSING_STATUS: Missing status field
        Fix: Add a canonical status value to frontmatter.

⚠️   v2/solutions/livepeer-studio/docs/api-reference/sessions/get.mdx — 2 structural warning(s):

  [L1] INVALID_AUDIENCE: audience "platform-builder" is not a canonical token
        Fix: Use one of: founder, builder, developer, gateway, orchestrator, delegator, community.
  [L1] MISSING_STATUS: Missing status field
        Fix: Add a canonical status value to frontmatter.

⚠️   v2/solutions/livepeer-studio/docs/api-reference/sessions/get-all.mdx — 2 structural warning(s):

  [L1] INVALID_AUDIENCE: audience "platform-builder" is not a canonical token
        Fix: Use one of: founder, builder, developer, gateway, orchestrator, delegator, community.
  [L1] MISSING_STATUS: Missing status field
        Fix: Add a canonical status value to frontmatter.

⚠️   v2/solutions/livepeer-studio/docs/api-reference/sessions/get-clip.mdx — 2 structural warning(s):

  [L1] INVALID_AUDIENCE: audience "platform-builder" is not a canonical token
        Fix: Use one of: founder, builder, developer, gateway, orchestrator, delegator, community.
  [L1] MISSING_STATUS: Missing status field
        Fix: Add a canonical status value to frontmatter.

⚠️   v2/solutions/livepeer-studio/docs/api-reference/tasks/overview.mdx — 4 structural warning(s):

  [L1] INVALID_PAGE_TYPE: pageType "overview" is not a canonical value
        Fix: "overview" is deprecated. Migrate to one of: navigation, concept, tutorial, guide, instruction, reference, resource. Check Frameworks.mdx §1.1 for the pageType + pageVariant required.
  [L1] INVALID_AUDIENCE: audience "platform-builder" is not a canonical token
        Fix: Use one of: founder, builder, developer, gateway, orchestrator, delegator, community.
  [L1] INVALID_PURPOSE: purpose "overview" is not a canonical value
        Fix: "overview" is deprecated. Migrate to one of: orient, explain, choose, start, build, configure, operate, troubleshoot, optimise, integrate, verify, evaluate, reference, learn, update.
  [L1] MISSING_STATUS: Missing status field
        Fix: Add a canonical status value to frontmatter.

⚠️   v2/solutions/livepeer-studio/docs/api-reference/tasks/get.mdx — 2 structural warning(s):

  [L1] INVALID_AUDIENCE: audience "platform-builder" is not a canonical token
        Fix: Use one of: founder, builder, developer, gateway, orchestrator, delegator, community.
  [L1] MISSING_STATUS: Missing status field
        Fix: Add a canonical status value to frontmatter.

⚠️   v2/solutions/livepeer-studio/docs/api-reference/tasks/get-all.mdx — 2 structural warning(s):

  [L1] INVALID_AUDIENCE: audience "platform-builder" is not a canonical token
        Fix: Use one of: founder, builder, developer, gateway, orchestrator, delegator, community.
  [L1] MISSING_STATUS: Missing status field
        Fix: Add a canonical status value to frontmatter.

⚠️   v2/solutions/livepeer-studio/docs/api-reference/transcode/overview.mdx — 4 structural warning(s):

  [L1] INVALID_PAGE_TYPE: pageType "overview" is not a canonical value
        Fix: "overview" is deprecated. Migrate to one of: navigation, concept, tutorial, guide, instruction, reference, resource. Check Frameworks.mdx §1.1 for the pageType + pageVariant required.
  [L1] INVALID_AUDIENCE: audience "platform-builder" is not a canonical token
        Fix: Use one of: founder, builder, developer, gateway, orchestrator, delegator, community.
  [L1] INVALID_PURPOSE: purpose "overview" is not a canonical value
        Fix: "overview" is deprecated. Migrate to one of: orient, explain, choose, start, build, configure, operate, troubleshoot, optimise, integrate, verify, evaluate, reference, learn, update.
  [L1] MISSING_STATUS: Missing status field
        Fix: Add a canonical status value to frontmatter.

⚠️   v2/solutions/livepeer-studio/docs/api-reference/transcode/create.mdx — 2 structural warning(s):

  [L1] INVALID_AUDIENCE: audience "platform-builder" is not a canonical token
        Fix: Use one of: founder, builder, developer, gateway, orchestrator, delegator, community.
  [L1] MISSING_STATUS: Missing status field
        Fix: Add a canonical status value to frontmatter.

⚠️   v2/solutions/livepeer-studio/docs/api-reference/signing-keys/overview.mdx — 4 structural warning(s):

  [L1] INVALID_PAGE_TYPE: pageType "overview" is not a canonical value
        Fix: "overview" is deprecated. Migrate to one of: navigation, concept, tutorial, guide, instruction, reference, resource. Check Frameworks.mdx §1.1 for the pageType + pageVariant required.
  [L1] INVALID_AUDIENCE: audience "platform-builder" is not a canonical token
        Fix: Use one of: founder, builder, developer, gateway, orchestrator, delegator, community.
  [L1] INVALID_PURPOSE: purpose "overview" is not a canonical value
        Fix: "overview" is deprecated. Migrate to one of: orient, explain, choose, start, build, configure, operate, troubleshoot, optimise, integrate, verify, evaluate, reference, learn, update.
  [L1] MISSING_STATUS: Missing status field
        Fix: Add a canonical status value to frontmatter.

⚠️   v2/solutions/livepeer-studio/docs/api-reference/signing-keys/create.mdx — 2 structural warning(s):

  [L1] INVALID_AUDIENCE: audience "platform-builder" is not a canonical token
        Fix: Use one of: founder, builder, developer, gateway, orchestrator, delegator, community.
  [L1] MISSING_STATUS: Missing status field
        Fix: Add a canonical status value to frontmatter.

⚠️   v2/solutions/livepeer-studio/docs/api-reference/signing-keys/get.mdx — 2 structural warning(s):

  [L1] INVALID_AUDIENCE: audience "platform-builder" is not a canonical token
        Fix: Use one of: founder, builder, developer, gateway, orchestrator, delegator, community.
  [L1] MISSING_STATUS: Missing status field
        Fix: Add a canonical status value to frontmatter.

⚠️   v2/solutions/livepeer-studio/docs/api-reference/signing-keys/get-all.mdx — 2 structural warning(s):

  [L1] INVALID_AUDIENCE: audience "platform-builder" is not a canonical token
        Fix: Use one of: founder, builder, developer, gateway, orchestrator, delegator, community.
  [L1] MISSING_STATUS: Missing status field
        Fix: Add a canonical status value to frontmatter.

⚠️   v2/solutions/livepeer-studio/docs/api-reference/signing-keys/update.mdx — 2 structural warning(s):

  [L1] INVALID_AUDIENCE: audience "platform-builder" is not a canonical token
        Fix: Use one of: founder, builder, developer, gateway, orchestrator, delegator, community.
  [L1] MISSING_STATUS: Missing status field
        Fix: Add a canonical status value to frontmatter.

⚠️   v2/solutions/livepeer-studio/docs/api-reference/signing-keys/delete.mdx — 2 structural warning(s):

  [L1] INVALID_AUDIENCE: audience "platform-builder" is not a canonical token
        Fix: Use one of: founder, builder, developer, gateway, orchestrator, delegator, community.
  [L1] MISSING_STATUS: Missing status field
        Fix: Add a canonical status value to frontmatter.

⚠️   v2/solutions/livepeer-studio/docs/api-reference/webhooks/overview.mdx — 4 structural warning(s):

  [L1] INVALID_PAGE_TYPE: pageType "overview" is not a canonical value
        Fix: "overview" is deprecated. Migrate to one of: navigation, concept, tutorial, guide, instruction, reference, resource. Check Frameworks.mdx §1.1 for the pageType + pageVariant required.
  [L1] INVALID_AUDIENCE: audience "platform-builder" is not a canonical token
        Fix: Use one of: founder, builder, developer, gateway, orchestrator, delegator, community.
  [L1] INVALID_PURPOSE: purpose "overview" is not a canonical value
        Fix: "overview" is deprecated. Migrate to one of: orient, explain, choose, start, build, configure, operate, troubleshoot, optimise, integrate, verify, evaluate, reference, learn, update.
  [L1] MISSING_STATUS: Missing status field
        Fix: Add a canonical status value to frontmatter.

⚠️   v2/solutions/livepeer-studio/docs/api-reference/webhooks/create.mdx — 2 structural warning(s):

  [L1] INVALID_AUDIENCE: audience "platform-builder" is not a canonical token
        Fix: Use one of: founder, builder, developer, gateway, orchestrator, delegator, community.
  [L1] MISSING_STATUS: Missing status field
        Fix: Add a canonical status value to frontmatter.

⚠️   v2/solutions/livepeer-studio/docs/api-reference/webhooks/get.mdx — 2 structural warning(s):

  [L1] INVALID_AUDIENCE: audience "platform-builder" is not a canonical token
        Fix: Use one of: founder, builder, developer, gateway, orchestrator, delegator, community.
  [L1] MISSING_STATUS: Missing status field
        Fix: Add a canonical status value to frontmatter.

⚠️   v2/solutions/livepeer-studio/docs/api-reference/webhooks/get-all.mdx — 2 structural warning(s):

  [L1] INVALID_AUDIENCE: audience "platform-builder" is not a canonical token
        Fix: Use one of: founder, builder, developer, gateway, orchestrator, delegator, community.
  [L1] MISSING_STATUS: Missing status field
        Fix: Add a canonical status value to frontmatter.

⚠️   v2/solutions/livepeer-studio/docs/api-reference/webhooks/update.mdx — 2 structural warning(s):

  [L1] INVALID_AUDIENCE: audience "platform-builder" is not a canonical token
        Fix: Use one of: founder, builder, developer, gateway, orchestrator, delegator, community.
  [L1] MISSING_STATUS: Missing status field
        Fix: Add a canonical status value to frontmatter.

⚠️   v2/solutions/livepeer-studio/docs/api-reference/webhooks/delete.mdx — 2 structural warning(s):

  [L1] INVALID_AUDIENCE: audience "platform-builder" is not a canonical token
        Fix: Use one of: founder, builder, developer, gateway, orchestrator, delegator, community.
  [L1] MISSING_STATUS: Missing status field
        Fix: Add a canonical status value to frontmatter.

⚠️   v2/solutions/livepeer-studio/docs/api-reference/rooms/overview.mdx — 4 structural warning(s):

  [L1] INVALID_PAGE_TYPE: pageType "overview" is not a canonical value
        Fix: "overview" is deprecated. Migrate to one of: navigation, concept, tutorial, guide, instruction, reference, resource. Check Frameworks.mdx §1.1 for the pageType + pageVariant required.
  [L1] INVALID_AUDIENCE: audience "platform-builder" is not a canonical token
        Fix: Use one of: founder, builder, developer, gateway, orchestrator, delegator, community.
  [L1] INVALID_PURPOSE: purpose "overview" is not a canonical value
        Fix: "overview" is deprecated. Migrate to one of: orient, explain, choose, start, build, configure, operate, troubleshoot, optimise, integrate, verify, evaluate, reference, learn, update.
  [L1] MISSING_STATUS: Missing status field
        Fix: Add a canonical status value to frontmatter.

⚠️   v2/solutions/livepeer-studio/docs/api-reference/rooms/create.mdx — 2 structural warning(s):

  [L1] INVALID_AUDIENCE: audience "platform-builder" is not a canonical token
        Fix: Use one of: founder, builder, developer, gateway, orchestrator, delegator, community.
  [L1] MISSING_STATUS: Missing status field
        Fix: Add a canonical status value to frontmatter.

⚠️   v2/solutions/livepeer-studio/docs/api-reference/rooms/get.mdx — 2 structural warning(s):

  [L1] INVALID_AUDIENCE: audience "platform-builder" is not a canonical token
        Fix: Use one of: founder, builder, developer, gateway, orchestrator, delegator, community.
  [L1] MISSING_STATUS: Missing status field
        Fix: Add a canonical status value to frontmatter.

⚠️   v2/solutions/livepeer-studio/docs/api-reference/rooms/delete.mdx — 2 structural warning(s):

  [L1] INVALID_AUDIENCE: audience "platform-builder" is not a canonical token
        Fix: Use one of: founder, builder, developer, gateway, orchestrator, delegator, community.
  [L1] MISSING_STATUS: Missing status field
        Fix: Add a canonical status value to frontmatter.

⚠️   v2/solutions/livepeer-studio/docs/api-reference/rooms/create-user.mdx — 2 structural warning(s):

  [L1] INVALID_AUDIENCE: audience "platform-builder" is not a canonical token
        Fix: Use one of: founder, builder, developer, gateway, orchestrator, delegator, community.
  [L1] MISSING_STATUS: Missing status field
        Fix: Add a canonical status value to frontmatter.

⚠️   v2/solutions/livepeer-studio/docs/api-reference/rooms/get-user.mdx — 2 structural warning(s):

  [L1] INVALID_AUDIENCE: audience "platform-builder" is not a canonical token
        Fix: Use one of: founder, builder, developer, gateway, orchestrator, delegator, community.
  [L1] MISSING_STATUS: Missing status field
        Fix: Add a canonical status value to frontmatter.

⚠️   v2/solutions/livepeer-studio/docs/api-reference/rooms/update-user.mdx — 2 structural warning(s):

  [L1] INVALID_AUDIENCE: audience "platform-builder" is not a canonical token
        Fix: Use one of: founder, builder, developer, gateway, orchestrator, delegator, community.
  [L1] MISSING_STATUS: Missing status field
        Fix: Add a canonical status value to frontmatter.

⚠️   v2/solutions/livepeer-studio/docs/api-reference/rooms/remove-user.mdx — 2 structural warning(s):

  [L1] INVALID_AUDIENCE: audience "platform-builder" is not a canonical token
        Fix: Use one of: founder, builder, developer, gateway, orchestrator, delegator, community.
  [L1] MISSING_STATUS: Missing status field
        Fix: Add a canonical status value to frontmatter.

⚠️   v2/solutions/livepeer-studio/docs/api-reference/rooms/start-egress.mdx — 2 structural warning(s):

  [L1] INVALID_AUDIENCE: audience "platform-builder" is not a canonical token
        Fix: Use one of: founder, builder, developer, gateway, orchestrator, delegator, community.
  [L1] MISSING_STATUS: Missing status field
        Fix: Add a canonical status value to frontmatter.

⚠️   v2/solutions/livepeer-studio/docs/api-reference/rooms/stop-egress.mdx — 2 structural warning(s):

  [L1] INVALID_AUDIENCE: audience "platform-builder" is not a canonical token
        Fix: Use one of: founder, builder, developer, gateway, orchestrator, delegator, community.
  [L1] MISSING_STATUS: Missing status field
        Fix: Add a canonical status value to frontmatter.

⚠️   v2/solutions/livepeer-studio/docs/api-reference/viewership/overview.mdx — 4 structural warning(s):

  [L1] INVALID_PAGE_TYPE: pageType "overview" is not a canonical value
        Fix: "overview" is deprecated. Migrate to one of: navigation, concept, tutorial, guide, instruction, reference, resource. Check Frameworks.mdx §1.1 for the pageType + pageVariant required.
  [L1] INVALID_AUDIENCE: audience "platform-builder" is not a canonical token
        Fix: Use one of: founder, builder, developer, gateway, orchestrator, delegator, community.
  [L1] INVALID_PURPOSE: purpose "overview" is not a canonical value
        Fix: "overview" is deprecated. Migrate to one of: orient, explain, choose, start, build, configure, operate, troubleshoot, optimise, integrate, verify, evaluate, reference, learn, update.
  [L1] MISSING_STATUS: Missing status field
        Fix: Add a canonical status value to frontmatter.

⚠️   v2/solutions/livepeer-studio/docs/api-reference/viewership/get-usage-metrics.mdx — 2 structural warning(s):

  [L1] INVALID_AUDIENCE: audience "platform-builder" is not a canonical token
        Fix: Use one of: founder, builder, developer, gateway, orchestrator, delegator, community.
  [L1] MISSING_STATUS: Missing status field
        Fix: Add a canonical status value to frontmatter.

⚠️   v2/solutions/livepeer-studio/docs/api-reference/viewership/get-viewership-metrics.mdx — 2 structural warning(s):

  [L1] INVALID_AUDIENCE: audience "platform-builder" is not a canonical token
        Fix: Use one of: founder, builder, developer, gateway, orchestrator, delegator, community.
  [L1] MISSING_STATUS: Missing status field
        Fix: Add a canonical status value to frontmatter.

⚠️   v2/solutions/livepeer-studio/docs/api-reference/viewership/get-creators-metrics.mdx — 2 structural warning(s):

  [L1] INVALID_AUDIENCE: audience "platform-builder" is not a canonical token
        Fix: Use one of: founder, builder, developer, gateway, orchestrator, delegator, community.
  [L1] MISSING_STATUS: Missing status field
        Fix: Add a canonical status value to frontmatter.

⚠️   v2/solutions/livepeer-studio/docs/api-reference/viewership/get-public-total-views.mdx — 2 structural warning(s):

  [L1] INVALID_AUDIENCE: audience "platform-builder" is not a canonical token
        Fix: Use one of: founder, builder, developer, gateway, orchestrator, delegator, community.
  [L1] MISSING_STATUS: Missing status field
        Fix: Add a canonical status value to frontmatter.

⚠️   v2/solutions/livepeer-studio/docs/api-reference/viewership/get-realtime-viewership.mdx — 2 structural warning(s):

  [L1] INVALID_AUDIENCE: audience "platform-builder" is not a canonical token
        Fix: Use one of: founder, builder, developer, gateway, orchestrator, delegator, community.
  [L1] MISSING_STATUS: Missing status field
        Fix: Add a canonical status value to frontmatter.

⚠️   v2/developers/portal.mdx — 1 structural warning(s):

  [L1] MISSING_STATUS: Missing status field
        Fix: Add a canonical status value to frontmatter.

ℹ️   v2/developers/navigator.mdx — 1 info notice(s):

  [L1] MISSING_VERACITY_STATUS: status is "current" but veracityStatus is not set
        Fix: Add veracityStatus: verified (or unverified/stale) to frontmatter. See checks.mdx §1.8.

ℹ️   v2/developers/concepts/infra-stack.mdx — 1 info notice(s):

  [L1] MISSING_VERACITY_STATUS: status is "current" but veracityStatus is not set
        Fix: Add veracityStatus: verified (or unverified/stale) to frontmatter. See checks.mdx §1.8.

ℹ️   v2/developers/learn/ai-and-agents.mdx — 1 info notice(s):

  [L1] MISSING_VERACITY_STATUS: status is "current" but veracityStatus is not set
        Fix: Add veracityStatus: verified (or unverified/stale) to frontmatter. See checks.mdx §1.8.

ℹ️   v2/developers/learn/video-and-livestream.mdx — 1 info notice(s):

  [L1] MISSING_VERACITY_STATUS: status is "current" but veracityStatus is not set
        Fix: Add veracityStatus: verified (or unverified/stale) to frontmatter. See checks.mdx §1.8.

ℹ️   v2/developers/build/ai-and-agents/ai-pipelines.mdx — 1 info notice(s):

  [L1] MISSING_VERACITY_STATUS: status is "current" but veracityStatus is not set
        Fix: Add veracityStatus: verified (or unverified/stale) to frontmatter. See checks.mdx §1.8.

❌  v2/developers/build/ai-and-agents/ai-sdks-overview.mdx — 1 BLOCKING structural error(s):

  [L1] MISSING_FRONTMATTER: Missing required frontmatter field: "purpose"
        Fix: Add "purpose:" to the page frontmatter.

ℹ️   v2/developers/build/ai-and-agents/ai-sdks-overview.mdx — 1 info notice(s):

  [L1] MISSING_VERACITY_STATUS: status is "current" but veracityStatus is not set
        Fix: Add veracityStatus: verified (or unverified/stale) to frontmatter. See checks.mdx §1.8.

❌  v2/developers/build/ai-and-agents/realtime-ai/overview.mdx — 1 BLOCKING structural error(s):

  [L1] MISSING_FRONTMATTER: Missing required frontmatter field: "purpose"
        Fix: Add "purpose:" to the page frontmatter.

⚠️   v2/developers/build/ai-and-agents/realtime-ai/overview.mdx — 1 structural warning(s):

  [L1] INVALID_PAGE_TYPE: pageType "overview" is not a canonical value
        Fix: "overview" is deprecated. Migrate to one of: navigation, concept, tutorial, guide, instruction, reference, resource. Check Frameworks.mdx §1.1 for the pageType + pageVariant required.

ℹ️   v2/developers/build/ai-and-agents/realtime-ai/overview.mdx — 1 info notice(s):

  [L1] MISSING_VERACITY_STATUS: status is "current" but veracityStatus is not set
        Fix: Add veracityStatus: verified (or unverified/stale) to frontmatter. See checks.mdx §1.8.

❌  v2/developers/build/ai-and-agents/realtime-ai/comfystream/workflow-authoring.mdx — 1 BLOCKING structural error(s):

  [L1] MISSING_FRONTMATTER: Missing required frontmatter field: "purpose"
        Fix: Add "purpose:" to the page frontmatter.

⚠️   v2/developers/build/ai-and-agents/realtime-ai/comfystream/workflow-authoring.mdx — 1 structural warning(s):

  [L1] INVALID_PAGE_TYPE: pageType "how_to" is not a canonical value
        Fix: "how_to" is deprecated. Migrate to one of: navigation, concept, tutorial, guide, instruction, reference, resource. Check Frameworks.mdx §1.1 for the pageType + pageVariant required.

ℹ️   v2/developers/build/ai-and-agents/realtime-ai/comfystream/workflow-authoring.mdx — 1 info notice(s):

  [L1] MISSING_VERACITY_STATUS: status is "current" but veracityStatus is not set
        Fix: Add veracityStatus: verified (or unverified/stale) to frontmatter. See checks.mdx §1.8.

❌  v2/developers/build/ai-and-agents/realtime-ai/comfystream/comfystream-as-byoc.mdx — 1 BLOCKING structural error(s):

  [L1] MISSING_FRONTMATTER: Missing required frontmatter field: "purpose"
        Fix: Add "purpose:" to the page frontmatter.

⚠️   v2/developers/build/ai-and-agents/realtime-ai/comfystream/comfystream-as-byoc.mdx — 1 structural warning(s):

  [L1] INVALID_PAGE_TYPE: pageType "how_to" is not a canonical value
        Fix: "how_to" is deprecated. Migrate to one of: navigation, concept, tutorial, guide, instruction, reference, resource. Check Frameworks.mdx §1.1 for the pageType + pageVariant required.

ℹ️   v2/developers/build/ai-and-agents/realtime-ai/comfystream/comfystream-as-byoc.mdx — 1 info notice(s):

  [L1] MISSING_VERACITY_STATUS: status is "current" but veracityStatus is not set
        Fix: Add veracityStatus: verified (or unverified/stale) to frontmatter. See checks.mdx §1.8.

❌  v2/developers/build/ai-and-agents/realtime-ai/pytrickle/overview.mdx — 1 BLOCKING structural error(s):

  [L1] MISSING_FRONTMATTER: Missing required frontmatter field: "purpose"
        Fix: Add "purpose:" to the page frontmatter.

⚠️   v2/developers/build/ai-and-agents/realtime-ai/pytrickle/overview.mdx — 1 structural warning(s):

  [L1] INVALID_PAGE_TYPE: pageType "overview" is not a canonical value
        Fix: "overview" is deprecated. Migrate to one of: navigation, concept, tutorial, guide, instruction, reference, resource. Check Frameworks.mdx §1.1 for the pageType + pageVariant required.

ℹ️   v2/developers/build/ai-and-agents/realtime-ai/pytrickle/overview.mdx — 1 info notice(s):

  [L1] MISSING_VERACITY_STATUS: status is "current" but veracityStatus is not set
        Fix: Add veracityStatus: verified (or unverified/stale) to frontmatter. See checks.mdx §1.8.

❌  v2/developers/build/ai-and-agents/realtime-ai/pytrickle/pytrickle-quickstart.mdx — 1 BLOCKING structural error(s):

  [L1] MISSING_FRONTMATTER: Missing required frontmatter field: "purpose"
        Fix: Add "purpose:" to the page frontmatter.

ℹ️   v2/developers/build/ai-and-agents/realtime-ai/pytrickle/pytrickle-quickstart.mdx — 1 info notice(s):

  [L1] MISSING_VERACITY_STATUS: status is "current" but veracityStatus is not set
        Fix: Add veracityStatus: verified (or unverified/stale) to frontmatter. See checks.mdx §1.8.

❌  v2/developers/build/ai-and-agents/realtime-ai/pytrickle/frame-processor.mdx — 1 BLOCKING structural error(s):

  [L1] MISSING_FRONTMATTER: Missing required frontmatter field: "purpose"
        Fix: Add "purpose:" to the page frontmatter.

ℹ️   v2/developers/build/ai-and-agents/realtime-ai/pytrickle/frame-processor.mdx — 1 info notice(s):

  [L1] MISSING_VERACITY_STATUS: status is "current" but veracityStatus is not set
        Fix: Add veracityStatus: verified (or unverified/stale) to frontmatter. See checks.mdx §1.8.

❌  v2/developers/build/ai-and-agents/realtime-ai/pytrickle/data-channels.mdx — 1 BLOCKING structural error(s):

  [L1] MISSING_FRONTMATTER: Missing required frontmatter field: "purpose"
        Fix: Add "purpose:" to the page frontmatter.

ℹ️   v2/developers/build/ai-and-agents/realtime-ai/pytrickle/data-channels.mdx — 1 info notice(s):

  [L1] MISSING_VERACITY_STATUS: status is "current" but veracityStatus is not set
        Fix: Add veracityStatus: verified (or unverified/stale) to frontmatter. See checks.mdx §1.8.

❌  v2/developers/build/ai-and-agents/ai-stream-pack/overview.mdx — 1 BLOCKING structural error(s):

  [L1] MISSING_FRONTMATTER: Missing required frontmatter field: "purpose"
        Fix: Add "purpose:" to the page frontmatter.

⚠️   v2/developers/build/ai-and-agents/ai-stream-pack/overview.mdx — 1 structural warning(s):

  [L1] INVALID_PAGE_TYPE: pageType "overview" is not a canonical value
        Fix: "overview" is deprecated. Migrate to one of: navigation, concept, tutorial, guide, instruction, reference, resource. Check Frameworks.mdx §1.1 for the pageType + pageVariant required.

ℹ️   v2/developers/build/ai-and-agents/ai-stream-pack/overview.mdx — 1 info notice(s):

  [L1] MISSING_VERACITY_STATUS: status is "current" but veracityStatus is not set
        Fix: Add veracityStatus: verified (or unverified/stale) to frontmatter. See checks.mdx §1.8.

❌  v2/developers/build/ai-and-agents/agents/overview.mdx — 1 BLOCKING structural error(s):

  [L1] MISSING_FRONTMATTER: Missing required frontmatter field: "purpose"
        Fix: Add "purpose:" to the page frontmatter.

⚠️   v2/developers/build/ai-and-agents/agents/overview.mdx — 1 structural warning(s):

  [L1] INVALID_PAGE_TYPE: pageType "overview" is not a canonical value
        Fix: "overview" is deprecated. Migrate to one of: navigation, concept, tutorial, guide, instruction, reference, resource. Check Frameworks.mdx §1.1 for the pageType + pageVariant required.

ℹ️   v2/developers/build/ai-and-agents/agents/overview.mdx — 1 info notice(s):

  [L1] MISSING_VERACITY_STATUS: status is "current" but veracityStatus is not set
        Fix: Add veracityStatus: verified (or unverified/stale) to frontmatter. See checks.mdx §1.8.

❌  v2/developers/build/ai-and-agents/agents/storyboard.mdx — 1 BLOCKING structural error(s):

  [L1] MISSING_FRONTMATTER: Missing required frontmatter field: "purpose"
        Fix: Add "purpose:" to the page frontmatter.

⚠️   v2/developers/build/ai-and-agents/agents/storyboard.mdx — 1 structural warning(s):

  [L1] INVALID_PAGE_TYPE: pageType "overview" is not a canonical value
        Fix: "overview" is deprecated. Migrate to one of: navigation, concept, tutorial, guide, instruction, reference, resource. Check Frameworks.mdx §1.1 for the pageType + pageVariant required.

ℹ️   v2/developers/build/ai-and-agents/agents/storyboard.mdx — 1 info notice(s):

  [L1] MISSING_VERACITY_STATUS: status is "current" but veracityStatus is not set
        Fix: Add veracityStatus: verified (or unverified/stale) to frontmatter. See checks.mdx §1.8.

❌  v2/developers/build/ai-and-agents/agents/llm-provider-routing.mdx — 1 BLOCKING structural error(s):

  [L1] MISSING_FRONTMATTER: Missing required frontmatter field: "purpose"
        Fix: Add "purpose:" to the page frontmatter.

ℹ️   v2/developers/build/ai-and-agents/agents/llm-provider-routing.mdx — 1 info notice(s):

  [L1] MISSING_VERACITY_STATUS: status is "current" but veracityStatus is not set
        Fix: Add veracityStatus: verified (or unverified/stale) to frontmatter. See checks.mdx §1.8.

❌  v2/developers/build/ai-and-agents/agents/eliza-integration.mdx — 1 BLOCKING structural error(s):

  [L1] MISSING_FRONTMATTER: Missing required frontmatter field: "purpose"
        Fix: Add "purpose:" to the page frontmatter.

ℹ️   v2/developers/build/ai-and-agents/agents/eliza-integration.mdx — 1 info notice(s):

  [L1] MISSING_VERACITY_STATUS: status is "current" but veracityStatus is not set
        Fix: Add veracityStatus: verified (or unverified/stale) to frontmatter. See checks.mdx §1.8.

❌  v2/developers/build/ai-and-agents/ecosystem-mcp/overview.mdx — 1 BLOCKING structural error(s):

  [L1] MISSING_FRONTMATTER: Missing required frontmatter field: "purpose"
        Fix: Add "purpose:" to the page frontmatter.

⚠️   v2/developers/build/ai-and-agents/ecosystem-mcp/overview.mdx — 1 structural warning(s):

  [L1] INVALID_PAGE_TYPE: pageType "overview" is not a canonical value
        Fix: "overview" is deprecated. Migrate to one of: navigation, concept, tutorial, guide, instruction, reference, resource. Check Frameworks.mdx §1.1 for the pageType + pageVariant required.

ℹ️   v2/developers/build/ai-and-agents/ecosystem-mcp/overview.mdx — 1 info notice(s):

  [L1] MISSING_VERACITY_STATUS: status is "current" but veracityStatus is not set
        Fix: Add veracityStatus: verified (or unverified/stale) to frontmatter. See checks.mdx §1.8.

❌  v2/developers/build/ai-and-agents/ecosystem-mcp/docs-mcp.mdx — 1 BLOCKING structural error(s):

  [L1] MISSING_FRONTMATTER: Missing required frontmatter field: "purpose"
        Fix: Add "purpose:" to the page frontmatter.

⚠️   v2/developers/build/ai-and-agents/ecosystem-mcp/docs-mcp.mdx — 1 structural warning(s):

  [L1] INVALID_PAGE_TYPE: pageType "how_to" is not a canonical value
        Fix: "how_to" is deprecated. Migrate to one of: navigation, concept, tutorial, guide, instruction, reference, resource. Check Frameworks.mdx §1.1 for the pageType + pageVariant required.

ℹ️   v2/developers/build/ai-and-agents/ecosystem-mcp/docs-mcp.mdx — 1 info notice(s):

  [L1] MISSING_VERACITY_STATUS: status is "current" but veracityStatus is not set
        Fix: Add veracityStatus: verified (or unverified/stale) to frontmatter. See checks.mdx §1.8.

❌  v2/developers/build/video/overview.mdx — 1 BLOCKING structural error(s):

  [L1] MISSING_FRONTMATTER: Missing required frontmatter field: "purpose"
        Fix: Add "purpose:" to the page frontmatter.

⚠️   v2/developers/build/video/overview.mdx — 1 structural warning(s):

  [L1] INVALID_PAGE_TYPE: pageType "overview" is not a canonical value
        Fix: "overview" is deprecated. Migrate to one of: navigation, concept, tutorial, guide, instruction, reference, resource. Check Frameworks.mdx §1.1 for the pageType + pageVariant required.

ℹ️   v2/developers/build/video/overview.mdx — 1 info notice(s):

  [L1] MISSING_VERACITY_STATUS: status is "current" but veracityStatus is not set
        Fix: Add veracityStatus: verified (or unverified/stale) to frontmatter. See checks.mdx §1.8.

❌  v2/developers/build/video/ingest-and-playback.mdx — 1 BLOCKING structural error(s):

  [L1] MISSING_FRONTMATTER: Missing required frontmatter field: "purpose"
        Fix: Add "purpose:" to the page frontmatter.

⚠️   v2/developers/build/video/ingest-and-playback.mdx — 1 structural warning(s):

  [L1] INVALID_PAGE_TYPE: pageType "how_to" is not a canonical value
        Fix: "how_to" is deprecated. Migrate to one of: navigation, concept, tutorial, guide, instruction, reference, resource. Check Frameworks.mdx §1.1 for the pageType + pageVariant required.

ℹ️   v2/developers/build/video/ingest-and-playback.mdx — 1 info notice(s):

  [L1] MISSING_VERACITY_STATUS: status is "current" but veracityStatus is not set
        Fix: Add veracityStatus: verified (or unverified/stale) to frontmatter. See checks.mdx §1.8.

❌  v2/developers/build/video/live-events.mdx — 1 BLOCKING structural error(s):

  [L1] MISSING_FRONTMATTER: Missing required frontmatter field: "purpose"
        Fix: Add "purpose:" to the page frontmatter.

⚠️   v2/developers/build/video/live-events.mdx — 1 structural warning(s):

  [L1] INVALID_PAGE_TYPE: pageType "how_to" is not a canonical value
        Fix: "how_to" is deprecated. Migrate to one of: navigation, concept, tutorial, guide, instruction, reference, resource. Check Frameworks.mdx §1.1 for the pageType + pageVariant required.

ℹ️   v2/developers/build/video/live-events.mdx — 1 info notice(s):

  [L1] MISSING_VERACITY_STATUS: status is "current" but veracityStatus is not set
        Fix: Add veracityStatus: verified (or unverified/stale) to frontmatter. See checks.mdx §1.8.

❌  v2/developers/build/video/vod-and-recording.mdx — 1 BLOCKING structural error(s):

  [L1] MISSING_FRONTMATTER: Missing required frontmatter field: "purpose"
        Fix: Add "purpose:" to the page frontmatter.

⚠️   v2/developers/build/video/vod-and-recording.mdx — 1 structural warning(s):

  [L1] INVALID_PAGE_TYPE: pageType "how_to" is not a canonical value
        Fix: "how_to" is deprecated. Migrate to one of: navigation, concept, tutorial, guide, instruction, reference, resource. Check Frameworks.mdx §1.1 for the pageType + pageVariant required.

ℹ️   v2/developers/build/video/vod-and-recording.mdx — 1 info notice(s):

  [L1] MISSING_VERACITY_STATUS: status is "current" but veracityStatus is not set
        Fix: Add veracityStatus: verified (or unverified/stale) to frontmatter. See checks.mdx §1.8.

❌  v2/developers/build/video/codec-support.mdx — 1 BLOCKING structural error(s):

  [L1] MISSING_FRONTMATTER: Missing required frontmatter field: "purpose"
        Fix: Add "purpose:" to the page frontmatter.

ℹ️   v2/developers/build/video/codec-support.mdx — 1 info notice(s):

  [L1] MISSING_VERACITY_STATUS: status is "current" but veracityStatus is not set
        Fix: Add veracityStatus: verified (or unverified/stale) to frontmatter. See checks.mdx §1.8.

❌  v2/developers/build/video/storage-and-archival.mdx — 1 BLOCKING structural error(s):

  [L1] MISSING_FRONTMATTER: Missing required frontmatter field: "lastVerified"
        Fix: Add "lastVerified:" to the page frontmatter.

⚠️   v2/developers/build/video/storage-and-archival.mdx — 1 structural warning(s):

  [L1] MISSING_STATUS: Missing status field
        Fix: Add a canonical status value to frontmatter.

❌  v2/developers/build/video/lpms-integration.mdx — 1 BLOCKING structural error(s):

  [L1] MISSING_FRONTMATTER: Missing required frontmatter field: "purpose"
        Fix: Add "purpose:" to the page frontmatter.

ℹ️   v2/developers/build/video/lpms-integration.mdx — 1 info notice(s):

  [L1] MISSING_VERACITY_STATUS: status is "current" but veracityStatus is not set
        Fix: Add veracityStatus: verified (or unverified/stale) to frontmatter. See checks.mdx §1.8.

❌  v2/developers/build/video/frameworks-network.mdx — 1 BLOCKING structural error(s):

  [L1] MISSING_FRONTMATTER: Missing required frontmatter field: "lastVerified"
        Fix: Add "lastVerified:" to the page frontmatter.

⚠️   v2/developers/build/video/frameworks-network.mdx — 1 structural warning(s):

  [L1] MISSING_STATUS: Missing status field
        Fix: Add a canonical status value to frontmatter.

❌  v2/developers/build/compute/byoc/overview.mdx — 1 BLOCKING structural error(s):

  [L1] MISSING_FRONTMATTER: Missing required frontmatter field: "purpose"
        Fix: Add "purpose:" to the page frontmatter.

⚠️   v2/developers/build/compute/byoc/overview.mdx — 1 structural warning(s):

  [L1] INVALID_PAGE_TYPE: pageType "overview" is not a canonical value
        Fix: "overview" is deprecated. Migrate to one of: navigation, concept, tutorial, guide, instruction, reference, resource. Check Frameworks.mdx §1.1 for the pageType + pageVariant required.

ℹ️   v2/developers/build/compute/byoc/overview.mdx — 1 info notice(s):

  [L1] MISSING_VERACITY_STATUS: status is "current" but veracityStatus is not set
        Fix: Add veracityStatus: verified (or unverified/stale) to frontmatter. See checks.mdx §1.8.

❌  v2/developers/build/compute/byoc/byoc-architecture.mdx — 1 BLOCKING structural error(s):

  [L1] MISSING_FRONTMATTER: Missing required frontmatter field: "purpose"
        Fix: Add "purpose:" to the page frontmatter.

ℹ️   v2/developers/build/compute/byoc/byoc-architecture.mdx — 1 info notice(s):

  [L1] MISSING_VERACITY_STATUS: status is "current" but veracityStatus is not set
        Fix: Add veracityStatus: verified (or unverified/stale) to frontmatter. See checks.mdx §1.8.

❌  v2/developers/build/compute/byoc/byoc-production.mdx — 1 BLOCKING structural error(s):

  [L1] MISSING_FRONTMATTER: Missing required frontmatter field: "purpose"
        Fix: Add "purpose:" to the page frontmatter.

ℹ️   v2/developers/build/compute/byoc/byoc-production.mdx — 1 info notice(s):

  [L1] MISSING_VERACITY_STATUS: status is "current" but veracityStatus is not set
        Fix: Add veracityStatus: verified (or unverified/stale) to frontmatter. See checks.mdx §1.8.

❌  v2/developers/build/compute/byoc/byoc-sdk.mdx — 1 BLOCKING structural error(s):

  [L1] MISSING_FRONTMATTER: Missing required frontmatter field: "purpose"
        Fix: Add "purpose:" to the page frontmatter.

ℹ️   v2/developers/build/compute/byoc/byoc-sdk.mdx — 1 info notice(s):

  [L1] MISSING_VERACITY_STATUS: status is "current" but veracityStatus is not set
        Fix: Add veracityStatus: verified (or unverified/stale) to frontmatter. See checks.mdx §1.8.

❌  v2/developers/build/compute/byoc/reference-pipelines.mdx — 1 BLOCKING structural error(s):

  [L1] MISSING_FRONTMATTER: Missing required frontmatter field: "purpose"
        Fix: Add "purpose:" to the page frontmatter.

ℹ️   v2/developers/build/compute/byoc/reference-pipelines.mdx — 1 info notice(s):

  [L1] MISSING_VERACITY_STATUS: status is "current" but veracityStatus is not set
        Fix: Add veracityStatus: verified (or unverified/stale) to frontmatter. See checks.mdx §1.8.

❌  v2/developers/build/plugins-and-extensions/overview.mdx — 1 BLOCKING structural error(s):

  [L1] MISSING_FRONTMATTER: Missing required frontmatter field: "purpose"
        Fix: Add "purpose:" to the page frontmatter.

⚠️   v2/developers/build/plugins-and-extensions/overview.mdx — 1 structural warning(s):

  [L1] INVALID_PAGE_TYPE: pageType "overview" is not a canonical value
        Fix: "overview" is deprecated. Migrate to one of: navigation, concept, tutorial, guide, instruction, reference, resource. Check Frameworks.mdx §1.1 for the pageType + pageVariant required.

ℹ️   v2/developers/build/plugins-and-extensions/overview.mdx — 1 info notice(s):

  [L1] MISSING_VERACITY_STATUS: status is "current" but veracityStatus is not set
        Fix: Add veracityStatus: verified (or unverified/stale) to frontmatter. See checks.mdx §1.8.

❌  v2/developers/build/plugins-and-extensions/naap-architecture.mdx — 1 BLOCKING structural error(s):

  [L1] MISSING_FRONTMATTER: Missing required frontmatter field: "purpose"
        Fix: Add "purpose:" to the page frontmatter.

ℹ️   v2/developers/build/plugins-and-extensions/naap-architecture.mdx — 1 info notice(s):

  [L1] MISSING_VERACITY_STATUS: status is "current" but veracityStatus is not set
        Fix: Add veracityStatus: verified (or unverified/stale) to frontmatter. See checks.mdx §1.8.

❌  v2/developers/build/plugins-and-extensions/building-a-plugin.mdx — 1 BLOCKING structural error(s):

  [L1] MISSING_FRONTMATTER: Missing required frontmatter field: "purpose"
        Fix: Add "purpose:" to the page frontmatter.

⚠️   v2/developers/build/plugins-and-extensions/building-a-plugin.mdx — 1 structural warning(s):

  [L1] INVALID_PAGE_TYPE: pageType "how_to" is not a canonical value
        Fix: "how_to" is deprecated. Migrate to one of: navigation, concept, tutorial, guide, instruction, reference, resource. Check Frameworks.mdx §1.1 for the pageType + pageVariant required.

ℹ️   v2/developers/build/plugins-and-extensions/building-a-plugin.mdx — 1 info notice(s):

  [L1] MISSING_VERACITY_STATUS: status is "current" but veracityStatus is not set
        Fix: Add veracityStatus: verified (or unverified/stale) to frontmatter. See checks.mdx §1.8.

❌  v2/developers/build/alt-gateways/overview.mdx — 1 BLOCKING structural error(s):

  [L1] MISSING_FRONTMATTER: Missing required frontmatter field: "purpose"
        Fix: Add "purpose:" to the page frontmatter.

⚠️   v2/developers/build/alt-gateways/overview.mdx — 1 structural warning(s):

  [L1] INVALID_PAGE_TYPE: pageType "overview" is not a canonical value
        Fix: "overview" is deprecated. Migrate to one of: navigation, concept, tutorial, guide, instruction, reference, resource. Check Frameworks.mdx §1.1 for the pageType + pageVariant required.

ℹ️   v2/developers/build/alt-gateways/overview.mdx — 1 info notice(s):

  [L1] MISSING_VERACITY_STATUS: status is "current" but veracityStatus is not set
        Fix: Add veracityStatus: verified (or unverified/stale) to frontmatter. See checks.mdx §1.8.

❌  v2/developers/build/alt-gateways/remote-signer-integration.mdx — 1 BLOCKING structural error(s):

  [L1] MISSING_FRONTMATTER: Missing required frontmatter field: "lastVerified"
        Fix: Add "lastVerified:" to the page frontmatter.

⚠️   v2/developers/build/alt-gateways/remote-signer-integration.mdx — 1 structural warning(s):

  [L1] MISSING_STATUS: Missing status field
        Fix: Add a canonical status value to frontmatter.

❌  v2/developers/build/alt-gateways/livepeer-python-gateway.mdx — 1 BLOCKING structural error(s):

  [L1] MISSING_FRONTMATTER: Missing required frontmatter field: "lastVerified"
        Fix: Add "lastVerified:" to the page frontmatter.

⚠️   v2/developers/build/alt-gateways/livepeer-python-gateway.mdx — 1 structural warning(s):

  [L1] MISSING_STATUS: Missing status field
        Fix: Add a canonical status value to frontmatter.

❌  v2/developers/build/alt-gateways/browser-and-mobile.mdx — 1 BLOCKING structural error(s):

  [L1] MISSING_FRONTMATTER: Missing required frontmatter field: "purpose"
        Fix: Add "purpose:" to the page frontmatter.

ℹ️   v2/developers/build/alt-gateways/browser-and-mobile.mdx — 1 info notice(s):

  [L1] MISSING_VERACITY_STATUS: status is "current" but veracityStatus is not set
        Fix: Add veracityStatus: verified (or unverified/stale) to frontmatter. See checks.mdx §1.8.

❌  v2/developers/build/applications/overview.mdx — 1 BLOCKING structural error(s):

  [L1] MISSING_FRONTMATTER: Missing required frontmatter field: "purpose"
        Fix: Add "purpose:" to the page frontmatter.

⚠️   v2/developers/build/applications/overview.mdx — 1 structural warning(s):

  [L1] INVALID_PAGE_TYPE: pageType "overview" is not a canonical value
        Fix: "overview" is deprecated. Migrate to one of: navigation, concept, tutorial, guide, instruction, reference, resource. Check Frameworks.mdx §1.1 for the pageType + pageVariant required.

ℹ️   v2/developers/build/applications/overview.mdx — 1 info notice(s):

  [L1] MISSING_VERACITY_STATUS: status is "current" but veracityStatus is not set
        Fix: Add veracityStatus: verified (or unverified/stale) to frontmatter. See checks.mdx §1.8.

❌  v2/developers/build/applications/frontend-react-player.mdx — 1 BLOCKING structural error(s):

  [L1] MISSING_FRONTMATTER: Missing required frontmatter field: "purpose"
        Fix: Add "purpose:" to the page frontmatter.

ℹ️   v2/developers/build/applications/frontend-react-player.mdx — 1 info notice(s):

  [L1] MISSING_VERACITY_STATUS: status is "current" but veracityStatus is not set
        Fix: Add veracityStatus: verified (or unverified/stale) to frontmatter. See checks.mdx §1.8.

❌  v2/developers/build/applications/frontend-react-broadcast.mdx — 1 BLOCKING structural error(s):

  [L1] MISSING_FRONTMATTER: Missing required frontmatter field: "purpose"
        Fix: Add "purpose:" to the page frontmatter.

ℹ️   v2/developers/build/applications/frontend-react-broadcast.mdx — 1 info notice(s):

  [L1] MISSING_VERACITY_STATUS: status is "current" but veracityStatus is not set
        Fix: Add veracityStatus: verified (or unverified/stale) to frontmatter. See checks.mdx §1.8.

❌  v2/developers/build/applications/frontend-core-web.mdx — 1 BLOCKING structural error(s):

  [L1] MISSING_FRONTMATTER: Missing required frontmatter field: "purpose"
        Fix: Add "purpose:" to the page frontmatter.

ℹ️   v2/developers/build/applications/frontend-core-web.mdx — 1 info notice(s):

  [L1] MISSING_VERACITY_STATUS: status is "current" but veracityStatus is not set
        Fix: Add veracityStatus: verified (or unverified/stale) to frontmatter. See checks.mdx §1.8.

ℹ️   v2/developers/build/tutorials/ai-agent-on-livepeer.mdx — 1 info notice(s):

  [L1] MISSING_VERACITY_STATUS: status is "current" but veracityStatus is not set
        Fix: Add veracityStatus: verified (or unverified/stale) to frontmatter. See checks.mdx §1.8.

⚠️   v2/developers/build/tutorials/huggingface-to-livepeer.mdx — 5 structural warning(s):

  [L379] ACCORDION_ONLY_URL: URL only inside Accordion — may be a primary action gated behind interaction
        Fix: If this is a primary action URL, add it to body copy above the accordion.
        → "https://explorer.livepeer.org"
  [L556] ACCORDION_ONLY_URL: URL only inside Accordion — may be a primary action gated behind interaction
        Fix: If this is a primary action URL, add it to body copy above the accordion.
        → "https://explorer.livepeer.org"
  [L586] ACCORDION_ONLY_URL: URL only inside Accordion — may be a primary action gated behind interaction
        Fix: If this is a primary action URL, add it to body copy above the accordion.
        → "https://github.com/huggingface/huggingface_hub"
  [L588] ACCORDION_ONLY_URL: URL only inside Accordion — may be a primary action gated behind interaction
        Fix: If this is a primary action URL, add it to body copy above the accordion.
        → "https://hub.docker.com/r/livepeer/ai-runner"
  [L591] ACCORDION_ONLY_URL: URL only inside Accordion — may be a primary action gated behind interaction
        Fix: If this is a primary action URL, add it to body copy above the accordion.
        → "https://explorer.livepeer.org"

⚠️   v2/developers/build/tutorials/huggingface-to-livepeer-advanced.mdx — 4 structural warning(s):

  [L1053] ACCORDION_ONLY_URL: URL only inside Accordion — may be a primary action gated behind interaction
        Fix: If this is a primary action URL, add it to body copy above the accordion.
        → "http://<container-host>:8000/health`"
  [L1156] ACCORDION_ONLY_URL: URL only inside Accordion — may be a primary action gated behind interaction
        Fix: If this is a primary action URL, add it to body copy above the accordion.
        → "https://huggingface.co/SG161222/RealVisXL_V4.0_Lightning"
  [L1163] ACCORDION_ONLY_URL: URL only inside Accordion — may be a primary action gated behind interaction
        Fix: If this is a primary action URL, add it to body copy above the accordion.
        → "https://github.com/huggingface/huggingface_hub"
  [L1174] ACCORDION_ONLY_URL: URL only inside Accordion — may be a primary action gated behind interaction
        Fix: If this is a primary action URL, add it to body copy above the accordion.
        → "https://hub.docker.com/r/livepeer/ai-runner"

ℹ️   v2/developers/guides/overview.mdx — 1 info notice(s):

  [L1] MISSING_VERACITY_STATUS: status is "current" but veracityStatus is not set
        Fix: Add veracityStatus: verified (or unverified/stale) to frontmatter. See checks.mdx §1.8.

ℹ️   v2/developers/guides/production-hardening-checklist.mdx — 1 info notice(s):

  [L1] MISSING_VERACITY_STATUS: status is "current" but veracityStatus is not set
        Fix: Add veracityStatus: verified (or unverified/stale) to frontmatter. See checks.mdx §1.8.

❌  v2/developers/guides/payments/overview.mdx — 1 BLOCKING structural error(s):

  [L1] MISSING_FRONTMATTER: Missing required frontmatter field: "purpose"
        Fix: Add "purpose:" to the page frontmatter.

⚠️   v2/developers/guides/payments/overview.mdx — 1 structural warning(s):

  [L1] INVALID_PAGE_TYPE: pageType "overview" is not a canonical value
        Fix: "overview" is deprecated. Migrate to one of: navigation, concept, tutorial, guide, instruction, reference, resource. Check Frameworks.mdx §1.1 for the pageType + pageVariant required.

ℹ️   v2/developers/guides/payments/overview.mdx — 1 info notice(s):

  [L1] MISSING_VERACITY_STATUS: status is "current" but veracityStatus is not set
        Fix: Add veracityStatus: verified (or unverified/stale) to frontmatter. See checks.mdx §1.8.

❌  v2/developers/guides/payments/probabilistic-micropayments.mdx — 1 BLOCKING structural error(s):

  [L1] MISSING_FRONTMATTER: Missing required frontmatter field: "purpose"
        Fix: Add "purpose:" to the page frontmatter.

ℹ️   v2/developers/guides/payments/probabilistic-micropayments.mdx — 1 info notice(s):

  [L1] MISSING_VERACITY_STATUS: status is "current" but veracityStatus is not set
        Fix: Add veracityStatus: verified (or unverified/stale) to frontmatter. See checks.mdx §1.8.

❌  v2/developers/guides/payments/per-second-compute.mdx — 1 BLOCKING structural error(s):

  [L1] MISSING_FRONTMATTER: Missing required frontmatter field: "purpose"
        Fix: Add "purpose:" to the page frontmatter.

ℹ️   v2/developers/guides/payments/per-second-compute.mdx — 1 info notice(s):

  [L1] MISSING_VERACITY_STATUS: status is "current" but veracityStatus is not set
        Fix: Add veracityStatus: verified (or unverified/stale) to frontmatter. See checks.mdx §1.8.

❌  v2/developers/guides/payments/eth-escrow-and-deposits.mdx — 1 BLOCKING structural error(s):

  [L1] MISSING_FRONTMATTER: Missing required frontmatter field: "purpose"
        Fix: Add "purpose:" to the page frontmatter.

⚠️   v2/developers/guides/payments/eth-escrow-and-deposits.mdx — 1 structural warning(s):

  [L1] INVALID_PAGE_TYPE: pageType "how_to" is not a canonical value
        Fix: "how_to" is deprecated. Migrate to one of: navigation, concept, tutorial, guide, instruction, reference, resource. Check Frameworks.mdx §1.1 for the pageType + pageVariant required.

ℹ️   v2/developers/guides/payments/eth-escrow-and-deposits.mdx — 1 info notice(s):

  [L1] MISSING_VERACITY_STATUS: status is "current" but veracityStatus is not set
        Fix: Add veracityStatus: verified (or unverified/stale) to frontmatter. See checks.mdx §1.8.

❌  v2/developers/guides/payments/remote-signer.mdx — 1 BLOCKING structural error(s):

  [L1] MISSING_FRONTMATTER: Missing required frontmatter field: "purpose"
        Fix: Add "purpose:" to the page frontmatter.

ℹ️   v2/developers/guides/payments/remote-signer.mdx — 1 info notice(s):

  [L1] MISSING_VERACITY_STATUS: status is "current" but veracityStatus is not set
        Fix: Add veracityStatus: verified (or unverified/stale) to frontmatter. See checks.mdx §1.8.

❌  v2/developers/guides/payments/clearinghouse-pattern.mdx — 1 BLOCKING structural error(s):

  [L1] MISSING_FRONTMATTER: Missing required frontmatter field: "purpose"
        Fix: Add "purpose:" to the page frontmatter.

⚠️   v2/developers/guides/payments/clearinghouse-pattern.mdx — 1 structural warning(s):

  [L1] INVALID_PAGE_TYPE: pageType "overview" is not a canonical value
        Fix: "overview" is deprecated. Migrate to one of: navigation, concept, tutorial, guide, instruction, reference, resource. Check Frameworks.mdx §1.1 for the pageType + pageVariant required.

ℹ️   v2/developers/guides/payments/clearinghouse-pattern.mdx — 1 info notice(s):

  [L1] MISSING_VERACITY_STATUS: status is "current" but veracityStatus is not set
        Fix: Add veracityStatus: verified (or unverified/stale) to frontmatter. See checks.mdx §1.8.

❌  v2/developers/guides/payments/custom-auth-and-billing.mdx — 1 BLOCKING structural error(s):

  [L1] MISSING_FRONTMATTER: Missing required frontmatter field: "purpose"
        Fix: Add "purpose:" to the page frontmatter.

ℹ️   v2/developers/guides/payments/custom-auth-and-billing.mdx — 1 info notice(s):

  [L1] MISSING_VERACITY_STATUS: status is "current" but veracityStatus is not set
        Fix: Add veracityStatus: verified (or unverified/stale) to frontmatter. See checks.mdx §1.8.

❌  v2/developers/guides/payments/orchestrator-selection-and-pricing.mdx — 1 BLOCKING structural error(s):

  [L1] MISSING_FRONTMATTER: Missing required frontmatter field: "purpose"
        Fix: Add "purpose:" to the page frontmatter.

ℹ️   v2/developers/guides/payments/orchestrator-selection-and-pricing.mdx — 1 info notice(s):

  [L1] MISSING_VERACITY_STATUS: status is "current" but veracityStatus is not set
        Fix: Add veracityStatus: verified (or unverified/stale) to frontmatter. See checks.mdx §1.8.

❌  v2/developers/guides/transport/overview.mdx — 1 BLOCKING structural error(s):

  [L1] MISSING_FRONTMATTER: Missing required frontmatter field: "purpose"
        Fix: Add "purpose:" to the page frontmatter.

⚠️   v2/developers/guides/transport/overview.mdx — 1 structural warning(s):

  [L1] INVALID_PAGE_TYPE: pageType "overview" is not a canonical value
        Fix: "overview" is deprecated. Migrate to one of: navigation, concept, tutorial, guide, instruction, reference, resource. Check Frameworks.mdx §1.1 for the pageType + pageVariant required.

ℹ️   v2/developers/guides/transport/overview.mdx — 1 info notice(s):

  [L1] MISSING_VERACITY_STATUS: status is "current" but veracityStatus is not set
        Fix: Add veracityStatus: verified (or unverified/stale) to frontmatter. See checks.mdx §1.8.

❌  v2/developers/guides/transport/trickle-protocol.mdx — 1 BLOCKING structural error(s):

  [L1] MISSING_FRONTMATTER: Missing required frontmatter field: "lastVerified"
        Fix: Add "lastVerified:" to the page frontmatter.

⚠️   v2/developers/guides/transport/trickle-protocol.mdx — 1 structural warning(s):

  [L1] MISSING_STATUS: Missing status field
        Fix: Add a canonical status value to frontmatter.

ℹ️   v2/developers/guides/gateways-as-developer/gateway-access.mdx — 1 info notice(s):

  [L1] MISSING_VERACITY_STATUS: status is "current" but veracityStatus is not set
        Fix: Add veracityStatus: verified (or unverified/stale) to frontmatter. See checks.mdx §1.8.

ℹ️   v2/developers/guides/auth-and-security/ai-authentication.mdx — 1 info notice(s):

  [L1] MISSING_VERACITY_STATUS: status is "current" but veracityStatus is not set
        Fix: Add veracityStatus: verified (or unverified/stale) to frontmatter. See checks.mdx §1.8.

❌  v2/developers/guides/auth-and-security/access-control.mdx — 1 BLOCKING structural error(s):

  [L1] MISSING_FRONTMATTER: Missing required frontmatter field: "purpose"
        Fix: Add "purpose:" to the page frontmatter.

⚠️   v2/developers/guides/auth-and-security/access-control.mdx — 1 structural warning(s):

  [L1] INVALID_PAGE_TYPE: pageType "how_to" is not a canonical value
        Fix: "how_to" is deprecated. Migrate to one of: navigation, concept, tutorial, guide, instruction, reference, resource. Check Frameworks.mdx §1.1 for the pageType + pageVariant required.

ℹ️   v2/developers/guides/auth-and-security/access-control.mdx — 1 info notice(s):

  [L1] MISSING_VERACITY_STATUS: status is "current" but veracityStatus is not set
        Fix: Add veracityStatus: verified (or unverified/stale) to frontmatter. See checks.mdx §1.8.

❌  v2/developers/guides/observability-and-debugging/tooling-and-metrics.mdx — 1 BLOCKING structural error(s):

  [L1] MISSING_FRONTMATTER: Missing required frontmatter field: "purpose"
        Fix: Add "purpose:" to the page frontmatter.

⚠️   v2/developers/guides/observability-and-debugging/tooling-and-metrics.mdx — 1 structural warning(s):

  [L1] INVALID_PAGE_TYPE: pageType "how_to" is not a canonical value
        Fix: "how_to" is deprecated. Migrate to one of: navigation, concept, tutorial, guide, instruction, reference, resource. Check Frameworks.mdx §1.1 for the pageType + pageVariant required.

ℹ️   v2/developers/guides/observability-and-debugging/tooling-and-metrics.mdx — 1 info notice(s):

  [L1] MISSING_VERACITY_STATUS: status is "current" but veracityStatus is not set
        Fix: Add veracityStatus: verified (or unverified/stale) to frontmatter. See checks.mdx §1.8.

❌  v2/developers/guides/observability-and-debugging/orchestrator-monitoring.mdx — 1 BLOCKING structural error(s):

  [L1] MISSING_FRONTMATTER: Missing required frontmatter field: "purpose"
        Fix: Add "purpose:" to the page frontmatter.

⚠️   v2/developers/guides/observability-and-debugging/orchestrator-monitoring.mdx — 1 structural warning(s):

  [L1] INVALID_PAGE_TYPE: pageType "how_to" is not a canonical value
        Fix: "how_to" is deprecated. Migrate to one of: navigation, concept, tutorial, guide, instruction, reference, resource. Check Frameworks.mdx §1.1 for the pageType + pageVariant required.

ℹ️   v2/developers/guides/observability-and-debugging/orchestrator-monitoring.mdx — 1 info notice(s):

  [L1] MISSING_VERACITY_STATUS: status is "current" but veracityStatus is not set
        Fix: Add veracityStatus: verified (or unverified/stale) to frontmatter. See checks.mdx §1.8.

ℹ️   v2/developers/guides/observability-and-debugging/job-debugging.mdx — 1 info notice(s):

  [L1] MISSING_VERACITY_STATUS: status is "current" but veracityStatus is not set
        Fix: Add veracityStatus: verified (or unverified/stale) to frontmatter. See checks.mdx §1.8.

❌  v2/developers/guides/local-development/overview.mdx — 1 BLOCKING structural error(s):

  [L1] MISSING_FRONTMATTER: Missing required frontmatter field: "purpose"
        Fix: Add "purpose:" to the page frontmatter.

⚠️   v2/developers/guides/local-development/overview.mdx — 1 structural warning(s):

  [L1] INVALID_PAGE_TYPE: pageType "overview" is not a canonical value
        Fix: "overview" is deprecated. Migrate to one of: navigation, concept, tutorial, guide, instruction, reference, resource. Check Frameworks.mdx §1.1 for the pageType + pageVariant required.

ℹ️   v2/developers/guides/local-development/overview.mdx — 1 info notice(s):

  [L1] MISSING_VERACITY_STATUS: status is "current" but veracityStatus is not set
        Fix: Add veracityStatus: verified (or unverified/stale) to frontmatter. See checks.mdx §1.8.

❌  v2/developers/guides/local-development/local-gateway.mdx — 1 BLOCKING structural error(s):

  [L1] MISSING_FRONTMATTER: Missing required frontmatter field: "purpose"
        Fix: Add "purpose:" to the page frontmatter.

⚠️   v2/developers/guides/local-development/local-gateway.mdx — 1 structural warning(s):

  [L1] INVALID_PAGE_TYPE: pageType "how_to" is not a canonical value
        Fix: "how_to" is deprecated. Migrate to one of: navigation, concept, tutorial, guide, instruction, reference, resource. Check Frameworks.mdx §1.1 for the pageType + pageVariant required.

ℹ️   v2/developers/guides/local-development/local-gateway.mdx — 1 info notice(s):

  [L1] MISSING_VERACITY_STATUS: status is "current" but veracityStatus is not set
        Fix: Add veracityStatus: verified (or unverified/stale) to frontmatter. See checks.mdx §1.8.

❌  v2/developers/guides/local-development/local-orchestrator.mdx — 1 BLOCKING structural error(s):

  [L1] MISSING_FRONTMATTER: Missing required frontmatter field: "purpose"
        Fix: Add "purpose:" to the page frontmatter.

⚠️   v2/developers/guides/local-development/local-orchestrator.mdx — 1 structural warning(s):

  [L1] INVALID_PAGE_TYPE: pageType "how_to" is not a canonical value
        Fix: "how_to" is deprecated. Migrate to one of: navigation, concept, tutorial, guide, instruction, reference, resource. Check Frameworks.mdx §1.1 for the pageType + pageVariant required.

ℹ️   v2/developers/guides/local-development/local-orchestrator.mdx — 1 info notice(s):

  [L1] MISSING_VERACITY_STATUS: status is "current" but veracityStatus is not set
        Fix: Add veracityStatus: verified (or unverified/stale) to frontmatter. See checks.mdx §1.8.

⚠️   v2/developers/guides/local-development/local-testnet.mdx — 1 structural warning(s):

  [L1] MISSING_STATUS: Missing status field
        Fix: Add a canonical status value to frontmatter.

ℹ️   v2/developers/guides/help.mdx — 1 info notice(s):

  [L1] MISSING_VERACITY_STATUS: status is "current" but veracityStatus is not set
        Fix: Add veracityStatus: verified (or unverified/stale) to frontmatter. See checks.mdx §1.8.

❌  v2/developers/resources/example-applications.mdx — 1 BLOCKING structural error(s):

  [L1] MISSING_FRONTMATTER: Missing required frontmatter field: "lastVerified"
        Fix: Add "lastVerified:" to the page frontmatter.

⚠️   v2/developers/resources/example-applications.mdx — 1 structural warning(s):

  [L1] MISSING_STATUS: Missing status field
        Fix: Add a canonical status value to frontmatter.

❌  v2/developers/resources/contributing.mdx — 1 BLOCKING structural error(s):

  [L1] MISSING_FRONTMATTER: Missing required frontmatter field: "purpose"
        Fix: Add "purpose:" to the page frontmatter.

ℹ️   v2/developers/resources/contributing.mdx — 1 info notice(s):

  [L1] MISSING_VERACITY_STATUS: status is "current" but veracityStatus is not set
        Fix: Add veracityStatus: verified (or unverified/stale) to frontmatter. See checks.mdx §1.8.

ℹ️   v2/developers/resources/grants-and-programmes.mdx — 1 info notice(s):

  [L1] MISSING_VERACITY_STATUS: status is "current" but veracityStatus is not set
        Fix: Add veracityStatus: verified (or unverified/stale) to frontmatter. See checks.mdx §1.8.

⚠️   v2/developers/resources/awesome-livepeer.mdx — 1 structural warning(s):

  [L1] MISSING_STATUS: Missing status field
        Fix: Add a canonical status value to frontmatter.

⚠️   v2/developers/resources/deepwiki.mdx — 1 structural warning(s):

  [L1] MISSING_STATUS: Missing status field
        Fix: Add a canonical status value to frontmatter.

⚠️   v2/developers/resources/wiki.mdx — 1 structural warning(s):

  [L1] MISSING_STATUS: Missing status field
        Fix: Add a canonical status value to frontmatter.

❌  v2/developers/resources/reference/apis.mdx — 1 BLOCKING structural error(s):

  [L1] MISSING_FRONTMATTER: Missing required frontmatter field: "purpose"
        Fix: Add "purpose:" to the page frontmatter.

ℹ️   v2/developers/resources/reference/apis.mdx — 1 info notice(s):

  [L1] MISSING_VERACITY_STATUS: status is "current" but veracityStatus is not set
        Fix: Add veracityStatus: verified (or unverified/stale) to frontmatter. See checks.mdx §1.8.

❌  v2/developers/resources/reference/sdks.mdx — 1 BLOCKING structural error(s):

  [L1] MISSING_FRONTMATTER: Missing required frontmatter field: "purpose"
        Fix: Add "purpose:" to the page frontmatter.

ℹ️   v2/developers/resources/reference/sdks.mdx — 1 info notice(s):

  [L1] MISSING_VERACITY_STATUS: status is "current" but veracityStatus is not set
        Fix: Add veracityStatus: verified (or unverified/stale) to frontmatter. See checks.mdx §1.8.

ℹ️   v2/developers/resources/reference/pytrickle-reference.mdx — 1 info notice(s):

  [L1] MISSING_VERACITY_STATUS: status is "current" but veracityStatus is not set
        Fix: Add veracityStatus: verified (or unverified/stale) to frontmatter. See checks.mdx §1.8.

❌  v2/developers/resources/reference/pricing-rate-limits.mdx — 1 BLOCKING structural error(s):

  [L1] MISSING_FRONTMATTER: Missing required frontmatter field: "purpose"
        Fix: Add "purpose:" to the page frontmatter.

ℹ️   v2/developers/resources/reference/pricing-rate-limits.mdx — 1 info notice(s):

  [L1] MISSING_VERACITY_STATUS: status is "current" but veracityStatus is not set
        Fix: Add veracityStatus: verified (or unverified/stale) to frontmatter. See checks.mdx §1.8.

ℹ️   v2/gateways/portal.mdx — 1 info notice(s):

  [L1] MISSING_VERACITY_STATUS: status is "current" but veracityStatus is not set
        Fix: Add veracityStatus: verified (or unverified/stale) to frontmatter. See checks.mdx §1.8.

ℹ️   v2/gateways/navigator.mdx — 1 info notice(s):

  [L1] MISSING_VERACITY_STATUS: status is "current" but veracityStatus is not set
        Fix: Add veracityStatus: verified (or unverified/stale) to frontmatter. See checks.mdx §1.8.

ℹ️   v2/gateways/concepts/role.mdx — 1 info notice(s):

  [L1] MISSING_VERACITY_STATUS: status is "current" but veracityStatus is not set
        Fix: Add veracityStatus: verified (or unverified/stale) to frontmatter. See checks.mdx §1.8.

ℹ️   v2/gateways/concepts/capabilities.mdx — 1 info notice(s):

  [L1] MISSING_VERACITY_STATUS: status is "current" but veracityStatus is not set
        Fix: Add veracityStatus: verified (or unverified/stale) to frontmatter. See checks.mdx §1.8.

ℹ️   v2/gateways/concepts/architecture.mdx — 1 info notice(s):

  [L1] MISSING_VERACITY_STATUS: status is "current" but veracityStatus is not set
        Fix: Add veracityStatus: verified (or unverified/stale) to frontmatter. See checks.mdx §1.8.

ℹ️   v2/gateways/concepts/business-model.mdx — 1 info notice(s):

  [L1] MISSING_VERACITY_STATUS: status is "current" but veracityStatus is not set
        Fix: Add veracityStatus: verified (or unverified/stale) to frontmatter. See checks.mdx §1.8.

ℹ️   v2/gateways/quickstart/gateway-setup.mdx — 1 info notice(s):

  [L1] MISSING_VERACITY_STATUS: status is "current" but veracityStatus is not set
        Fix: Add veracityStatus: verified (or unverified/stale) to frontmatter. See checks.mdx §1.8.

ℹ️   v2/gateways/guides/tutorials/byoc-cpu-tutorial.mdx — 1 info notice(s):

  [L1] MISSING_VERACITY_STATUS: status is "current" but veracityStatus is not set
        Fix: Add veracityStatus: verified (or unverified/stale) to frontmatter. See checks.mdx §1.8.

ℹ️   v2/gateways/quickstart/AI-prompt.mdx — 1 info notice(s):

  [L1] MISSING_VERACITY_STATUS: status is "current" but veracityStatus is not set
        Fix: Add veracityStatus: verified (or unverified/stale) to frontmatter. See checks.mdx §1.8.

ℹ️   v2/gateways/setup/guide.mdx — 1 info notice(s):

  [L1] MISSING_VERACITY_STATUS: status is "current" but veracityStatus is not set
        Fix: Add veracityStatus: verified (or unverified/stale) to frontmatter. See checks.mdx §1.8.

⚠️   v2/gateways/setup/prepare.mdx — 10 structural warning(s):

  [L214] ACCORDION_ONLY_URL: URL only inside Accordion — may be a primary action gated behind interaction
        Fix: If this is a primary action URL, add it to body copy above the accordion.
        → "https://chainlist.org/chain/42161"
  [L226] ACCORDION_ONLY_URL: URL only inside Accordion — may be a primary action gated behind interaction
        Fix: If this is a primary action URL, add it to body copy above the accordion.
        → "https://www.alchemy.com"
  [L227] ACCORDION_ONLY_URL: URL only inside Accordion — may be a primary action gated behind interaction
        Fix: If this is a primary action URL, add it to body copy above the accordion.
        → "https://www.infura.io"
  [L228] ACCORDION_ONLY_URL: URL only inside Accordion — may be a primary action gated behind interaction
        Fix: If this is a primary action URL, add it to body copy above the accordion.
        → "https://www.ankr.com"
  [L229] ACCORDION_ONLY_URL: URL only inside Accordion — may be a primary action gated behind interaction
        Fix: If this is a primary action URL, add it to body copy above the accordion.
        → "https://chainstack.com"
  [L230] ACCORDION_ONLY_URL: URL only inside Accordion — may be a primary action gated behind interaction
        Fix: If this is a primary action URL, add it to body copy above the accordion.
        → "https://www.quicknode.com"
  [L235] ACCORDION_ONLY_URL: URL only inside Accordion — may be a primary action gated behind interaction
        Fix: If this is a primary action URL, add it to body copy above the accordion.
        → "https://docs.arbitrum.io/node-running/how-tos/running-a-full-node"
  [L279] ACCORDION_ONLY_URL: URL only inside Accordion — may be a primary action gated behind interaction
        Fix: If this is a primary action URL, add it to body copy above the accordion.
        → "https://support.metamask.io/configure/accounts/how-to-view-your-account-details-"
  [L280] ACCORDION_ONLY_URL: URL only inside Accordion — may be a primary action gated behind interaction
        Fix: If this is a primary action URL, add it to body copy above the accordion.
        → "https://support.ledger.com/article/8978919811485-zd"
  [L281] ACCORDION_ONLY_URL: URL only inside Accordion — may be a primary action gated behind interaction
        Fix: If this is a primary action URL, add it to body copy above the accordion.
        → "https://support.trezor.io/en/articles/360018565096-trezor-faq"

ℹ️   v2/gateways/setup/prepare.mdx — 1 info notice(s):

  [L1] MISSING_VERACITY_STATUS: status is "current" but veracityStatus is not set
        Fix: Add veracityStatus: verified (or unverified/stale) to frontmatter. See checks.mdx §1.8.

ℹ️   v2/gateways/setup/install.mdx — 1 info notice(s):

  [L1] MISSING_VERACITY_STATUS: status is "current" but veracityStatus is not set
        Fix: Add veracityStatus: verified (or unverified/stale) to frontmatter. See checks.mdx §1.8.

ℹ️   v2/gateways/setup/configure.mdx — 1 info notice(s):

  [L1] MISSING_VERACITY_STATUS: status is "current" but veracityStatus is not set
        Fix: Add veracityStatus: verified (or unverified/stale) to frontmatter. See checks.mdx §1.8.

ℹ️   v2/gateways/setup/verify.mdx — 1 info notice(s):

  [L1] MISSING_VERACITY_STATUS: status is "current" but veracityStatus is not set
        Fix: Add veracityStatus: verified (or unverified/stale) to frontmatter. See checks.mdx §1.8.

ℹ️   v2/gateways/setup/connect.mdx — 1 info notice(s):

  [L1] MISSING_VERACITY_STATUS: status is "current" but veracityStatus is not set
        Fix: Add veracityStatus: verified (or unverified/stale) to frontmatter. See checks.mdx §1.8.

ℹ️   v2/gateways/setup/monitor.mdx — 1 info notice(s):

  [L1] MISSING_VERACITY_STATUS: status is "current" but veracityStatus is not set
        Fix: Add veracityStatus: verified (or unverified/stale) to frontmatter. See checks.mdx §1.8.

ℹ️   v2/gateways/guides/operator-considerations/business-case.mdx — 1 info notice(s):

  [L1] MISSING_VERACITY_STATUS: status is "current" but veracityStatus is not set
        Fix: Add veracityStatus: verified (or unverified/stale) to frontmatter. See checks.mdx §1.8.

ℹ️   v2/gateways/guides/operator-considerations/production-gateways.mdx — 1 info notice(s):

  [L1] MISSING_VERACITY_STATUS: status is "current" but veracityStatus is not set
        Fix: Add veracityStatus: verified (or unverified/stale) to frontmatter. See checks.mdx §1.8.

ℹ️   v2/gateways/guides/deployment-details/setup-options.mdx — 1 info notice(s):

  [L1] MISSING_VERACITY_STATUS: status is "current" but veracityStatus is not set
        Fix: Add veracityStatus: verified (or unverified/stale) to frontmatter. See checks.mdx §1.8.

ℹ️   v2/gateways/guides/deployment-details/setup-requirements.mdx — 1 info notice(s):

  [L1] MISSING_VERACITY_STATUS: status is "current" but veracityStatus is not set
        Fix: Add veracityStatus: verified (or unverified/stale) to frontmatter. See checks.mdx §1.8.

ℹ️   v2/gateways/guides/node-pipelines/guide.mdx — 1 info notice(s):

  [L1] MISSING_VERACITY_STATUS: status is "current" but veracityStatus is not set
        Fix: Add veracityStatus: verified (or unverified/stale) to frontmatter. See checks.mdx §1.8.

⚠️   v2/gateways/guides/node-pipelines/video-pipelines.mdx — 1 structural warning(s):

  [L209] ACCORDION_ONLY_URL: URL only inside Accordion — may be a primary action gated behind interaction
        Fix: If this is a primary action URL, add it to body copy above the accordion.
        → "http://192.168.1.100:8935,http://192.168.1.101:8935"

ℹ️   v2/gateways/guides/node-pipelines/video-pipelines.mdx — 1 info notice(s):

  [L1] MISSING_VERACITY_STATUS: status is "current" but veracityStatus is not set
        Fix: Add veracityStatus: verified (or unverified/stale) to frontmatter. See checks.mdx §1.8.

⚠️   v2/gateways/guides/node-pipelines/ai-pipelines.mdx — 2 structural warning(s):

  [L314] ACCORDION_ONLY_URL: URL only inside Accordion — may be a primary action gated behind interaction
        Fix: If this is a primary action URL, add it to body copy above the accordion.
        → "https://your-service.example.com/orchestrators"
  [L326] ACCORDION_ONLY_URL: URL only inside Accordion — may be a primary action gated behind interaction
        Fix: If this is a primary action URL, add it to body copy above the accordion.
        → "https://arbiscan.io/address/0x04C0b249740175999E5BF5c9ac1dA92431EF34C5"

ℹ️   v2/gateways/guides/node-pipelines/ai-pipelines.mdx — 1 info notice(s):

  [L1] MISSING_VERACITY_STATUS: status is "current" but veracityStatus is not set
        Fix: Add veracityStatus: verified (or unverified/stale) to frontmatter. See checks.mdx §1.8.

ℹ️   v2/gateways/guides/node-pipelines/byoc-pipelines.mdx — 1 info notice(s):

  [L1] MISSING_VERACITY_STATUS: status is "current" but veracityStatus is not set
        Fix: Add veracityStatus: verified (or unverified/stale) to frontmatter. See checks.mdx §1.8.

⚠️   v2/gateways/guides/node-pipelines/pipeline-configuration.mdx — 1 structural warning(s):

  [L222] ACCORDION_ONLY_URL: URL only inside Accordion — may be a primary action gated behind interaction
        Fix: If this is a primary action URL, add it to body copy above the accordion.
        → "https://orch1.example.com:8935"

ℹ️   v2/gateways/guides/node-pipelines/pipeline-configuration.mdx — 1 info notice(s):

  [L1] MISSING_VERACITY_STATUS: status is "current" but veracityStatus is not set
        Fix: Add veracityStatus: verified (or unverified/stale) to frontmatter. See checks.mdx §1.8.

ℹ️   v2/gateways/guides/payments-and-pricing/payment-guide.mdx — 1 info notice(s):

  [L1] MISSING_VERACITY_STATUS: status is "current" but veracityStatus is not set
        Fix: Add veracityStatus: verified (or unverified/stale) to frontmatter. See checks.mdx §1.8.

⚠️   v2/gateways/guides/payments-and-pricing/funding-guide.mdx — 1 structural warning(s):

  [L145] ACCORDION_ONLY_URL: URL only inside Accordion — may be a primary action gated behind interaction
        Fix: If this is a primary action URL, add it to body copy above the accordion.
        → "https://github.com/livepeer/go-livepeer/issues/3744"

ℹ️   v2/gateways/guides/payments-and-pricing/funding-guide.mdx — 1 info notice(s):

  [L1] MISSING_VERACITY_STATUS: status is "current" but veracityStatus is not set
        Fix: Add veracityStatus: verified (or unverified/stale) to frontmatter. See checks.mdx §1.8.

⚠️   v2/gateways/guides/payments-and-pricing/fund-gateway.mdx — 6 structural warning(s):

  [L101] ACCORDION_ONLY_URL: URL only inside Accordion — may be a primary action gated behind interaction
        Fix: If this is a primary action URL, add it to body copy above the accordion.
        → "https://github.com/livepeer/livepeer-docs/blob/main/v1/images/delegating-guides/"
  [L116] ACCORDION_ONLY_URL: URL only inside Accordion — may be a primary action gated behind interaction
        Fix: If this is a primary action URL, add it to body copy above the accordion.
        → "https://github.com/livepeer/livepeer-docs/blob/main/v1/images/delegating-guides/"
  [L119] ACCORDION_ONLY_URL: URL only inside Accordion — may be a primary action gated behind interaction
        Fix: If this is a primary action URL, add it to body copy above the accordion.
        → "https://www.kraken.com/"
  [L121] ACCORDION_ONLY_URL: URL only inside Accordion — may be a primary action gated behind interaction
        Fix: If this is a primary action URL, add it to body copy above the accordion.
        → "https://support.kraken.com/hc/en-us/articles/360000920066-How-to-buy-Ethereum"
  [L133] ACCORDION_ONLY_URL: URL only inside Accordion — may be a primary action gated behind interaction
        Fix: If this is a primary action URL, add it to body copy above the accordion.
        → "https://github.com/livepeer/livepeer-docs/blob/main/v1/images/delegating-guides/"
  [L134] ACCORDION_ONLY_URL: URL only inside Accordion — may be a primary action gated behind interaction
        Fix: If this is a primary action URL, add it to body copy above the accordion.
        → "https://github.com/livepeer/livepeer-docs/blob/main/v1/images/delegating-guides/"

ℹ️   v2/gateways/guides/payments-and-pricing/fund-gateway.mdx — 1 info notice(s):

  [L1] MISSING_VERACITY_STATUS: status is "current" but veracityStatus is not set
        Fix: Add veracityStatus: verified (or unverified/stale) to frontmatter. See checks.mdx §1.8.

ℹ️   v2/gateways/guides/payments-and-pricing/pricing-strategy.mdx — 1 info notice(s):

  [L1] MISSING_VERACITY_STATUS: status is "current" but veracityStatus is not set
        Fix: Add veracityStatus: verified (or unverified/stale) to frontmatter. See checks.mdx §1.8.

ℹ️   v2/gateways/guides/payments-and-pricing/pricing-configuration.mdx — 1 info notice(s):

  [L1] MISSING_VERACITY_STATUS: status is "current" but veracityStatus is not set
        Fix: Add veracityStatus: verified (or unverified/stale) to frontmatter. See checks.mdx §1.8.

ℹ️   v2/gateways/guides/payments-and-pricing/remote-signers.mdx — 1 info notice(s):

  [L1] MISSING_VERACITY_STATUS: status is "current" but veracityStatus is not set
        Fix: Add veracityStatus: verified (or unverified/stale) to frontmatter. See checks.mdx §1.8.

ℹ️   v2/gateways/guides/payments-and-pricing/clearinghouse-guide.mdx — 1 info notice(s):

  [L1] MISSING_VERACITY_STATUS: status is "current" but veracityStatus is not set
        Fix: Add veracityStatus: verified (or unverified/stale) to frontmatter. See checks.mdx §1.8.

ℹ️   v2/gateways/guides/monitoring-and-tooling/health-checks.mdx — 1 info notice(s):

  [L1] MISSING_VERACITY_STATUS: status is "current" but veracityStatus is not set
        Fix: Add veracityStatus: verified (or unverified/stale) to frontmatter. See checks.mdx §1.8.

⚠️   v2/gateways/guides/monitoring-and-tooling/tools-and-dashboards.mdx — 1 structural warning(s):

  [L79] ACCORDION_ONLY_URL: URL only inside Accordion — may be a primary action gated behind interaction
        Fix: If this is a primary action URL, add it to body copy above the accordion.
        → "http://localhost:8935/health`"

ℹ️   v2/gateways/guides/monitoring-and-tooling/tools-and-dashboards.mdx — 1 info notice(s):

  [L1] MISSING_VERACITY_STATUS: status is "current" but veracityStatus is not set
        Fix: Add veracityStatus: verified (or unverified/stale) to frontmatter. See checks.mdx §1.8.

ℹ️   v2/gateways/guides/monitoring-and-tooling/monitoring-setup.mdx — 1 info notice(s):

  [L1] MISSING_VERACITY_STATUS: status is "current" but veracityStatus is not set
        Fix: Add veracityStatus: verified (or unverified/stale) to frontmatter. See checks.mdx §1.8.

ℹ️   v2/gateways/guides/monitoring-and-tooling/on-chain-metrics.mdx — 1 info notice(s):

  [L1] MISSING_VERACITY_STATUS: status is "current" but veracityStatus is not set
        Fix: Add veracityStatus: verified (or unverified/stale) to frontmatter. See checks.mdx §1.8.

ℹ️   v2/gateways/guides/monitoring-and-tooling/troubleshooting.mdx — 1 info notice(s):

  [L1] MISSING_VERACITY_STATUS: status is "current" but veracityStatus is not set
        Fix: Add veracityStatus: verified (or unverified/stale) to frontmatter. See checks.mdx §1.8.

ℹ️   v2/gateways/guides/advanced-operations/orchestrator-selection.mdx — 1 info notice(s):

  [L1] MISSING_VERACITY_STATUS: status is "current" but veracityStatus is not set
        Fix: Add veracityStatus: verified (or unverified/stale) to frontmatter. See checks.mdx §1.8.

⚠️   v2/gateways/guides/advanced-operations/scaling.mdx — 1 structural warning(s):

  [L78] ACCORDION_ONLY_URL: URL only inside Accordion — may be a primary action gated behind interaction
        Fix: If this is a primary action URL, add it to body copy above the accordion.
        → "http://localhost:8935/metrics"

ℹ️   v2/gateways/guides/advanced-operations/scaling.mdx — 1 info notice(s):

  [L1] MISSING_VERACITY_STATUS: status is "current" but veracityStatus is not set
        Fix: Add veracityStatus: verified (or unverified/stale) to frontmatter. See checks.mdx §1.8.

⚠️   v2/gateways/guides/advanced-operations/gateway-middleware.mdx — 1 structural warning(s):

  [L313] ACCORDION_ONLY_URL: URL only inside Accordion — may be a primary action gated behind interaction
        Fix: If this is a primary action URL, add it to body copy above the accordion.
        → "https://auth-service.example.com/rtmp-auth"

ℹ️   v2/gateways/guides/advanced-operations/gateway-middleware.mdx — 1 info notice(s):

  [L1] MISSING_VERACITY_STATUS: status is "current" but veracityStatus is not set
        Fix: Add veracityStatus: verified (or unverified/stale) to frontmatter. See checks.mdx §1.8.

⚠️   v2/gateways/guides/advanced-operations/gateway-discoverability.mdx — 1 structural warning(s):

  [L117] ACCORDION_ONLY_URL: URL only inside Accordion — may be a primary action gated behind interaction
        Fix: If this is a primary action URL, add it to body copy above the accordion.
        → "https://gateway.example.com/getNetworkCapabilities"

ℹ️   v2/gateways/guides/advanced-operations/gateway-discoverability.mdx — 1 info notice(s):

  [L1] MISSING_VERACITY_STATUS: status is "current" but veracityStatus is not set
        Fix: Add veracityStatus: verified (or unverified/stale) to frontmatter. See checks.mdx §1.8.

⚠️   v2/gateways/guides/roadmap-and-funding/operator-support.mdx — 4 structural warning(s):

  [L137] ACCORDION_ONLY_URL: URL only inside Accordion — may be a primary action gated behind interaction
        Fix: If this is a primary action URL, add it to body copy above the accordion.
        → "https://github.com/livepeer/go-livepeer"
  [L139] ACCORDION_ONLY_URL: URL only inside Accordion — may be a primary action gated behind interaction
        Fix: If this is a primary action URL, add it to body copy above the accordion.
        → "https://github.com/livepeer/explorer"
  [L139] ACCORDION_ONLY_URL: URL only inside Accordion — may be a primary action gated behind interaction
        Fix: If this is a primary action URL, add it to body copy above the accordion.
        → "https://github.com/livepeer/explorer/pull/410"
  [L144] ACCORDION_ONLY_URL: URL only inside Accordion — may be a primary action gated behind interaction
        Fix: If this is a primary action URL, add it to body copy above the accordion.
        → "https://tools.livepeer.cloud"

ℹ️   v2/gateways/guides/roadmap-and-funding/operator-support.mdx — 1 info notice(s):

  [L1] MISSING_VERACITY_STATUS: status is "current" but veracityStatus is not set
        Fix: Add veracityStatus: verified (or unverified/stale) to frontmatter. See checks.mdx §1.8.

ℹ️   v2/gateways/guides/roadmap-and-funding/spe-grant-model.mdx — 1 info notice(s):

  [L1] MISSING_VERACITY_STATUS: status is "current" but veracityStatus is not set
        Fix: Add veracityStatus: verified (or unverified/stale) to frontmatter. See checks.mdx §1.8.

ℹ️   v2/gateways/guides/roadmap-and-funding/naap-multi-tenancy.mdx — 1 info notice(s):

  [L1] MISSING_VERACITY_STATUS: status is "current" but veracityStatus is not set
        Fix: Add veracityStatus: verified (or unverified/stale) to frontmatter. See checks.mdx §1.8.

ℹ️   v2/gateways/guides/roadmap-and-funding/gateway-showcase.mdx — 1 info notice(s):

  [L1] MISSING_VERACITY_STATUS: status is "current" but veracityStatus is not set
        Fix: Add veracityStatus: verified (or unverified/stale) to frontmatter. See checks.mdx §1.8.

ℹ️   v2/gateways/guides/tutorials/tutorial-1-offchain-transcoding-test.mdx — 1 info notice(s):

  [L1] MISSING_VERACITY_STATUS: status is "current" but veracityStatus is not set
        Fix: Add veracityStatus: verified (or unverified/stale) to frontmatter. See checks.mdx §1.8.

ℹ️   v2/gateways/guides/tutorials/tutorial-2-byoc-cpu-pipeline.mdx — 1 info notice(s):

  [L1] MISSING_VERACITY_STATUS: status is "current" but veracityStatus is not set
        Fix: Add veracityStatus: verified (or unverified/stale) to frontmatter. See checks.mdx §1.8.

⚠️   v2/gateways/guides/tutorials/tutorial-3-go-production.mdx — 1 structural warning(s):

  [L536] ACCORDION_ONLY_URL: URL only inside Accordion — may be a primary action gated behind interaction
        Fix: If this is a primary action URL, add it to body copy above the accordion.
        → "https://dune.com/livepeer"

ℹ️   v2/gateways/guides/tutorials/tutorial-3-go-production.mdx — 1 info notice(s):

  [L1] MISSING_VERACITY_STATUS: status is "current" but veracityStatus is not set
        Fix: Add veracityStatus: verified (or unverified/stale) to frontmatter. See checks.mdx §1.8.

ℹ️   v2/gateways/resources/reference/faq.mdx — 1 info notice(s):

  [L1] MISSING_VERACITY_STATUS: status is "current" but veracityStatus is not set
        Fix: Add veracityStatus: verified (or unverified/stale) to frontmatter. See checks.mdx §1.8.

ℹ️   v2/gateways/resources/deployment-terms.mdx — 1 info notice(s):

  [L1] MISSING_VERACITY_STATUS: status is "current" but veracityStatus is not set
        Fix: Add veracityStatus: verified (or unverified/stale) to frontmatter. See checks.mdx §1.8.

ℹ️   v2/gateways/resources/reference/technical/technical-architecture.mdx — 1 info notice(s):

  [L1] MISSING_VERACITY_STATUS: status is "current" but veracityStatus is not set
        Fix: Add veracityStatus: verified (or unverified/stale) to frontmatter. See checks.mdx §1.8.

ℹ️   v2/gateways/resources/reference/technical/configuration-flags.mdx — 1 info notice(s):

  [L1] MISSING_VERACITY_STATUS: status is "current" but veracityStatus is not set
        Fix: Add veracityStatus: verified (or unverified/stale) to frontmatter. See checks.mdx §1.8.

ℹ️   v2/gateways/resources/reference/technical/contract-addresses.mdx — 1 info notice(s):

  [L1] MISSING_VERACITY_STATUS: status is "current" but veracityStatus is not set
        Fix: Add veracityStatus: verified (or unverified/stale) to frontmatter. See checks.mdx §1.8.

ℹ️   v2/gateways/resources/reference/technical/cli-commands.mdx — 1 info notice(s):

  [L1] MISSING_VERACITY_STATUS: status is "current" but veracityStatus is not set
        Fix: Add veracityStatus: verified (or unverified/stale) to frontmatter. See checks.mdx §1.8.

ℹ️   v2/gateways/resources/reference/technical/api-reference/AI-API/ai.mdx — 1 info notice(s):

  [L1] MISSING_VERACITY_STATUS: status is "current" but veracityStatus is not set
        Fix: Add veracityStatus: verified (or unverified/stale) to frontmatter. See checks.mdx §1.8.

ℹ️   v2/gateways/resources/reference/technical/api-reference/AI-API/text-to-image.mdx — 1 info notice(s):

  [L1] MISSING_VERACITY_STATUS: status is "current" but veracityStatus is not set
        Fix: Add veracityStatus: verified (or unverified/stale) to frontmatter. See checks.mdx §1.8.

ℹ️   v2/gateways/resources/reference/technical/api-reference/AI-API/image-to-image.mdx — 1 info notice(s):

  [L1] MISSING_VERACITY_STATUS: status is "current" but veracityStatus is not set
        Fix: Add veracityStatus: verified (or unverified/stale) to frontmatter. See checks.mdx §1.8.

ℹ️   v2/gateways/resources/reference/technical/api-reference/AI-API/image-to-video.mdx — 1 info notice(s):

  [L1] MISSING_VERACITY_STATUS: status is "current" but veracityStatus is not set
        Fix: Add veracityStatus: verified (or unverified/stale) to frontmatter. See checks.mdx §1.8.

ℹ️   v2/gateways/resources/reference/technical/api-reference/AI-API/upscale.mdx — 1 info notice(s):

  [L1] MISSING_VERACITY_STATUS: status is "current" but veracityStatus is not set
        Fix: Add veracityStatus: verified (or unverified/stale) to frontmatter. See checks.mdx §1.8.

ℹ️   v2/gateways/resources/reference/technical/api-reference/AI-API/audio-to-text.mdx — 1 info notice(s):

  [L1] MISSING_VERACITY_STATUS: status is "current" but veracityStatus is not set
        Fix: Add veracityStatus: verified (or unverified/stale) to frontmatter. See checks.mdx §1.8.

ℹ️   v2/gateways/resources/reference/technical/api-reference/AI-API/segment-anything-2.mdx — 1 info notice(s):

  [L1] MISSING_VERACITY_STATUS: status is "current" but veracityStatus is not set
        Fix: Add veracityStatus: verified (or unverified/stale) to frontmatter. See checks.mdx §1.8.

ℹ️   v2/gateways/resources/reference/technical/api-reference/AI-API/llm.mdx — 1 info notice(s):

  [L1] MISSING_VERACITY_STATUS: status is "current" but veracityStatus is not set
        Fix: Add veracityStatus: verified (or unverified/stale) to frontmatter. See checks.mdx §1.8.

ℹ️   v2/gateways/resources/reference/technical/api-reference/AI-API/image-to-text.mdx — 1 info notice(s):

  [L1] MISSING_VERACITY_STATUS: status is "current" but veracityStatus is not set
        Fix: Add veracityStatus: verified (or unverified/stale) to frontmatter. See checks.mdx §1.8.

ℹ️   v2/gateways/resources/reference/technical/api-reference/AI-API/live-video-to-video.mdx — 1 info notice(s):

  [L1] MISSING_VERACITY_STATUS: status is "current" but veracityStatus is not set
        Fix: Add veracityStatus: verified (or unverified/stale) to frontmatter. See checks.mdx §1.8.

ℹ️   v2/gateways/resources/reference/technical/api-reference/AI-API/text-to-speech.mdx — 1 info notice(s):

  [L1] MISSING_VERACITY_STATUS: status is "current" but veracityStatus is not set
        Fix: Add veracityStatus: verified (or unverified/stale) to frontmatter. See checks.mdx §1.8.

ℹ️   v2/gateways/resources/reference/technical/api-reference/AI-API/health.mdx — 1 info notice(s):

  [L1] MISSING_VERACITY_STATUS: status is "current" but veracityStatus is not set
        Fix: Add veracityStatus: verified (or unverified/stale) to frontmatter. See checks.mdx §1.8.

ℹ️   v2/gateways/resources/reference/technical/api-reference/AI-API/hardware-info.mdx — 1 info notice(s):

  [L1] MISSING_VERACITY_STATUS: status is "current" but veracityStatus is not set
        Fix: Add veracityStatus: verified (or unverified/stale) to frontmatter. See checks.mdx §1.8.

ℹ️   v2/gateways/resources/reference/technical/api-reference/AI-API/hardware-stats.mdx — 1 info notice(s):

  [L1] MISSING_VERACITY_STATUS: status is "current" but veracityStatus is not set
        Fix: Add veracityStatus: verified (or unverified/stale) to frontmatter. See checks.mdx §1.8.

ℹ️   v2/gateways/resources/reference/technical/api-reference/CLI-HTTP/cli-http-api.mdx — 1 info notice(s):

  [L1] MISSING_VERACITY_STATUS: status is "current" but veracityStatus is not set
        Fix: Add veracityStatus: verified (or unverified/stale) to frontmatter. See checks.mdx §1.8.

ℹ️   v2/gateways/resources/reference/technical/api-reference/CLI-HTTP/unbond.mdx — 1 info notice(s):

  [L1] MISSING_VERACITY_STATUS: status is "current" but veracityStatus is not set
        Fix: Add veracityStatus: verified (or unverified/stale) to frontmatter. See checks.mdx §1.8.

ℹ️   v2/gateways/resources/reference/technical/api-reference/CLI-HTTP/rebond.mdx — 1 info notice(s):

  [L1] MISSING_VERACITY_STATUS: status is "current" but veracityStatus is not set
        Fix: Add veracityStatus: verified (or unverified/stale) to frontmatter. See checks.mdx §1.8.

ℹ️   v2/gateways/resources/reference/technical/api-reference/CLI-HTTP/activateorchestrator.mdx — 1 info notice(s):

  [L1] MISSING_VERACITY_STATUS: status is "current" but veracityStatus is not set
        Fix: Add veracityStatus: verified (or unverified/stale) to frontmatter. See checks.mdx §1.8.

ℹ️   v2/gateways/resources/reference/technical/api-reference/CLI-HTTP/setbroadcastconfig.mdx — 1 info notice(s):

  [L1] MISSING_VERACITY_STATUS: status is "current" but veracityStatus is not set
        Fix: Add veracityStatus: verified (or unverified/stale) to frontmatter. See checks.mdx §1.8.

ℹ️   v2/gateways/resources/reference/technical/api-reference/CLI-HTTP/setmaxpriceforcapability.mdx — 1 info notice(s):

  [L1] MISSING_VERACITY_STATUS: status is "current" but veracityStatus is not set
        Fix: Add veracityStatus: verified (or unverified/stale) to frontmatter. See checks.mdx §1.8.

ℹ️   v2/gateways/resources/reference/technical/api-reference/CLI-HTTP/reward.mdx — 1 info notice(s):

  [L1] MISSING_VERACITY_STATUS: status is "current" but veracityStatus is not set
        Fix: Add veracityStatus: verified (or unverified/stale) to frontmatter. See checks.mdx §1.8.

ℹ️   v2/gateways/resources/reference/technical/api-reference/CLI-HTTP/transfertokens.mdx — 1 info notice(s):

  [L1] MISSING_VERACITY_STATUS: status is "current" but veracityStatus is not set
        Fix: Add veracityStatus: verified (or unverified/stale) to frontmatter. See checks.mdx §1.8.

ℹ️   v2/gateways/resources/reference/technical/api-reference/CLI-HTTP/signmessage.mdx — 1 info notice(s):

  [L1] MISSING_VERACITY_STATUS: status is "current" but veracityStatus is not set
        Fix: Add veracityStatus: verified (or unverified/stale) to frontmatter. See checks.mdx §1.8.

ℹ️   v2/gateways/resources/reference/go-livepeer/bandwidth-requirements.mdx — 1 info notice(s):

  [L1] MISSING_VERACITY_STATUS: status is "current" but veracityStatus is not set
        Fix: Add veracityStatus: verified (or unverified/stale) to frontmatter. See checks.mdx §1.8.

ℹ️   v2/gateways/resources/reference/go-livepeer/hardware-requirements.mdx — 1 info notice(s):

  [L1] MISSING_VERACITY_STATUS: status is "current" but veracityStatus is not set
        Fix: Add veracityStatus: verified (or unverified/stale) to frontmatter. See checks.mdx §1.8.

ℹ️   v2/gateways/resources/reference/go-livepeer/cli-reference.mdx — 1 info notice(s):

  [L1] MISSING_VERACITY_STATUS: status is "current" but veracityStatus is not set
        Fix: Add veracityStatus: verified (or unverified/stale) to frontmatter. See checks.mdx §1.8.

ℹ️   v2/gateways/resources/reference/go-livepeer/prometheus-metrics.mdx — 1 info notice(s):

  [L1] MISSING_VERACITY_STATUS: status is "current" but veracityStatus is not set
        Fix: Add veracityStatus: verified (or unverified/stale) to frontmatter. See checks.mdx §1.8.

ℹ️   v2/gateways/resources/compendium/livepeer-exchanges.mdx — 1 info notice(s):

  [L1] MISSING_VERACITY_STATUS: status is "current" but veracityStatus is not set
        Fix: Add veracityStatus: verified (or unverified/stale) to frontmatter. See checks.mdx §1.8.

ℹ️   v2/gateways/resources/compendium/arbitrum-exchanges.mdx — 1 info notice(s):

  [L1] MISSING_VERACITY_STATUS: status is "current" but veracityStatus is not set
        Fix: Add veracityStatus: verified (or unverified/stale) to frontmatter. See checks.mdx §1.8.

ℹ️   v2/gateways/resources/compendium/arbitrum-rpc.mdx — 1 info notice(s):

  [L1] MISSING_VERACITY_STATUS: status is "current" but veracityStatus is not set
        Fix: Add veracityStatus: verified (or unverified/stale) to frontmatter. See checks.mdx §1.8.

ℹ️   v2/gateways/resources/knowledge-hub/guides.mdx — 1 info notice(s):

  [L1] MISSING_VERACITY_STATUS: status is "current" but veracityStatus is not set
        Fix: Add veracityStatus: verified (or unverified/stale) to frontmatter. See checks.mdx §1.8.

ℹ️   v2/gateways/resources/knowledge-hub/resources.mdx — 1 info notice(s):

  [L1] MISSING_VERACITY_STATUS: status is "current" but veracityStatus is not set
        Fix: Add veracityStatus: verified (or unverified/stale) to frontmatter. See checks.mdx §1.8.

ℹ️   v2/gateways/resources/knowledge-hub/help.mdx — 1 info notice(s):

  [L1] MISSING_VERACITY_STATUS: status is "current" but veracityStatus is not set
        Fix: Add veracityStatus: verified (or unverified/stale) to frontmatter. See checks.mdx §1.8.

⚠️   v2/orchestrators/portal.mdx — 2 structural warning(s):

  [L1] INVALID_PAGE_TYPE: pageType "landing" is not a canonical value
        Fix: "landing" is deprecated. Migrate to one of: navigation, concept, tutorial, guide, instruction, reference, resource. Check Frameworks.mdx §1.1 for the pageType + pageVariant required.
  [L1] INVALID_PURPOSE: purpose "landing" is not a canonical value
        Fix: "landing" is deprecated. Migrate to one of: orient, explain, choose, start, build, configure, operate, troubleshoot, optimise, integrate, verify, evaluate, reference, learn, update.

ℹ️   v2/orchestrators/portal.mdx — 1 info notice(s):

  [L1] MISSING_VERACITY_STATUS: status is "current" but veracityStatus is not set
        Fix: Add veracityStatus: verified (or unverified/stale) to frontmatter. See checks.mdx §1.8.

⚠️   v2/orchestrators/navigator.mdx — 2 structural warning(s):

  [L1] INVALID_PAGE_TYPE: pageType "landing" is not a canonical value
        Fix: "landing" is deprecated. Migrate to one of: navigation, concept, tutorial, guide, instruction, reference, resource. Check Frameworks.mdx §1.1 for the pageType + pageVariant required.
  [L1] INVALID_PURPOSE: purpose "orientation" is not a canonical value
        Fix: "orientation" is deprecated. Migrate to one of: orient, explain, choose, start, build, configure, operate, troubleshoot, optimise, integrate, verify, evaluate, reference, learn, update.

ℹ️   v2/orchestrators/navigator.mdx — 1 info notice(s):

  [L1] MISSING_VERACITY_STATUS: status is "current" but veracityStatus is not set
        Fix: Add veracityStatus: verified (or unverified/stale) to frontmatter. See checks.mdx §1.8.

ℹ️   v2/orchestrators/concepts/role.mdx — 1 info notice(s):

  [L1] MISSING_VERACITY_STATUS: status is "current" but veracityStatus is not set
        Fix: Add veracityStatus: verified (or unverified/stale) to frontmatter. See checks.mdx §1.8.

❌  v2/orchestrators/concepts/capabilities.mdx — 1 BLOCKING structural error(s):

  [L174] REVIEW_FLAG_RENDERED: Unresolved REVIEW flag in rendered content
        Fix: Resolve the REVIEW item or move the flag to a JSX comment outside the rendered tree.
        → "{/* REVIEW: Confirm pipeline list is complete and up-to-date with AI subnet - ch"

ℹ️   v2/orchestrators/concepts/capabilities.mdx — 1 info notice(s):

  [L1] MISSING_VERACITY_STATUS: status is "current" but veracityStatus is not set
        Fix: Add veracityStatus: verified (or unverified/stale) to frontmatter. See checks.mdx §1.8.

❌  v2/orchestrators/concepts/architecture.mdx — 2 BLOCKING structural error(s):

  [L210] REVIEW_FLAG_RENDERED: Unresolved REVIEW flag in rendered content
        Fix: Resolve the REVIEW item or move the flag to a JSX comment outside the rendered tree.
        → "{/* REVIEW: Confirm AIServiceRegistry detached-from-controller status is intenti"
  [L445] REVIEW_FLAG_RENDERED: Unresolved REVIEW flag in rendered content
        Fix: Resolve the REVIEW item or move the flag to a JSX comment outside the rendered tree.
        → "{/* REVIEW: Confirm AI Runner container lifecycle - are containers kept warm bet"

ℹ️   v2/orchestrators/concepts/architecture.mdx — 1 info notice(s):

  [L1] MISSING_VERACITY_STATUS: status is "current" but veracityStatus is not set
        Fix: Add veracityStatus: verified (or unverified/stale) to frontmatter. See checks.mdx §1.8.

❌  v2/orchestrators/concepts/incentive-model.mdx — 3 BLOCKING structural error(s):

  [L173] REVIEW_FLAG_RENDERED: Unresolved REVIEW flag in rendered content
        Fix: Resolve the REVIEW item or move the flag to a JSX comment outside the rendered tree.
        → "{/* REVIEW: Confirm fee cut mechanics - does 5% go to Orchestrator and 95% to de"
  [L276] REVIEW_FLAG_RENDERED: Unresolved REVIEW flag in rendered content
        Fix: Resolve the REVIEW item or move the flag to a JSX comment outside the rendered tree.
        → "{/* REVIEW: Add gas cost for reward calls once confirmed - reward calls on Arbit"
  [L329] REVIEW_FLAG_RENDERED: Unresolved REVIEW flag in rendered content
        Fix: Resolve the REVIEW item or move the flag to a JSX comment outside the rendered tree.
        → "{/* REVIEW: Link to commercial-orchestrators.mdx once written */}"

ℹ️   v2/orchestrators/concepts/incentive-model.mdx — 1 info notice(s):

  [L1] MISSING_VERACITY_STATUS: status is "current" but veracityStatus is not set
        Fix: Add veracityStatus: verified (or unverified/stale) to frontmatter. See checks.mdx §1.8.

❌  v2/orchestrators/quickstart/guide.mdx — 2 BLOCKING structural error(s):

  [L1] MISSING_FRONTMATTER: Missing required frontmatter field: "purpose"
        Fix: Add "purpose:" to the page frontmatter.
  [L28] REVIEW_FLAG_RENDERED: Unresolved REVIEW flag in rendered content
        Fix: Resolve the REVIEW item or move the flag to a JSX comment outside the rendered tree.
        → "{/* REVIEW: THIS SHOULD NOT BE IN QUICKSTART - BE VERBOSE ABOUT THE EASIEST SETU"

⚠️   v2/orchestrators/quickstart/guide.mdx — 1 structural warning(s):

  [L1] INVALID_PAGE_TYPE: pageType "overview" is not a canonical value
        Fix: "overview" is deprecated. Migrate to one of: navigation, concept, tutorial, guide, instruction, reference, resource. Check Frameworks.mdx §1.1 for the pageType + pageVariant required.

ℹ️   v2/orchestrators/quickstart/guide.mdx — 1 info notice(s):

  [L1] MISSING_VERACITY_STATUS: status is "current" but veracityStatus is not set
        Fix: Add veracityStatus: verified (or unverified/stale) to frontmatter. See checks.mdx §1.8.

❌  v2/orchestrators/quickstart/video-transcoding.mdx — 2 BLOCKING structural error(s):

  [L1] MISSING_FRONTMATTER: Missing required frontmatter field: "purpose"
        Fix: Add "purpose:" to the page frontmatter.
  [L1] MISSING_FRONTMATTER: Missing required frontmatter field: "lastVerified"
        Fix: Add "lastVerified:" to the page frontmatter.

⚠️   v2/orchestrators/quickstart/video-transcoding.mdx — 2 structural warning(s):

  [L1] INVALID_PAGE_TYPE: pageType "quickstart" is not a canonical value
        Fix: "quickstart" is deprecated. Migrate to one of: navigation, concept, tutorial, guide, instruction, reference, resource. Check Frameworks.mdx §1.1 for the pageType + pageVariant required.
  [L1] MISSING_STATUS: Missing status field
        Fix: Add a canonical status value to frontmatter.

❌  v2/orchestrators/quickstart/tutorial.mdx — 1 BLOCKING structural error(s):

  [L1] MISSING_FRONTMATTER: Missing required frontmatter field: "purpose"
        Fix: Add "purpose:" to the page frontmatter.

ℹ️   v2/orchestrators/quickstart/tutorial.mdx — 1 info notice(s):

  [L1] MISSING_VERACITY_STATUS: status is "current" but veracityStatus is not set
        Fix: Add veracityStatus: verified (or unverified/stale) to frontmatter. See checks.mdx §1.8.

❌  v2/orchestrators/quickstart/AI-prompt-start.mdx — 8 BLOCKING structural error(s):

  [L28] REVIEW_FLAG_RENDERED: Unresolved REVIEW flag in rendered content
        Fix: Resolve the REVIEW item or move the flag to a JSX comment outside the rendered tree.
        → "{/* REVIEW: THIS CONTENT DOESNT SEEM TO MATCH ITS PURPOSE */}"
  [L36] REVIEW_FLAG_RENDERED: Unresolved REVIEW flag in rendered content
        Fix: Resolve the REVIEW item or move the flag to a JSX comment outside the rendered tree.
        → "- go-livepeer is installed and running as a transcoding Orchestrator on Arbitrum"
  [L40] REVIEW_FLAG_RENDERED: Unresolved REVIEW flag in rendered content
        Fix: Resolve the REVIEW item or move the flag to a JSX comment outside the rendered tree.
        → "- Model weights pre-downloaded for the pipeline(s) you want to serve (see [Downl"
  [L82] REVIEW_FLAG_RENDERED: Unresolved REVIEW flag in rendered content
        Fix: Resolve the REVIEW item or move the flag to a JSX comment outside the rendered tree.
        → "If your GPU does not have enough free VRAM to run both transcoding and your chos"
  [L145] REVIEW_FLAG_RENDERED: Unresolved REVIEW flag in rendered content
        Fix: Resolve the REVIEW item or move the flag to a JSX comment outside the rendered tree.
        → "For recommended pricing per pipeline, see [Job Types](/v2/Orchestrators/guides/w"
  [L245] REVIEW_FLAG_RENDERED: Unresolved REVIEW flag in rendered content
        Fix: Resolve the REVIEW item or move the flag to a JSX comment outside the rendered tree.
        → "{/* REVIEW: confirm the exact livepeer_cli command to view advertised AI capabil"
  [L247] REVIEW_FLAG_RENDERED: Unresolved REVIEW flag in rendered content
        Fix: Resolve the REVIEW item or move the flag to a JSX comment outside the rendered tree.
        → "Your AI pipelines will appear in the [Livepeer Explorer](https://explorer.livepe"
  [L277] REVIEW_FLAG_RENDERED: Unresolved REVIEW flag in rendered content
        Fix: Resolve the REVIEW item or move the flag to a JSX comment outside the rendered tree.
        → "- [AI Pipeline Configuration](/v2/Orchestrators/guides/workloads-and-ai/ai-workl"

⚠️   v2/orchestrators/setup/guide.mdx — 2 structural warning(s):

  [L1] INVALID_PAGE_TYPE: pageType "overview" is not a canonical value
        Fix: "overview" is deprecated. Migrate to one of: navigation, concept, tutorial, guide, instruction, reference, resource. Check Frameworks.mdx §1.1 for the pageType + pageVariant required.
  [L1] INVALID_PURPOSE: purpose "guide" is not a canonical value
        Fix: "guide" is deprecated. Migrate to one of: orient, explain, choose, start, build, configure, operate, troubleshoot, optimise, integrate, verify, evaluate, reference, learn, update.

❌  v2/orchestrators/setup/prepare.mdx — 3 BLOCKING structural error(s):

  [L1] MISSING_FRONTMATTER: Missing required frontmatter field: "pageType"
        Fix: Add "pageType:" to the page frontmatter.
  [L1] MISSING_FRONTMATTER: Missing required frontmatter field: "purpose"
        Fix: Add "purpose:" to the page frontmatter.
  [L1] MISSING_FRONTMATTER: Missing required frontmatter field: "lastVerified"
        Fix: Add "lastVerified:" to the page frontmatter.

⚠️   v2/orchestrators/setup/prepare.mdx — 1 structural warning(s):

  [L1] MISSING_STATUS: Missing status field
        Fix: Add a canonical status value to frontmatter.

❌  v2/orchestrators/setup/install.mdx — 2 BLOCKING structural error(s):

  [L1] MISSING_FRONTMATTER: Missing required frontmatter field: "lastVerified"
        Fix: Add "lastVerified:" to the page frontmatter.
  [L157] REVIEW_FLAG_RENDERED: Unresolved REVIEW flag in rendered content
        Fix: Resolve the REVIEW item or move the flag to a JSX comment outside the rendered tree.
        → "{/* REVIEW: Confirm whether v0.8.9 source builds need any additional native pack"

⚠️   v2/orchestrators/setup/install.mdx — 2 structural warning(s):

  [L165] ACCORDION_ONLY_URL: URL only inside Accordion — may be a primary action gated behind interaction
        Fix: If this is a primary action URL, add it to body copy above the accordion.
        → "https://go.dev/dl/go1.25.0.linux-amd64.tar.gz"
  [L182] ACCORDION_ONLY_URL: URL only inside Accordion — may be a primary action gated behind interaction
        Fix: If this is a primary action URL, add it to body copy above the accordion.
        → "https://github.com/livepeer/go-livepeer.git"

ℹ️   v2/orchestrators/setup/install.mdx — 1 info notice(s):

  [L1] MISSING_VERACITY_STATUS: status is "current" but veracityStatus is not set
        Fix: Add veracityStatus: verified (or unverified/stale) to frontmatter. See checks.mdx §1.8.

❌  v2/orchestrators/setup/configure.mdx — 3 BLOCKING structural error(s):

  [L81] REVIEW_FLAG_RENDERED: Unresolved REVIEW flag in rendered content
        Fix: Resolve the REVIEW item or move the flag to a JSX comment outside the rendered tree.
        → "{/* REVIEW: Confirm current testnet network flag value - arbitrum-one-rinkeby is"
  [L447] REVIEW_FLAG_RENDERED: Unresolved REVIEW flag in rendered content
        Fix: Resolve the REVIEW item or move the flag to a JSX comment outside the rendered tree.
        → "{/* REVIEW: If the ETH passphrase is required at startup and the node runs as a "
  [L474] REVIEW_FLAG_RENDERED: Unresolved REVIEW flag in rendered content
        Fix: Resolve the REVIEW item or move the flag to a JSX comment outside the rendered tree.
        → "{/* REVIEW: Confirm whether a native -config flag was added to go-livepeer after"

⚠️   v2/orchestrators/setup/configure.mdx — 1 structural warning(s):

  [L1] INVALID_PAGE_TYPE: pageType "how_to" is not a canonical value
        Fix: "how_to" is deprecated. Migrate to one of: navigation, concept, tutorial, guide, instruction, reference, resource. Check Frameworks.mdx §1.1 for the pageType + pageVariant required.

ℹ️   v2/orchestrators/setup/configure.mdx — 1 info notice(s):

  [L1] MISSING_VERACITY_STATUS: status is "current" but veracityStatus is not set
        Fix: Add veracityStatus: verified (or unverified/stale) to frontmatter. See checks.mdx §1.8.

⚠️   v2/orchestrators/setup/connect.mdx — 1 structural warning(s):

  [L1] INVALID_PAGE_TYPE: pageType "how_to" is not a canonical value
        Fix: "how_to" is deprecated. Migrate to one of: navigation, concept, tutorial, guide, instruction, reference, resource. Check Frameworks.mdx §1.1 for the pageType + pageVariant required.

ℹ️   v2/orchestrators/setup/connect.mdx — 1 info notice(s):

  [L1] MISSING_VERACITY_STATUS: status is "current" but veracityStatus is not set
        Fix: Add veracityStatus: verified (or unverified/stale) to frontmatter. See checks.mdx §1.8.

⚠️   v2/orchestrators/setup/verify.mdx — 2 structural warning(s):

  [L1] INVALID_PAGE_TYPE: pageType "how_to" is not a canonical value
        Fix: "how_to" is deprecated. Migrate to one of: navigation, concept, tutorial, guide, instruction, reference, resource. Check Frameworks.mdx §1.1 for the pageType + pageVariant required.
  [L1] INVALID_PURPOSE: purpose "how_to" is not a canonical value
        Fix: "how_to" is deprecated. Migrate to one of: orient, explain, choose, start, build, configure, operate, troubleshoot, optimise, integrate, verify, evaluate, reference, learn, update.

ℹ️   v2/orchestrators/setup/verify.mdx — 1 info notice(s):

  [L1] MISSING_VERACITY_STATUS: status is "current" but veracityStatus is not set
        Fix: Add veracityStatus: verified (or unverified/stale) to frontmatter. See checks.mdx §1.8.

❌  v2/orchestrators/setup/monitor.mdx — 3 BLOCKING structural error(s):

  [L1] MISSING_FRONTMATTER: Missing required frontmatter field: "pageType"
        Fix: Add "pageType:" to the page frontmatter.
  [L1] MISSING_FRONTMATTER: Missing required frontmatter field: "purpose"
        Fix: Add "purpose:" to the page frontmatter.
  [L1] MISSING_FRONTMATTER: Missing required frontmatter field: "lastVerified"
        Fix: Add "lastVerified:" to the page frontmatter.

⚠️   v2/orchestrators/setup/monitor.mdx — 1 structural warning(s):

  [L1] MISSING_STATUS: Missing status field
        Fix: Add a canonical status value to frontmatter.

⚠️   v2/orchestrators/guides/operator-considerations/operator-rationale.mdx — 1 structural warning(s):

  [L1] INVALID_PURPOSE: purpose "evaluation" is not a canonical value
        Fix: "evaluation" is deprecated. Migrate to one of: orient, explain, choose, start, build, configure, operate, troubleshoot, optimise, integrate, verify, evaluate, reference, learn, update.

ℹ️   v2/orchestrators/guides/operator-considerations/operator-rationale.mdx — 1 info notice(s):

  [L1] MISSING_VERACITY_STATUS: status is "current" but veracityStatus is not set
        Fix: Add veracityStatus: verified (or unverified/stale) to frontmatter. See checks.mdx §1.8.

❌  v2/orchestrators/guides/operator-considerations/business-case.mdx — 3 BLOCKING structural error(s):

  [L179] REVIEW_FLAG_RENDERED: Unresolved REVIEW flag in rendered content
        Fix: Resolve the REVIEW item or move the flag to a JSX comment outside the rendered tree.
        → "{/* REVIEW: Do not add specific revenue numbers here without verified data from "
  [L268] REVIEW_FLAG_RENDERED: Unresolved REVIEW flag in rendered content
        Fix: Resolve the REVIEW item or move the flag to a JSX comment outside the rendered tree.
        → "{/* REVIEW: The following is general guidance; specific Gateway operator names o"
  [L356] REVIEW_FLAG_RENDERED: Unresolved REVIEW flag in rendered content
        Fix: Resolve the REVIEW item or move the flag to a JSX comment outside the rendered tree.
        → "{/* REVIEW: Add named pool operators here once confirmed with community - Titan-"

⚠️   v2/orchestrators/guides/operator-considerations/business-case.mdx — 3 structural warning(s):

  [L1] INVALID_PURPOSE: purpose "evaluation" is not a canonical value
        Fix: "evaluation" is deprecated. Migrate to one of: orient, explain, choose, start, build, configure, operate, troubleshoot, optimise, integrate, verify, evaluate, reference, learn, update.
  [L293] ACCORDION_ONLY_URL: URL only inside Accordion — may be a primary action gated behind interaction
        Fix: If this is a primary action URL, add it to body copy above the accordion.
        → "https://tools.livepeer.cloud/ai/network-capabilities"
  [L366] HEDGE_NOTE: Note component contains hedge language: "is evolving"
        Fix: Replace with a forward-pointing statement or remove the Note.
        → "The commercial orchestrator landscape is evolving. The [Livepeer Forum](https://"

ℹ️   v2/orchestrators/guides/operator-considerations/business-case.mdx — 1 info notice(s):

  [L1] MISSING_VERACITY_STATUS: status is "current" but veracityStatus is not set
        Fix: Add veracityStatus: verified (or unverified/stale) to frontmatter. See checks.mdx §1.8.

⚠️   v2/orchestrators/guides/operator-considerations/operator-impact.mdx — 1 structural warning(s):

  [L1] INVALID_PURPOSE: purpose "evaluation" is not a canonical value
        Fix: "evaluation" is deprecated. Migrate to one of: orient, explain, choose, start, build, configure, operate, troubleshoot, optimise, integrate, verify, evaluate, reference, learn, update.

ℹ️   v2/orchestrators/guides/operator-considerations/operator-impact.mdx — 1 info notice(s):

  [L1] MISSING_VERACITY_STATUS: status is "current" but veracityStatus is not set
        Fix: Add veracityStatus: verified (or unverified/stale) to frontmatter. See checks.mdx §1.8.

ℹ️   v2/orchestrators/guides/operator-considerations/requirements.mdx — 1 info notice(s):

  [L1] MISSING_VERACITY_STATUS: status is "current" but veracityStatus is not set
        Fix: Add veracityStatus: verified (or unverified/stale) to frontmatter. See checks.mdx §1.8.

⚠️   v2/orchestrators/guides/deployment-details/setup-options.mdx — 2 structural warning(s):

  [L1] INVALID_PAGE_TYPE: pageType "overview" is not a canonical value
        Fix: "overview" is deprecated. Migrate to one of: navigation, concept, tutorial, guide, instruction, reference, resource. Check Frameworks.mdx §1.1 for the pageType + pageVariant required.
  [L1] INVALID_PURPOSE: purpose "orientation" is not a canonical value
        Fix: "orientation" is deprecated. Migrate to one of: orient, explain, choose, start, build, configure, operate, troubleshoot, optimise, integrate, verify, evaluate, reference, learn, update.

ℹ️   v2/orchestrators/guides/deployment-details/setup-options.mdx — 1 info notice(s):

  [L1] MISSING_VERACITY_STATUS: status is "current" but veracityStatus is not set
        Fix: Add veracityStatus: verified (or unverified/stale) to frontmatter. See checks.mdx §1.8.

⚠️   v2/orchestrators/guides/deployment-details/siphon-setup.mdx — 1 structural warning(s):

  [L1] INVALID_PURPOSE: purpose "guide" is not a canonical value
        Fix: "guide" is deprecated. Migrate to one of: orient, explain, choose, start, build, configure, operate, troubleshoot, optimise, integrate, verify, evaluate, reference, learn, update.

ℹ️   v2/orchestrators/guides/deployment-details/siphon-setup.mdx — 1 info notice(s):

  [L1] MISSING_VERACITY_STATUS: status is "current" but veracityStatus is not set
        Fix: Add veracityStatus: verified (or unverified/stale) to frontmatter. See checks.mdx §1.8.

⚠️   v2/orchestrators/guides/deployment-details/dual-mode-configuration.mdx — 2 structural warning(s):

  [L1] INVALID_PAGE_TYPE: pageType "how_to" is not a canonical value
        Fix: "how_to" is deprecated. Migrate to one of: navigation, concept, tutorial, guide, instruction, reference, resource. Check Frameworks.mdx §1.1 for the pageType + pageVariant required.
  [L1] INVALID_PURPOSE: purpose "setup" is not a canonical value
        Fix: "setup" is deprecated. Migrate to one of: orient, explain, choose, start, build, configure, operate, troubleshoot, optimise, integrate, verify, evaluate, reference, learn, update.

⚠️   v2/orchestrators/guides/deployment-details/orchestrator-transcoder-setup.mdx — 3 structural warning(s):

  [L1] INVALID_PURPOSE: purpose "guide" is not a canonical value
        Fix: "guide" is deprecated. Migrate to one of: orient, explain, choose, start, build, configure, operate, troubleshoot, optimise, integrate, verify, evaluate, reference, learn, update.
  [L331] ACCORDION_ONLY_URL: URL only inside Accordion — may be a primary action gated behind interaction
        Fix: If this is a primary action URL, add it to body copy above the accordion.
        → "https://<orchestrator-host>:8935/status`"
  [L346] ACCORDION_ONLY_URL: URL only inside Accordion — may be a primary action gated behind interaction
        Fix: If this is a primary action URL, add it to body copy above the accordion.
        → "http://localhost:7935/metrics`"

ℹ️   v2/orchestrators/guides/deployment-details/orchestrator-transcoder-setup.mdx — 1 info notice(s):

  [L1] MISSING_VERACITY_STATUS: status is "current" but veracityStatus is not set
        Fix: Add veracityStatus: verified (or unverified/stale) to frontmatter. See checks.mdx §1.8.

❌  v2/orchestrators/guides/deployment-details/join-a-pool.mdx — 1 BLOCKING structural error(s):

  [L1] MISSING_FRONTMATTER: Missing required frontmatter field: "lastVerified"
        Fix: Add "lastVerified:" to the page frontmatter.

⚠️   v2/orchestrators/guides/deployment-details/join-a-pool.mdx — 5 structural warning(s):

  [L1] INVALID_PAGE_TYPE: pageType "quickstart" is not a canonical value
        Fix: "quickstart" is deprecated. Migrate to one of: navigation, concept, tutorial, guide, instruction, reference, resource. Check Frameworks.mdx §1.1 for the pageType + pageVariant required.
  [L1] INVALID_PURPOSE: purpose "faq" is not a canonical value
        Fix: "faq" is deprecated. Migrate to one of: orient, explain, choose, start, build, configure, operate, troubleshoot, optimise, integrate, verify, evaluate, reference, learn, update.
  [L1] MISSING_STATUS: Missing status field
        Fix: Add a canonical status value to frontmatter.
  [L68] ACCORDION_ONLY_URL: URL only inside Accordion — may be a primary action gated behind interaction
        Fix: If this is a primary action URL, add it to body copy above the accordion.
        → "https://discord.gg/livepeer"
  [L69] ACCORDION_ONLY_URL: URL only inside Accordion — may be a primary action gated behind interaction
        Fix: If this is a primary action URL, add it to body copy above the accordion.
        → "https://forum.livepeer.org"

⚠️   v2/orchestrators/guides/deployment-details/new-join-a-pool.mdx — 1 structural warning(s):

  [L1] INVALID_PURPOSE: purpose "guide" is not a canonical value
        Fix: "guide" is deprecated. Migrate to one of: orient, explain, choose, start, build, configure, operate, troubleshoot, optimise, integrate, verify, evaluate, reference, learn, update.

ℹ️   v2/orchestrators/guides/deployment-details/new-join-a-pool.mdx — 1 info notice(s):

  [L1] MISSING_VERACITY_STATUS: status is "current" but veracityStatus is not set
        Fix: Add veracityStatus: verified (or unverified/stale) to frontmatter. See checks.mdx §1.8.

⚠️   v2/orchestrators/guides/ai-and-job-workloads/video-transcoding-operations.mdx — 1 structural warning(s):

  [L1] INVALID_PURPOSE: purpose "guide" is not a canonical value
        Fix: "guide" is deprecated. Migrate to one of: orient, explain, choose, start, build, configure, operate, troubleshoot, optimise, integrate, verify, evaluate, reference, learn, update.

⚠️   v2/orchestrators/guides/ai-and-job-workloads/diffusion-pipeline-setup.mdx — 1 structural warning(s):

  [L1] INVALID_PURPOSE: purpose "guide" is not a canonical value
        Fix: "guide" is deprecated. Migrate to one of: orient, explain, choose, start, build, configure, operate, troubleshoot, optimise, integrate, verify, evaluate, reference, learn, update.

⚠️   v2/orchestrators/guides/ai-and-job-workloads/llm-pipeline-setup.mdx — 1 structural warning(s):

  [L1] INVALID_PAGE_TYPE: pageType "how_to" is not a canonical value
        Fix: "how_to" is deprecated. Migrate to one of: navigation, concept, tutorial, guide, instruction, reference, resource. Check Frameworks.mdx §1.1 for the pageType + pageVariant required.

⚠️   v2/orchestrators/guides/ai-and-job-workloads/realtime-ai-setup.mdx — 1 structural warning(s):

  [L1] INVALID_PURPOSE: purpose "guide" is not a canonical value
        Fix: "guide" is deprecated. Migrate to one of: orient, explain, choose, start, build, configure, operate, troubleshoot, optimise, integrate, verify, evaluate, reference, learn, update.

⚠️   v2/orchestrators/guides/ai-and-job-workloads/audio-and-vision-pipelines.mdx — 1 structural warning(s):

  [L1] INVALID_PAGE_TYPE: pageType "how_to" is not a canonical value
        Fix: "how_to" is deprecated. Migrate to one of: navigation, concept, tutorial, guide, instruction, reference, resource. Check Frameworks.mdx §1.1 for the pageType + pageVariant required.

⚠️   v2/orchestrators/guides/ai-and-job-workloads/model-hosting.mdx — 1 structural warning(s):

  [L1] INVALID_PAGE_TYPE: pageType "how_to" is not a canonical value
        Fix: "how_to" is deprecated. Migrate to one of: navigation, concept, tutorial, guide, instruction, reference, resource. Check Frameworks.mdx §1.1 for the pageType + pageVariant required.

⚠️   v2/orchestrators/guides/staking-and-rewards/reward-mechanics.mdx — 1 structural warning(s):

  [L1] INVALID_PURPOSE: purpose "guide" is not a canonical value
        Fix: "guide" is deprecated. Migrate to one of: orient, explain, choose, start, build, configure, operate, troubleshoot, optimise, integrate, verify, evaluate, reference, learn, update.

⚠️   v2/orchestrators/guides/staking-and-rewards/delegate-operations.mdx — 1 structural warning(s):

  [L1] INVALID_PURPOSE: purpose "guide" is not a canonical value
        Fix: "guide" is deprecated. Migrate to one of: orient, explain, choose, start, build, configure, operate, troubleshoot, optimise, integrate, verify, evaluate, reference, learn, update.

⚠️   v2/orchestrators/guides/staking-and-rewards/network-participation.mdx — 1 structural warning(s):

  [L1] INVALID_PURPOSE: purpose "guide" is not a canonical value
        Fix: "guide" is deprecated. Migrate to one of: orient, explain, choose, start, build, configure, operate, troubleshoot, optimise, integrate, verify, evaluate, reference, learn, update.

⚠️   v2/orchestrators/guides/config-and-optimisation/pricing-strategy.mdx — 1 structural warning(s):

  [L1] INVALID_PAGE_TYPE: pageType "how_to" is not a canonical value
        Fix: "how_to" is deprecated. Migrate to one of: navigation, concept, tutorial, guide, instruction, reference, resource. Check Frameworks.mdx §1.1 for the pageType + pageVariant required.

⚠️   v2/orchestrators/guides/config-and-optimisation/capacity-planning.mdx — 1 structural warning(s):

  [L1] INVALID_PAGE_TYPE: pageType "how_to" is not a canonical value
        Fix: "how_to" is deprecated. Migrate to one of: navigation, concept, tutorial, guide, instruction, reference, resource. Check Frameworks.mdx §1.1 for the pageType + pageVariant required.

⚠️   v2/orchestrators/guides/config-and-optimisation/ai-model-management.mdx — 1 structural warning(s):

  [L1] INVALID_PAGE_TYPE: pageType "how_to" is not a canonical value
        Fix: "how_to" is deprecated. Migrate to one of: navigation, concept, tutorial, guide, instruction, reference, resource. Check Frameworks.mdx §1.1 for the pageType + pageVariant required.

⚠️   v2/orchestrators/guides/config-and-optimisation/reward-call-tuning.mdx — 1 structural warning(s):

  [L1] INVALID_PAGE_TYPE: pageType "how_to" is not a canonical value
        Fix: "how_to" is deprecated. Migrate to one of: navigation, concept, tutorial, guide, instruction, reference, resource. Check Frameworks.mdx §1.1 for the pageType + pageVariant required.

ℹ️   v2/orchestrators/guides/config-and-optimisation/reward-call-tuning.mdx — 1 info notice(s):

  [L1] MISSING_VERACITY_STATUS: status is "current" but veracityStatus is not set
        Fix: Add veracityStatus: verified (or unverified/stale) to frontmatter. See checks.mdx §1.8.

⚠️   v2/orchestrators/guides/monitoring-and-tooling/explorer-operations.mdx — 1 structural warning(s):

  [L1] INVALID_PURPOSE: purpose "guide" is not a canonical value
        Fix: "guide" is deprecated. Migrate to one of: orient, explain, choose, start, build, configure, operate, troubleshoot, optimise, integrate, verify, evaluate, reference, learn, update.

⚠️   v2/orchestrators/guides/monitoring-and-tooling/metrics-and-alerting.mdx — 1 structural warning(s):

  [L1] INVALID_PURPOSE: purpose "guide" is not a canonical value
        Fix: "guide" is deprecated. Migrate to one of: orient, explain, choose, start, build, configure, operate, troubleshoot, optimise, integrate, verify, evaluate, reference, learn, update.

⚠️   v2/orchestrators/guides/monitoring-and-tooling/troubleshooting.mdx — 1 structural warning(s):

  [L1] INVALID_PURPOSE: purpose "guide" is not a canonical value
        Fix: "guide" is deprecated. Migrate to one of: orient, explain, choose, start, build, configure, operate, troubleshoot, optimise, integrate, verify, evaluate, reference, learn, update.

⚠️   v2/orchestrators/guides/advanced-operations/gateway-orchestrator-interface.mdx — 1 structural warning(s):

  [L1] INVALID_PAGE_TYPE: pageType "how_to" is not a canonical value
        Fix: "how_to" is deprecated. Migrate to one of: navigation, concept, tutorial, guide, instruction, reference, resource. Check Frameworks.mdx §1.1 for the pageType + pageVariant required.

⚠️   v2/orchestrators/guides/advanced-operations/pool-operators.mdx — 1 structural warning(s):

  [L1] INVALID_PURPOSE: purpose "guide" is not a canonical value
        Fix: "guide" is deprecated. Migrate to one of: orient, explain, choose, start, build, configure, operate, troubleshoot, optimise, integrate, verify, evaluate, reference, learn, update.

❌  v2/orchestrators/guides/roadmap-and-funding/funding-and-support.mdx — 1 BLOCKING structural error(s):

  [L1] MISSING_FRONTMATTER: Missing required frontmatter field: "purpose"
        Fix: Add "purpose:" to the page frontmatter.

❌  v2/orchestrators/guides/roadmap-and-funding/orchestrator-profiles.mdx — 1 BLOCKING structural error(s):

  [L1] MISSING_FRONTMATTER: Missing required frontmatter field: "purpose"
        Fix: Add "purpose:" to the page frontmatter.

ℹ️   v2/orchestrators/guides/tutorials/byoc-cpu-smoke-test.mdx — 1 info notice(s):

  [L1] MISSING_VERACITY_STATUS: status is "current" but veracityStatus is not set
        Fix: Add veracityStatus: verified (or unverified/stale) to frontmatter. See checks.mdx §1.8.

ℹ️   v2/orchestrators/guides/tutorials/zero-to-first-reward.mdx — 1 info notice(s):

  [L1] MISSING_VERACITY_STATUS: status is "current" but veracityStatus is not set
        Fix: Add veracityStatus: verified (or unverified/stale) to frontmatter. See checks.mdx §1.8.

ℹ️   v2/orchestrators/guides/tutorials/ai-earning-quickstart.mdx — 1 info notice(s):

  [L1] MISSING_VERACITY_STATUS: status is "current" but veracityStatus is not set
        Fix: Add veracityStatus: verified (or unverified/stale) to frontmatter. See checks.mdx §1.8.

ℹ️   v2/orchestrators/guides/tutorials/add-ai-to-video-node.mdx — 1 info notice(s):

  [L1] MISSING_VERACITY_STATUS: status is "current" but veracityStatus is not set
        Fix: Add veracityStatus: verified (or unverified/stale) to frontmatter. See checks.mdx §1.8.

ℹ️   v2/orchestrators/guides/tutorials/full-ai-pipeline-tutorial.mdx — 1 info notice(s):

  [L1] MISSING_VERACITY_STATUS: status is "current" but veracityStatus is not set
        Fix: Add veracityStatus: verified (or unverified/stale) to frontmatter. See checks.mdx §1.8.

ℹ️   v2/orchestrators/guides/tutorials/realtime-ai-tutorial.mdx — 1 info notice(s):

  [L1] MISSING_VERACITY_STATUS: status is "current" but veracityStatus is not set
        Fix: Add veracityStatus: verified (or unverified/stale) to frontmatter. See checks.mdx §1.8.

⚠️   v2/orchestrators/resources/glossary.mdx — 1 structural warning(s):

  [L1] INVALID_AUDIENCE: audience "orchestrator-operator" is not a canonical token
        Fix: Use one of: founder, builder, developer, gateway, orchestrator, delegator, community.

⚠️   v2/orchestrators/resources/reference/faq.mdx — 1 structural warning(s):

  [L1] INVALID_PURPOSE: purpose "faq" is not a canonical value
        Fix: "faq" is deprecated. Migrate to one of: orient, explain, choose, start, build, configure, operate, troubleshoot, optimise, integrate, verify, evaluate, reference, learn, update.

❌  v2/orchestrators/resources/operator-terms.mdx — 5 BLOCKING structural error(s):

  [L132] REVIEW_FLAG_RENDERED: Unresolved REVIEW flag in rendered content
        Fix: Resolve the REVIEW item or move the flag to a JSX comment outside the rendered tree.
        → "{/* REVIEW: Confirm whether dual mode requires any additional flags beyond combi"
  [L189] REVIEW_FLAG_RENDERED: Unresolved REVIEW flag in rendered content
        Fix: Resolve the REVIEW item or move the flag to a JSX comment outside the rendered tree.
        → "{/* REVIEW: Confirm current active set size. Historically top-100. */}"
  [L199] REVIEW_FLAG_RENDERED: Unresolved REVIEW flag in rendered content
        Fix: Resolve the REVIEW item or move the flag to a JSX comment outside the rendered tree.
        → "{/* REVIEW: Confirm current gas cost range for reward calls on Arbitrum. */}"
  [L207] REVIEW_FLAG_RENDERED: Unresolved REVIEW flag in rendered content
        Fix: Resolve the REVIEW item or move the flag to a JSX comment outside the rendered tree.
        → "{/* REVIEW: Confirm whether fee cut is still called "fee cut" in the current Exp"
  [L249] REVIEW_FLAG_RENDERED: Unresolved REVIEW flag in rendered content
        Fix: Resolve the REVIEW item or move the flag to a JSX comment outside the rendered tree.
        → "{/* REVIEW: Confirm warm-per-GPU limit is still accurate. */}"

ℹ️   v2/orchestrators/resources/operator-terms.mdx — 1 info notice(s):

  [L1] MISSING_VERACITY_STATUS: status is "current" but veracityStatus is not set
        Fix: Add veracityStatus: verified (or unverified/stale) to frontmatter. See checks.mdx §1.8.

⚠️   v2/orchestrators/resources/reference/technical/contract-addresses.mdx — 2 structural warning(s):

  [L1] INVALID_AUDIENCE: audience "general" is not a canonical token
        Fix: Use one of: founder, builder, developer, gateway, orchestrator, delegator, community.
  [L1] MISSING_STATUS: Missing status field
        Fix: Add a canonical status value to frontmatter.

ℹ️   v2/orchestrators/resources/reference/arbitrum-rpc.mdx — 1 info notice(s):

  [L1] MISSING_VERACITY_STATUS: status is "current" but veracityStatus is not set
        Fix: Add veracityStatus: verified (or unverified/stale) to frontmatter. See checks.mdx §1.8.

ℹ️   v2/orchestrators/resources/reference/arbitrum-exchanges.mdx — 1 info notice(s):

  [L1] MISSING_VERACITY_STATUS: status is "current" but veracityStatus is not set
        Fix: Add veracityStatus: verified (or unverified/stale) to frontmatter. See checks.mdx §1.8.

⚠️   v2/delegators/portal.mdx — 1 structural warning(s):

  [L1] MISSING_STATUS: Missing status field
        Fix: Add a canonical status value to frontmatter.

⚠️   v2/delegators/concepts/overview.mdx — 1 structural warning(s):

  [L1] MISSING_STATUS: Missing status field
        Fix: Add a canonical status value to frontmatter.

⚠️   v2/delegators/concepts/purpose.mdx — 1 structural warning(s):

  [L1] MISSING_STATUS: Missing status field
        Fix: Add a canonical status value to frontmatter.

⚠️   v2/delegators/concepts/tokenomics.mdx — 1 structural warning(s):

  [L1] MISSING_STATUS: Missing status field
        Fix: Add a canonical status value to frontmatter.

⚠️   v2/delegators/concepts/mechanics.mdx — 1 structural warning(s):

  [L1] MISSING_STATUS: Missing status field
        Fix: Add a canonical status value to frontmatter.

ℹ️   v2/delegators/delegation/overview.mdx — 1 info notice(s):

  [L1] MISSING_VERACITY_STATUS: status is "current" but veracityStatus is not set
        Fix: Add veracityStatus: verified (or unverified/stale) to frontmatter. See checks.mdx §1.8.

ℹ️   v2/delegators/delegation/about-delegation.mdx — 1 info notice(s):

  [L1] MISSING_VERACITY_STATUS: status is "current" but veracityStatus is not set
        Fix: Add veracityStatus: verified (or unverified/stale) to frontmatter. See checks.mdx §1.8.

ℹ️   v2/delegators/delegation/bridge-lpt-to-arbitrum.mdx — 1 info notice(s):

  [L1] MISSING_VERACITY_STATUS: status is "current" but veracityStatus is not set
        Fix: Add veracityStatus: verified (or unverified/stale) to frontmatter. See checks.mdx §1.8.

ℹ️   v2/delegators/delegation/delegation-economics.mdx — 1 info notice(s):

  [L1] MISSING_VERACITY_STATUS: status is "current" but veracityStatus is not set
        Fix: Add veracityStatus: verified (or unverified/stale) to frontmatter. See checks.mdx §1.8.

ℹ️   v2/delegators/delegation/choose-an-orchestrator.mdx — 1 info notice(s):

  [L1] MISSING_VERACITY_STATUS: status is "current" but veracityStatus is not set
        Fix: Add veracityStatus: verified (or unverified/stale) to frontmatter. See checks.mdx §1.8.

ℹ️   v2/delegators/delegation/delegate-your-lpt.mdx — 1 info notice(s):

  [L1] MISSING_VERACITY_STATUS: status is "current" but veracityStatus is not set
        Fix: Add veracityStatus: verified (or unverified/stale) to frontmatter. See checks.mdx §1.8.

ℹ️   v2/delegators/delegation/manage-your-delegation.mdx — 1 info notice(s):

  [L1] MISSING_VERACITY_STATUS: status is "current" but veracityStatus is not set
        Fix: Add veracityStatus: verified (or unverified/stale) to frontmatter. See checks.mdx §1.8.

⚠️   v2/delegators/guides/governance/overview.mdx — 1 structural warning(s):

  [L1] MISSING_STATUS: Missing status field
        Fix: Add a canonical status value to frontmatter.

⚠️   v2/delegators/guides/governance/model.mdx — 1 structural warning(s):

  [L1] MISSING_STATUS: Missing status field
        Fix: Add a canonical status value to frontmatter.

⚠️   v2/delegators/guides/governance/processes.mdx — 1 structural warning(s):

  [L1] MISSING_STATUS: Missing status field
        Fix: Add a canonical status value to frontmatter.

⚠️   v2/delegators/guides/treasury/overview.mdx — 1 structural warning(s):

  [L1] MISSING_STATUS: Missing status field
        Fix: Add a canonical status value to frontmatter.

⚠️   v2/delegators/guides/treasury/proposals.mdx — 1 structural warning(s):

  [L1] MISSING_STATUS: Missing status field
        Fix: Add a canonical status value to frontmatter.

⚠️   v2/delegators/guides/treasury/allocations.mdx — 1 structural warning(s):

  [L1] MISSING_STATUS: Missing status field
        Fix: Add a canonical status value to frontmatter.

ℹ️   v2/delegators/resources/glossary.mdx — 1 info notice(s):

  [L1] MISSING_VERACITY_STATUS: status is "current" but veracityStatus is not set
        Fix: Add veracityStatus: verified (or unverified/stale) to frontmatter. See checks.mdx §1.8.

ℹ️   v2/delegators/resources/reference/protocol-parameters.mdx — 1 info notice(s):

  [L1] MISSING_VERACITY_STATUS: status is "current" but veracityStatus is not set
        Fix: Add veracityStatus: verified (or unverified/stale) to frontmatter. See checks.mdx §1.8.

ℹ️   v2/delegators/resources/reference/contracts.mdx — 1 info notice(s):

  [L1] MISSING_VERACITY_STATUS: status is "current" but veracityStatus is not set
        Fix: Add veracityStatus: verified (or unverified/stale) to frontmatter. See checks.mdx §1.8.

⚠️   v2/delegators/resources/compendium/exchanges.mdx — 2 structural warning(s):

  [L1] INVALID_AUDIENCE: audience "delegators" is not a canonical token
        Fix: Use one of: founder, builder, developer, gateway, orchestrator, delegator, community.
  [L1] MISSING_STATUS: Missing status field
        Fix: Add a canonical status value to frontmatter.

⚠️   v2/delegators/resources/compendium/lpt-eth-usage.mdx — 1 structural warning(s):

  [L1] MISSING_STATUS: Missing status field
        Fix: Add a canonical status value to frontmatter.

⚠️   v2/delegators/resources/knowledge-hub/delegator-videos-and-blogs.mdx — 1 structural warning(s):

  [L1] MISSING_STATUS: Missing status field
        Fix: Add a canonical status value to frontmatter.

⚠️   v2/community/portal.mdx — 3 structural warning(s):

  [L1] INVALID_PAGE_TYPE: pageType "landing" is not a canonical value
        Fix: "landing" is deprecated. Migrate to one of: navigation, concept, tutorial, guide, instruction, reference, resource. Check Frameworks.mdx §1.1 for the pageType + pageVariant required.
  [L1] INVALID_PURPOSE: purpose "landing" is not a canonical value
        Fix: "landing" is deprecated. Migrate to one of: orient, explain, choose, start, build, configure, operate, troubleshoot, optimise, integrate, verify, evaluate, reference, learn, update.
  [L1] MISSING_STATUS: Missing status field
        Fix: Add a canonical status value to frontmatter.

ℹ️   v2/community/navigator.mdx — 1 info notice(s):

  [L1] MISSING_VERACITY_STATUS: status is "current" but veracityStatus is not set
        Fix: Add veracityStatus: verified (or unverified/stale) to frontmatter. See checks.mdx §1.8.

⚠️   v2/community/ecosystem/organisations.mdx — 3 structural warning(s):

  [L1] INVALID_AUDIENCE: audience "everyone" is not a canonical token
        Fix: Use one of: founder, builder, developer, gateway, orchestrator, delegator, community.
  [L1] INVALID_PURPOSE: purpose "concept" is not a canonical value
        Fix: "concept" is deprecated. Migrate to one of: orient, explain, choose, start, build, configure, operate, troubleshoot, optimise, integrate, verify, evaluate, reference, learn, update.
  [L1] MISSING_STATUS: Missing status field
        Fix: Add a canonical status value to frontmatter.

⚠️   v2/community/ecosystem/ecosystem.mdx — 3 structural warning(s):

  [L1] INVALID_AUDIENCE: audience "everyone" is not a canonical token
        Fix: Use one of: founder, builder, developer, gateway, orchestrator, delegator, community.
  [L1] INVALID_PURPOSE: purpose "concept" is not a canonical value
        Fix: "concept" is deprecated. Migrate to one of: orient, explain, choose, start, build, configure, operate, troubleshoot, optimise, integrate, verify, evaluate, reference, learn, update.
  [L1] MISSING_STATUS: Missing status field
        Fix: Add a canonical status value to frontmatter.

⚠️   v2/community/ecosystem/partners.mdx — 3 structural warning(s):

  [L1] INVALID_AUDIENCE: audience "everyone" is not a canonical token
        Fix: Use one of: founder, builder, developer, gateway, orchestrator, delegator, community.
  [L1] INVALID_PURPOSE: purpose "concept" is not a canonical value
        Fix: "concept" is deprecated. Migrate to one of: orient, explain, choose, start, build, configure, operate, troubleshoot, optimise, integrate, verify, evaluate, reference, learn, update.
  [L1] MISSING_STATUS: Missing status field
        Fix: Add a canonical status value to frontmatter.

ℹ️   v2/community/ecosystem/spes.mdx — 1 info notice(s):

  [L1] MISSING_VERACITY_STATUS: status is "current" but veracityStatus is not set
        Fix: Add veracityStatus: verified (or unverified/stale) to frontmatter. See checks.mdx §1.8.

⚠️   v2/community/ecosystem/showcase.mdx — 4 structural warning(s):

  [L1] INVALID_PAGE_TYPE: pageType "overview" is not a canonical value
        Fix: "overview" is deprecated. Migrate to one of: navigation, concept, tutorial, guide, instruction, reference, resource. Check Frameworks.mdx §1.1 for the pageType + pageVariant required.
  [L1] INVALID_AUDIENCE: audience "everyone" is not a canonical token
        Fix: Use one of: founder, builder, developer, gateway, orchestrator, delegator, community.
  [L1] INVALID_PURPOSE: purpose "overview" is not a canonical value
        Fix: "overview" is deprecated. Migrate to one of: orient, explain, choose, start, build, configure, operate, troubleshoot, optimise, integrate, verify, evaluate, reference, learn, update.
  [L1] MISSING_STATUS: Missing status field
        Fix: Add a canonical status value to frontmatter.

⚠️   v2/community/ecosystem/roadmap.mdx — 4 structural warning(s):

  [L1] INVALID_PAGE_TYPE: pageType "overview" is not a canonical value
        Fix: "overview" is deprecated. Migrate to one of: navigation, concept, tutorial, guide, instruction, reference, resource. Check Frameworks.mdx §1.1 for the pageType + pageVariant required.
  [L1] INVALID_AUDIENCE: audience "everyone" is not a canonical token
        Fix: Use one of: founder, builder, developer, gateway, orchestrator, delegator, community.
  [L1] INVALID_PURPOSE: purpose "overview" is not a canonical value
        Fix: "overview" is deprecated. Migrate to one of: orient, explain, choose, start, build, configure, operate, troubleshoot, optimise, integrate, verify, evaluate, reference, learn, update.
  [L1] MISSING_STATUS: Missing status field
        Fix: Add a canonical status value to frontmatter.

⚠️   v2/community/connect/trending-topics.mdx — 3 structural warning(s):

  [L1] INVALID_PAGE_TYPE: pageType "landing" is not a canonical value
        Fix: "landing" is deprecated. Migrate to one of: navigation, concept, tutorial, guide, instruction, reference, resource. Check Frameworks.mdx §1.1 for the pageType + pageVariant required.
  [L1] INVALID_PURPOSE: purpose "landing" is not a canonical value
        Fix: "landing" is deprecated. Migrate to one of: orient, explain, choose, start, build, configure, operate, troubleshoot, optimise, integrate, verify, evaluate, reference, learn, update.
  [L1] MISSING_STATUS: Missing status field
        Fix: Add a canonical status value to frontmatter.

❌  v2/community/connect/connect-channels.mdx — 1 BLOCKING structural error(s):

  [L1] MISSING_FRONTMATTER: Missing required frontmatter field: "audience"
        Fix: Add "audience:" to the page frontmatter.

⚠️   v2/community/connect/connect-channels.mdx — 1 structural warning(s):

  [L1] INVALID_PURPOSE: purpose "concept" is not a canonical value
        Fix: "concept" is deprecated. Migrate to one of: orient, explain, choose, start, build, configure, operate, troubleshoot, optimise, integrate, verify, evaluate, reference, learn, update.

⚠️   v2/community/connect/events-and-streams.mdx — 2 structural warning(s):

  [L1] INVALID_AUDIENCE: audience "everyone" is not a canonical token
        Fix: Use one of: founder, builder, developer, gateway, orchestrator, delegator, community.
  [L1] INVALID_PURPOSE: purpose "operations" is not a canonical value
        Fix: "operations" is deprecated. Migrate to one of: orient, explain, choose, start, build, configure, operate, troubleshoot, optimise, integrate, verify, evaluate, reference, learn, update.

⚠️   v2/community/contribute/opportunities.mdx — 1 structural warning(s):

  [L1] INVALID_PURPOSE: purpose "operations" is not a canonical value
        Fix: "operations" is deprecated. Migrate to one of: orient, explain, choose, start, build, configure, operate, troubleshoot, optimise, integrate, verify, evaluate, reference, learn, update.

⚠️   v2/community/contribute/contribute.mdx — 3 structural warning(s):

  [L1] INVALID_PAGE_TYPE: pageType "landing" is not a canonical value
        Fix: "landing" is deprecated. Migrate to one of: navigation, concept, tutorial, guide, instruction, reference, resource. Check Frameworks.mdx §1.1 for the pageType + pageVariant required.
  [L1] INVALID_PURPOSE: purpose "landing" is not a canonical value
        Fix: "landing" is deprecated. Migrate to one of: orient, explain, choose, start, build, configure, operate, troubleshoot, optimise, integrate, verify, evaluate, reference, learn, update.
  [L1] MISSING_STATUS: Missing status field
        Fix: Add a canonical status value to frontmatter.

⚠️   v2/community/contribute/build-livepeer.mdx — 1 structural warning(s):

  [L1] INVALID_PURPOSE: purpose "operations" is not a canonical value
        Fix: "operations" is deprecated. Migrate to one of: orient, explain, choose, start, build, configure, operate, troubleshoot, optimise, integrate, verify, evaluate, reference, learn, update.

⚠️   v2/community/guides/guidelines.mdx — 2 structural warning(s):

  [L1] INVALID_AUDIENCE: audience "everyone" is not a canonical token
        Fix: Use one of: founder, builder, developer, gateway, orchestrator, delegator, community.
  [L1] INVALID_PURPOSE: purpose "concept" is not a canonical value
        Fix: "concept" is deprecated. Migrate to one of: orient, explain, choose, start, build, configure, operate, troubleshoot, optimise, integrate, verify, evaluate, reference, learn, update.

❌  v2/community/resources/awesome-livepeer.mdx — 1 BLOCKING structural error(s):

  [L1] MISSING_FRONTMATTER: Missing required frontmatter field: "audience"
        Fix: Add "audience:" to the page frontmatter.

⚠️   v2/community/resources/awesome-livepeer.mdx — 1 structural warning(s):

  [L1] INVALID_PURPOSE: purpose "concept" is not a canonical value
        Fix: "concept" is deprecated. Migrate to one of: orient, explain, choose, start, build, configure, operate, troubleshoot, optimise, integrate, verify, evaluate, reference, learn, update.

❌  v2/community/resources/guides.mdx — 1 BLOCKING structural error(s):

  [L1] MISSING_FRONTMATTER: Missing required frontmatter field: "audience"
        Fix: Add "audience:" to the page frontmatter.

⚠️   v2/community/resources/guides.mdx — 1 structural warning(s):

  [L1] INVALID_PURPOSE: purpose "concept" is not a canonical value
        Fix: "concept" is deprecated. Migrate to one of: orient, explain, choose, start, build, configure, operate, troubleshoot, optimise, integrate, verify, evaluate, reference, learn, update.

⚠️   v2/community/resources/dashboards.mdx — 1 structural warning(s):

  [L1] INVALID_AUDIENCE: audience "everyone" is not a canonical token
        Fix: Use one of: founder, builder, developer, gateway, orchestrator, delegator, community.

⚠️   v2/community/resources/glossary.mdx — 1 structural warning(s):

  [L1] INVALID_AUDIENCE: audience "everyone" is not a canonical token
        Fix: Use one of: founder, builder, developer, gateway, orchestrator, delegator, community.

❌  v2/community/resources/compendium/media-kit.mdx — 4 BLOCKING structural error(s):

  [L1] MISSING_FRONTMATTER: Missing required frontmatter field: "pageType"
        Fix: Add "pageType:" to the page frontmatter.
  [L1] MISSING_FRONTMATTER: Missing required frontmatter field: "audience"
        Fix: Add "audience:" to the page frontmatter.
  [L1] MISSING_FRONTMATTER: Missing required frontmatter field: "purpose"
        Fix: Add "purpose:" to the page frontmatter.
  [L1] MISSING_FRONTMATTER: Missing required frontmatter field: "lastVerified"
        Fix: Add "lastVerified:" to the page frontmatter.

⚠️   v2/community/resources/compendium/media-kit.mdx — 1 structural warning(s):

  [L1] MISSING_STATUS: Missing status field
        Fix: Add a canonical status value to frontmatter.

❌  v2/community/resources/faq.mdx — 1 BLOCKING structural error(s):

  [L1] MISSING_FRONTMATTER: Missing required frontmatter field: "audience"
        Fix: Add "audience:" to the page frontmatter.

⚠️   v2/community/resources/faq.mdx — 1 structural warning(s):

  [L1] INVALID_PURPOSE: purpose "faq" is not a canonical value
        Fix: "faq" is deprecated. Migrate to one of: orient, explain, choose, start, build, configure, operate, troubleshoot, optimise, integrate, verify, evaluate, reference, learn, update.

ℹ️   v2/resources/references/protocol-parameters.mdx — 1 info notice(s):

  [L1] MISSING_VERACITY_STATUS: status is "current" but veracityStatus is not set
        Fix: Add veracityStatus: verified (or unverified/stale) to frontmatter. See checks.mdx §1.8.

❌  v2/gateways/resources/reference/technical/api-reference/AI-Worker/ai-worker-api.mdx — 1 BLOCKING structural error(s):

  [L1] MISSING_FRONTMATTER: Missing required frontmatter field: "lastVerified"
        Fix: Add "lastVerified:" to the page frontmatter.

ℹ️   v2/gateways/resources/reference/technical/api-reference/AI-Worker/ai-worker-api.mdx — 1 info notice(s):

  [L1] MISSING_VERACITY_STATUS: status is "current" but veracityStatus is not set
        Fix: Add veracityStatus: verified (or unverified/stale) to frontmatter. See checks.mdx §1.8.

❌  v2/gateways/resources/reference/technical/api-reference/CLI-HTTP/status.mdx — 1 BLOCKING structural error(s):

  [L1] MISSING_FRONTMATTER: Missing required frontmatter field: "lastVerified"
        Fix: Add "lastVerified:" to the page frontmatter.

ℹ️   v2/gateways/resources/reference/technical/api-reference/CLI-HTTP/status.mdx — 1 info notice(s):

  [L1] MISSING_VERACITY_STATUS: status is "current" but veracityStatus is not set
        Fix: Add veracityStatus: verified (or unverified/stale) to frontmatter. See checks.mdx §1.8.

❌  v2/gateways/resources/reference/technical/api-reference/CLI-HTTP/bond.mdx — 1 BLOCKING structural error(s):

  [L1] MISSING_FRONTMATTER: Missing required frontmatter field: "lastVerified"
        Fix: Add "lastVerified:" to the page frontmatter.

ℹ️   v2/gateways/resources/reference/technical/api-reference/CLI-HTTP/bond.mdx — 1 info notice(s):

  [L1] MISSING_VERACITY_STATUS: status is "current" but veracityStatus is not set
        Fix: Add veracityStatus: verified (or unverified/stale) to frontmatter. See checks.mdx §1.8.

❌  v2/gateways/resources/reference/technical/api-reference/CLI-HTTP/registeredorchestrators.mdx — 1 BLOCKING structural error(s):

  [L1] MISSING_FRONTMATTER: Missing required frontmatter field: "lastVerified"
        Fix: Add "lastVerified:" to the page frontmatter.

ℹ️   v2/gateways/resources/reference/technical/api-reference/CLI-HTTP/registeredorchestrators.mdx — 1 info notice(s):

  [L1] MISSING_VERACITY_STATUS: status is "current" but veracityStatus is not set
        Fix: Add veracityStatus: verified (or unverified/stale) to frontmatter. See checks.mdx §1.8.

❌  v2/gateways/resources/reference/technical/api-reference/CLI-HTTP/protocolparameters.mdx — 1 BLOCKING structural error(s):

  [L1] MISSING_FRONTMATTER: Missing required frontmatter field: "lastVerified"
        Fix: Add "lastVerified:" to the page frontmatter.

ℹ️   v2/gateways/resources/reference/technical/api-reference/CLI-HTTP/protocolparameters.mdx — 1 info notice(s):

  [L1] MISSING_VERACITY_STATUS: status is "current" but veracityStatus is not set
        Fix: Add veracityStatus: verified (or unverified/stale) to frontmatter. See checks.mdx §1.8.

ℹ️   v2/resources/references/go-livepeer/cli-reference.mdx — 1 info notice(s):

  [L1] MISSING_VERACITY_STATUS: status is "current" but veracityStatus is not set
        Fix: Add veracityStatus: verified (or unverified/stale) to frontmatter. See checks.mdx §1.8.

ℹ️   v2/resources/references/go-livepeer/cli-commands.mdx — 1 info notice(s):

  [L1] MISSING_VERACITY_STATUS: status is "current" but veracityStatus is not set
        Fix: Add veracityStatus: verified (or unverified/stale) to frontmatter. See checks.mdx §1.8.

ℹ️   v2/resources/references/go-livepeer/configuration-flags.mdx — 1 info notice(s):

  [L1] MISSING_VERACITY_STATUS: status is "current" but veracityStatus is not set
        Fix: Add veracityStatus: verified (or unverified/stale) to frontmatter. See checks.mdx §1.8.

ℹ️   v2/resources/references/go-livepeer/prometheus-metrics.mdx — 1 info notice(s):

  [L1] MISSING_VERACITY_STATUS: status is "current" but veracityStatus is not set
        Fix: Add veracityStatus: verified (or unverified/stale) to frontmatter. See checks.mdx §1.8.

ℹ️   v2/resources/references/go-livepeer/hardware-requirements.mdx — 1 info notice(s):

  [L1] MISSING_VERACITY_STATUS: status is "current" but veracityStatus is not set
        Fix: Add veracityStatus: verified (or unverified/stale) to frontmatter. See checks.mdx §1.8.

ℹ️   v2/resources/references/go-livepeer/bandwidth-requirements.mdx — 1 info notice(s):

  [L1] MISSING_VERACITY_STATUS: status is "current" but veracityStatus is not set
        Fix: Add veracityStatus: verified (or unverified/stale) to frontmatter. See checks.mdx §1.8.

ℹ️   v2/resources/references/go-livepeer/technical-architecture.mdx — 1 info notice(s):

  [L1] MISSING_VERACITY_STATUS: status is "current" but veracityStatus is not set
        Fix: Add veracityStatus: verified (or unverified/stale) to frontmatter. See checks.mdx §1.8.

❌  v2/resources/references/apis-sdks/apis.mdx — 1 BLOCKING structural error(s):

  [L1] MISSING_FRONTMATTER: Missing required frontmatter field: "purpose"
        Fix: Add "purpose:" to the page frontmatter.

ℹ️   v2/resources/references/apis-sdks/apis.mdx — 1 info notice(s):

  [L1] MISSING_VERACITY_STATUS: status is "current" but veracityStatus is not set
        Fix: Add veracityStatus: verified (or unverified/stale) to frontmatter. See checks.mdx §1.8.

❌  v2/resources/references/apis-sdks/sdks.mdx — 1 BLOCKING structural error(s):

  [L1] MISSING_FRONTMATTER: Missing required frontmatter field: "purpose"
        Fix: Add "purpose:" to the page frontmatter.

ℹ️   v2/resources/references/apis-sdks/sdks.mdx — 1 info notice(s):

  [L1] MISSING_VERACITY_STATUS: status is "current" but veracityStatus is not set
        Fix: Add veracityStatus: verified (or unverified/stale) to frontmatter. See checks.mdx §1.8.

ℹ️   v2/resources/references/apis-sdks/pytrickle-reference.mdx — 1 info notice(s):

  [L1] MISSING_VERACITY_STATUS: status is "current" but veracityStatus is not set
        Fix: Add veracityStatus: verified (or unverified/stale) to frontmatter. See checks.mdx §1.8.

❌  v2/resources/references/apis-sdks/pricing-rate-limits.mdx — 1 BLOCKING structural error(s):

  [L1] MISSING_FRONTMATTER: Missing required frontmatter field: "purpose"
        Fix: Add "purpose:" to the page frontmatter.

ℹ️   v2/resources/references/apis-sdks/pricing-rate-limits.mdx — 1 info notice(s):

  [L1] MISSING_VERACITY_STATUS: status is "current" but veracityStatus is not set
        Fix: Add veracityStatus: verified (or unverified/stale) to frontmatter. See checks.mdx §1.8.

⚠️   v2/about/resources/reference/technical-roadmap.mdx — 2 structural warning(s):

  [L1] INVALID_AUDIENCE: audience "general" is not a canonical token
        Fix: Use one of: founder, builder, developer, gateway, orchestrator, delegator, community.
  [L1] MISSING_STATUS: Missing status field
        Fix: Add a canonical status value to frontmatter.

⚠️   v2/resources/references/network-data/actors.mdx — 2 structural warning(s):

  [L1] INVALID_AUDIENCE: audience "general" is not a canonical token
        Fix: Use one of: founder, builder, developer, gateway, orchestrator, delegator, community.
  [L1] MISSING_STATUS: Missing status field
        Fix: Add a canonical status value to frontmatter.

ℹ️   v2/resources/references/network-data/arbitrum-rpc.mdx — 1 info notice(s):

  [L1] MISSING_VERACITY_STATUS: status is "current" but veracityStatus is not set
        Fix: Add veracityStatus: verified (or unverified/stale) to frontmatter. See checks.mdx §1.8.

ℹ️   v2/resources/references/network-data/arbitrum-exchanges.mdx — 1 info notice(s):

  [L1] MISSING_VERACITY_STATUS: status is "current" but veracityStatus is not set
        Fix: Add veracityStatus: verified (or unverified/stale) to frontmatter. See checks.mdx §1.8.

ℹ️   v2/resources/references/network-data/livepeer-exchanges.mdx — 1 info notice(s):

  [L1] MISSING_VERACITY_STATUS: status is "current" but veracityStatus is not set
        Fix: Add veracityStatus: verified (or unverified/stale) to frontmatter. See checks.mdx §1.8.

❌  v2/resources/references/network-data/orchestrator-offerings.mdx — 1 BLOCKING structural error(s):

  [L1] MISSING_FRONTMATTER: Missing required frontmatter field: "lastVerified"
        Fix: Add "lastVerified:" to the page frontmatter.

ℹ️   v2/resources/references/network-data/orchestrator-offerings.mdx — 1 info notice(s):

  [L1] MISSING_VERACITY_STATUS: status is "current" but veracityStatus is not set
        Fix: Add veracityStatus: verified (or unverified/stale) to frontmatter. See checks.mdx §1.8.

⚠️   v2/resources/references/network-data/dashboards.mdx — 1 structural warning(s):

  [L1] INVALID_AUDIENCE: audience "everyone" is not a canonical token
        Fix: Use one of: founder, builder, developer, gateway, orchestrator, delegator, community.

⚠️   v2/resources/resource-hub-terms.mdx — 1 structural warning(s):

  [L1] INVALID_AUDIENCE: audience "everyone" is not a canonical token
        Fix: Use one of: founder, builder, developer, gateway, orchestrator, delegator, community.

⚠️   v2/resources/help-center.mdx — 3 structural warning(s):

  [L1] INVALID_AUDIENCE: audience "everyone" is not a canonical token
        Fix: Use one of: founder, builder, developer, gateway, orchestrator, delegator, community.
  [L1] INVALID_PURPOSE: purpose "navigation" is not a canonical value
        Fix: "navigation" is deprecated. Migrate to one of: orient, explain, choose, start, build, configure, operate, troubleshoot, optimise, integrate, verify, evaluate, reference, learn, update.
  [L1] MISSING_STATUS: Missing status field
        Fix: Add a canonical status value to frontmatter.

❌  v2/resources/compendium/media-kit.mdx — 4 BLOCKING structural error(s):

  [L1] MISSING_FRONTMATTER: Missing required frontmatter field: "pageType"
        Fix: Add "pageType:" to the page frontmatter.
  [L1] MISSING_FRONTMATTER: Missing required frontmatter field: "audience"
        Fix: Add "audience:" to the page frontmatter.
  [L1] MISSING_FRONTMATTER: Missing required frontmatter field: "purpose"
        Fix: Add "purpose:" to the page frontmatter.
  [L1] MISSING_FRONTMATTER: Missing required frontmatter field: "lastVerified"
        Fix: Add "lastVerified:" to the page frontmatter.

⚠️   v2/resources/compendium/media-kit.mdx — 1 structural warning(s):

  [L1] MISSING_STATUS: Missing status field
        Fix: Add a canonical status value to frontmatter.

⚠️   v2/resources/faq.mdx — 1 structural warning(s):

  [L1] INVALID_AUDIENCE: audience "everyone" is not a canonical token
        Fix: Use one of: founder, builder, developer, gateway, orchestrator, delegator, community.

⚠️   v2/resources/guides.mdx — 1 structural warning(s):

  [L1] INVALID_AUDIENCE: audience "everyone" is not a canonical token
        Fix: Use one of: founder, builder, developer, gateway, orchestrator, delegator, community.

⚠️   v2/resources/troubleshooting.mdx — 1 structural warning(s):

  [L1] INVALID_AUDIENCE: audience "everyone" is not a canonical token
        Fix: Use one of: founder, builder, developer, gateway, orchestrator, delegator, community.

⚠️   v2/resources/knowledge-hub/livepeer-whitepaper.mdx — 2 structural warning(s):

  [L1] INVALID_AUDIENCE: audience "general" is not a canonical token
        Fix: Use one of: founder, builder, developer, gateway, orchestrator, delegator, community.
  [L1] MISSING_STATUS: Missing status field
        Fix: Add a canonical status value to frontmatter.

❌  v2/resources/concepts/livepeer-101.mdx — 4 BLOCKING structural error(s):

  [L1] MISSING_FRONTMATTER: Missing required frontmatter field: "pageType"
        Fix: Add "pageType:" to the page frontmatter.
  [L1] MISSING_FRONTMATTER: Missing required frontmatter field: "audience"
        Fix: Add "audience:" to the page frontmatter.
  [L1] MISSING_FRONTMATTER: Missing required frontmatter field: "purpose"
        Fix: Add "purpose:" to the page frontmatter.
  [L1] MISSING_FRONTMATTER: Missing required frontmatter field: "lastVerified"
        Fix: Add "lastVerified:" to the page frontmatter.

⚠️   v2/resources/concepts/livepeer-101.mdx — 1 structural warning(s):

  [L1] MISSING_STATUS: Missing status field
        Fix: Add a canonical status value to frontmatter.

❌  v2/resources/concepts/brief-history-of-video.mdx — 4 BLOCKING structural error(s):

  [L1] MISSING_FRONTMATTER: Missing required frontmatter field: "pageType"
        Fix: Add "pageType:" to the page frontmatter.
  [L1] MISSING_FRONTMATTER: Missing required frontmatter field: "audience"
        Fix: Add "audience:" to the page frontmatter.
  [L1] MISSING_FRONTMATTER: Missing required frontmatter field: "purpose"
        Fix: Add "purpose:" to the page frontmatter.
  [L1] MISSING_FRONTMATTER: Missing required frontmatter field: "lastVerified"
        Fix: Add "lastVerified:" to the page frontmatter.

⚠️   v2/resources/concepts/brief-history-of-video.mdx — 1 structural warning(s):

  [L1] MISSING_STATUS: Missing status field
        Fix: Add a canonical status value to frontmatter.

❌  v2/resources/knowledge-hub/gateways-vs-orchestrators.mdx — 3 BLOCKING structural error(s):

  [L1] MISSING_FRONTMATTER: Missing required frontmatter field: "pageType"
        Fix: Add "pageType:" to the page frontmatter.
  [L1] MISSING_FRONTMATTER: Missing required frontmatter field: "purpose"
        Fix: Add "purpose:" to the page frontmatter.
  [L1] MISSING_FRONTMATTER: Missing required frontmatter field: "lastVerified"
        Fix: Add "lastVerified:" to the page frontmatter.

⚠️   v2/resources/knowledge-hub/gateways-vs-orchestrators.mdx — 1 structural warning(s):

  [L1] MISSING_STATUS: Missing status field
        Fix: Add a canonical status value to frontmatter.

⚠️   v2/resources/changelog/changelog.mdx — 4 structural warning(s):

  [L1] INVALID_PAGE_TYPE: pageType "changelog" is not a canonical value
        Fix: "changelog" is deprecated. Migrate to one of: navigation, concept, tutorial, guide, instruction, reference, resource. Check Frameworks.mdx §1.1 for the pageType + pageVariant required.
  [L1] INVALID_AUDIENCE: audience "everyone" is not a canonical token
        Fix: Use one of: founder, builder, developer, gateway, orchestrator, delegator, community.
  [L1] INVALID_PURPOSE: purpose "changelog" is not a canonical value
        Fix: "changelog" is deprecated. Migrate to one of: orient, explain, choose, start, build, configure, operate, troubleshoot, optimise, integrate, verify, evaluate, reference, learn, update.
  [L1] MISSING_STATUS: Missing status field
        Fix: Add a canonical status value to frontmatter.

⚠️   v2/resources/changelog/docs.mdx — 4 structural warning(s):

  [L1] INVALID_PAGE_TYPE: pageType "changelog" is not a canonical value
        Fix: "changelog" is deprecated. Migrate to one of: navigation, concept, tutorial, guide, instruction, reference, resource. Check Frameworks.mdx §1.1 for the pageType + pageVariant required.
  [L1] INVALID_AUDIENCE: audience "everyone" is not a canonical token
        Fix: Use one of: founder, builder, developer, gateway, orchestrator, delegator, community.
  [L1] INVALID_PURPOSE: purpose "changelog" is not a canonical value
        Fix: "changelog" is deprecated. Migrate to one of: orient, explain, choose, start, build, configure, operate, troubleshoot, optimise, integrate, verify, evaluate, reference, learn, update.
  [L1] MISSING_STATUS: Missing status field
        Fix: Add a canonical status value to frontmatter.

⚠️   v2/resources/changelog/migration-guide.mdx — 3 structural warning(s):

  [L1] INVALID_AUDIENCE: audience "everyone" is not a canonical token
        Fix: Use one of: founder, builder, developer, gateway, orchestrator, delegator, community.
  [L1] INVALID_PURPOSE: purpose "operations" is not a canonical value
        Fix: "operations" is deprecated. Migrate to one of: orient, explain, choose, start, build, configure, operate, troubleshoot, optimise, integrate, verify, evaluate, reference, learn, update.
  [L1] MISSING_STATUS: Missing status field
        Fix: Add a canonical status value to frontmatter.

⚠️   v2/resources/changelog/protocol/go-livepeer.mdx — 4 structural warning(s):

  [L1] INVALID_PAGE_TYPE: pageType "changelog" is not a canonical value
        Fix: "changelog" is deprecated. Migrate to one of: navigation, concept, tutorial, guide, instruction, reference, resource. Check Frameworks.mdx §1.1 for the pageType + pageVariant required.
  [L1] INVALID_AUDIENCE: audience "everyone" is not a canonical token
        Fix: Use one of: founder, builder, developer, gateway, orchestrator, delegator, community.
  [L1] INVALID_PURPOSE: purpose "changelog" is not a canonical value
        Fix: "changelog" is deprecated. Migrate to one of: orient, explain, choose, start, build, configure, operate, troubleshoot, optimise, integrate, verify, evaluate, reference, learn, update.
  [L1] MISSING_STATUS: Missing status field
        Fix: Add a canonical status value to frontmatter.

⚠️   v2/resources/changelog/protocol/lips.mdx — 4 structural warning(s):

  [L1] INVALID_PAGE_TYPE: pageType "changelog" is not a canonical value
        Fix: "changelog" is deprecated. Migrate to one of: navigation, concept, tutorial, guide, instruction, reference, resource. Check Frameworks.mdx §1.1 for the pageType + pageVariant required.
  [L1] INVALID_AUDIENCE: audience "everyone" is not a canonical token
        Fix: Use one of: founder, builder, developer, gateway, orchestrator, delegator, community.
  [L1] INVALID_PURPOSE: purpose "changelog" is not a canonical value
        Fix: "changelog" is deprecated. Migrate to one of: orient, explain, choose, start, build, configure, operate, troubleshoot, optimise, integrate, verify, evaluate, reference, learn, update.
  [L1] MISSING_STATUS: Missing status field
        Fix: Add a canonical status value to frontmatter.

⚠️   v2/resources/changelog/protocol/naap.mdx — 3 structural warning(s):

  [L1] INVALID_PAGE_TYPE: pageType "changelog" is not a canonical value
        Fix: "changelog" is deprecated. Migrate to one of: navigation, concept, tutorial, guide, instruction, reference, resource. Check Frameworks.mdx §1.1 for the pageType + pageVariant required.
  [L1] INVALID_PURPOSE: purpose "changelog" is not a canonical value
        Fix: "changelog" is deprecated. Migrate to one of: orient, explain, choose, start, build, configure, operate, troubleshoot, optimise, integrate, verify, evaluate, reference, learn, update.
  [L1] MISSING_STATUS: Missing status field
        Fix: Add a canonical status value to frontmatter.

⚠️   v2/resources/changelog/protocol/subgraph.mdx — 3 structural warning(s):

  [L1] INVALID_PAGE_TYPE: pageType "changelog" is not a canonical value
        Fix: "changelog" is deprecated. Migrate to one of: navigation, concept, tutorial, guide, instruction, reference, resource. Check Frameworks.mdx §1.1 for the pageType + pageVariant required.
  [L1] INVALID_PURPOSE: purpose "changelog" is not a canonical value
        Fix: "changelog" is deprecated. Migrate to one of: orient, explain, choose, start, build, configure, operate, troubleshoot, optimise, integrate, verify, evaluate, reference, learn, update.
  [L1] MISSING_STATUS: Missing status field
        Fix: Add a canonical status value to frontmatter.

⚠️   v2/resources/changelog/ai-compute/ai-runner.mdx — 4 structural warning(s):

  [L1] INVALID_PAGE_TYPE: pageType "changelog" is not a canonical value
        Fix: "changelog" is deprecated. Migrate to one of: navigation, concept, tutorial, guide, instruction, reference, resource. Check Frameworks.mdx §1.1 for the pageType + pageVariant required.
  [L1] INVALID_AUDIENCE: audience "everyone" is not a canonical token
        Fix: Use one of: founder, builder, developer, gateway, orchestrator, delegator, community.
  [L1] INVALID_PURPOSE: purpose "changelog" is not a canonical value
        Fix: "changelog" is deprecated. Migrate to one of: orient, explain, choose, start, build, configure, operate, troubleshoot, optimise, integrate, verify, evaluate, reference, learn, update.
  [L1] MISSING_STATUS: Missing status field
        Fix: Add a canonical status value to frontmatter.

⚠️   v2/resources/changelog/ai-compute/comfystream.mdx — 3 structural warning(s):

  [L1] INVALID_PAGE_TYPE: pageType "changelog" is not a canonical value
        Fix: "changelog" is deprecated. Migrate to one of: navigation, concept, tutorial, guide, instruction, reference, resource. Check Frameworks.mdx §1.1 for the pageType + pageVariant required.
  [L1] INVALID_PURPOSE: purpose "changelog" is not a canonical value
        Fix: "changelog" is deprecated. Migrate to one of: orient, explain, choose, start, build, configure, operate, troubleshoot, optimise, integrate, verify, evaluate, reference, learn, update.
  [L1] MISSING_STATUS: Missing status field
        Fix: Add a canonical status value to frontmatter.

⚠️   v2/resources/changelog/ai-compute/pytrickle.mdx — 3 structural warning(s):

  [L1] INVALID_PAGE_TYPE: pageType "changelog" is not a canonical value
        Fix: "changelog" is deprecated. Migrate to one of: navigation, concept, tutorial, guide, instruction, reference, resource. Check Frameworks.mdx §1.1 for the pageType + pageVariant required.
  [L1] INVALID_PURPOSE: purpose "changelog" is not a canonical value
        Fix: "changelog" is deprecated. Migrate to one of: orient, explain, choose, start, build, configure, operate, troubleshoot, optimise, integrate, verify, evaluate, reference, learn, update.
  [L1] MISSING_STATUS: Missing status field
        Fix: Add a canonical status value to frontmatter.

⚠️   v2/resources/changelog/apis-sdks/livepeer-js.mdx — 3 structural warning(s):

  [L1] INVALID_PAGE_TYPE: pageType "changelog" is not a canonical value
        Fix: "changelog" is deprecated. Migrate to one of: navigation, concept, tutorial, guide, instruction, reference, resource. Check Frameworks.mdx §1.1 for the pageType + pageVariant required.
  [L1] INVALID_PURPOSE: purpose "changelog" is not a canonical value
        Fix: "changelog" is deprecated. Migrate to one of: orient, explain, choose, start, build, configure, operate, troubleshoot, optimise, integrate, verify, evaluate, reference, learn, update.
  [L1] MISSING_STATUS: Missing status field
        Fix: Add a canonical status value to frontmatter.

⚠️   v2/resources/changelog/apis-sdks/livepeer-ai-js.mdx — 3 structural warning(s):

  [L1] INVALID_PAGE_TYPE: pageType "changelog" is not a canonical value
        Fix: "changelog" is deprecated. Migrate to one of: navigation, concept, tutorial, guide, instruction, reference, resource. Check Frameworks.mdx §1.1 for the pageType + pageVariant required.
  [L1] INVALID_PURPOSE: purpose "changelog" is not a canonical value
        Fix: "changelog" is deprecated. Migrate to one of: orient, explain, choose, start, build, configure, operate, troubleshoot, optimise, integrate, verify, evaluate, reference, learn, update.
  [L1] MISSING_STATUS: Missing status field
        Fix: Add a canonical status value to frontmatter.

⚠️   v2/resources/changelog/apis-sdks/livepeer-python.mdx — 3 structural warning(s):

  [L1] INVALID_PAGE_TYPE: pageType "changelog" is not a canonical value
        Fix: "changelog" is deprecated. Migrate to one of: navigation, concept, tutorial, guide, instruction, reference, resource. Check Frameworks.mdx §1.1 for the pageType + pageVariant required.
  [L1] INVALID_PURPOSE: purpose "changelog" is not a canonical value
        Fix: "changelog" is deprecated. Migrate to one of: orient, explain, choose, start, build, configure, operate, troubleshoot, optimise, integrate, verify, evaluate, reference, learn, update.
  [L1] MISSING_STATUS: Missing status field
        Fix: Add a canonical status value to frontmatter.

⚠️   v2/resources/changelog/apis-sdks/livepeer-ai-python.mdx — 3 structural warning(s):

  [L1] INVALID_PAGE_TYPE: pageType "changelog" is not a canonical value
        Fix: "changelog" is deprecated. Migrate to one of: navigation, concept, tutorial, guide, instruction, reference, resource. Check Frameworks.mdx §1.1 for the pageType + pageVariant required.
  [L1] INVALID_PURPOSE: purpose "changelog" is not a canonical value
        Fix: "changelog" is deprecated. Migrate to one of: orient, explain, choose, start, build, configure, operate, troubleshoot, optimise, integrate, verify, evaluate, reference, learn, update.
  [L1] MISSING_STATUS: Missing status field
        Fix: Add a canonical status value to frontmatter.

⚠️   v2/resources/changelog/apis-sdks/livepeer-ai-go.mdx — 3 structural warning(s):

  [L1] INVALID_PAGE_TYPE: pageType "changelog" is not a canonical value
        Fix: "changelog" is deprecated. Migrate to one of: navigation, concept, tutorial, guide, instruction, reference, resource. Check Frameworks.mdx §1.1 for the pageType + pageVariant required.
  [L1] INVALID_PURPOSE: purpose "changelog" is not a canonical value
        Fix: "changelog" is deprecated. Migrate to one of: orient, explain, choose, start, build, configure, operate, troubleshoot, optimise, integrate, verify, evaluate, reference, learn, update.
  [L1] MISSING_STATUS: Missing status field
        Fix: Add a canonical status value to frontmatter.

⚠️   v2/resources/changelog/tooling/explorer.mdx — 4 structural warning(s):

  [L1] INVALID_PAGE_TYPE: pageType "changelog" is not a canonical value
        Fix: "changelog" is deprecated. Migrate to one of: navigation, concept, tutorial, guide, instruction, reference, resource. Check Frameworks.mdx §1.1 for the pageType + pageVariant required.
  [L1] INVALID_AUDIENCE: audience "everyone" is not a canonical token
        Fix: Use one of: founder, builder, developer, gateway, orchestrator, delegator, community.
  [L1] INVALID_PURPOSE: purpose "changelog" is not a canonical value
        Fix: "changelog" is deprecated. Migrate to one of: orient, explain, choose, start, build, configure, operate, troubleshoot, optimise, integrate, verify, evaluate, reference, learn, update.
  [L1] MISSING_STATUS: Missing status field
        Fix: Add a canonical status value to frontmatter.

⚠️   v2/resources/changelog/tooling/livepeer-data.mdx — 3 structural warning(s):

  [L1] INVALID_PAGE_TYPE: pageType "changelog" is not a canonical value
        Fix: "changelog" is deprecated. Migrate to one of: navigation, concept, tutorial, guide, instruction, reference, resource. Check Frameworks.mdx §1.1 for the pageType + pageVariant required.
  [L1] INVALID_PURPOSE: purpose "changelog" is not a canonical value
        Fix: "changelog" is deprecated. Migrate to one of: orient, explain, choose, start, build, configure, operate, troubleshoot, optimise, integrate, verify, evaluate, reference, learn, update.
  [L1] MISSING_STATUS: Missing status field
        Fix: Add a canonical status value to frontmatter.

⚠️   v2/resources/changelog/tooling/livepeer-python-gateway.mdx — 3 structural warning(s):

  [L1] INVALID_PAGE_TYPE: pageType "changelog" is not a canonical value
        Fix: "changelog" is deprecated. Migrate to one of: navigation, concept, tutorial, guide, instruction, reference, resource. Check Frameworks.mdx §1.1 for the pageType + pageVariant required.
  [L1] INVALID_PURPOSE: purpose "changelog" is not a canonical value
        Fix: "changelog" is deprecated. Migrate to one of: orient, explain, choose, start, build, configure, operate, troubleshoot, optimise, integrate, verify, evaluate, reference, learn, update.
  [L1] MISSING_STATUS: Missing status field
        Fix: Add a canonical status value to frontmatter.

⚠️   v2/resources/changelog/ecosystem/website.mdx — 4 structural warning(s):

  [L1] INVALID_PAGE_TYPE: pageType "changelog" is not a canonical value
        Fix: "changelog" is deprecated. Migrate to one of: navigation, concept, tutorial, guide, instruction, reference, resource. Check Frameworks.mdx §1.1 for the pageType + pageVariant required.
  [L1] INVALID_AUDIENCE: audience "everyone" is not a canonical token
        Fix: Use one of: founder, builder, developer, gateway, orchestrator, delegator, community.
  [L1] INVALID_PURPOSE: purpose "changelog" is not a canonical value
        Fix: "changelog" is deprecated. Migrate to one of: orient, explain, choose, start, build, configure, operate, troubleshoot, optimise, integrate, verify, evaluate, reference, learn, update.
  [L1] MISSING_STATUS: Missing status field
        Fix: Add a canonical status value to frontmatter.

⚠️   v2/resources/changelog/ecosystem/awesome-livepeer.mdx — 4 structural warning(s):

  [L1] INVALID_PAGE_TYPE: pageType "changelog" is not a canonical value
        Fix: "changelog" is deprecated. Migrate to one of: navigation, concept, tutorial, guide, instruction, reference, resource. Check Frameworks.mdx §1.1 for the pageType + pageVariant required.
  [L1] INVALID_AUDIENCE: audience "everyone" is not a canonical token
        Fix: Use one of: founder, builder, developer, gateway, orchestrator, delegator, community.
  [L1] INVALID_PURPOSE: purpose "changelog" is not a canonical value
        Fix: "changelog" is deprecated. Migrate to one of: orient, explain, choose, start, build, configure, operate, troubleshoot, optimise, integrate, verify, evaluate, reference, learn, update.
  [L1] MISSING_STATUS: Missing status field
        Fix: Add a canonical status value to frontmatter.

⚠️   v2/resources/documentation-guide/documentation-overview.mdx — 3 structural warning(s):

  [L1] INVALID_AUDIENCE: audience "everyone" is not a canonical token
        Fix: Use one of: founder, builder, developer, gateway, orchestrator, delegator, community.
  [L1] INVALID_PURPOSE: purpose "overview" is not a canonical value
        Fix: "overview" is deprecated. Migrate to one of: orient, explain, choose, start, build, configure, operate, troubleshoot, optimise, integrate, verify, evaluate, reference, learn, update.
  [L1] MISSING_STATUS: Missing status field
        Fix: Add a canonical status value to frontmatter.

⚠️   v2/resources/documentation-guide/documentation-guide.mdx — 3 structural warning(s):

  [L1] INVALID_AUDIENCE: audience "everyone" is not a canonical token
        Fix: Use one of: founder, builder, developer, gateway, orchestrator, delegator, community.
  [L1] INVALID_PURPOSE: purpose "operations" is not a canonical value
        Fix: "operations" is deprecated. Migrate to one of: orient, explain, choose, start, build, configure, operate, troubleshoot, optimise, integrate, verify, evaluate, reference, learn, update.
  [L1] MISSING_STATUS: Missing status field
        Fix: Add a canonical status value to frontmatter.

⚠️   v2/resources/documentation-guide/contributing/contribute-to-the-docs.mdx — 3 structural warning(s):

  [L1] INVALID_PAGE_TYPE: pageType "how_to" is not a canonical value
        Fix: "how_to" is deprecated. Migrate to one of: navigation, concept, tutorial, guide, instruction, reference, resource. Check Frameworks.mdx §1.1 for the pageType + pageVariant required.
  [L1] INVALID_AUDIENCE: audience "everyone" is not a canonical token
        Fix: Use one of: founder, builder, developer, gateway, orchestrator, delegator, community.
  [L1] INVALID_PURPOSE: purpose "how_to" is not a canonical value
        Fix: "how_to" is deprecated. Migrate to one of: orient, explain, choose, start, build, configure, operate, troubleshoot, optimise, integrate, verify, evaluate, reference, learn, update.

ℹ️   v2/resources/documentation-guide/contributing/contribute-to-the-docs.mdx — 1 info notice(s):

  [L1] MISSING_VERACITY_STATUS: status is "current" but veracityStatus is not set
        Fix: Add veracityStatus: verified (or unverified/stale) to frontmatter. See checks.mdx §1.8.

⚠️   v2/resources/documentation-guide/features/docs-features-and-ai-integrations.mdx — 3 structural warning(s):

  [L1] INVALID_AUDIENCE: audience "everyone" is not a canonical token
        Fix: Use one of: founder, builder, developer, gateway, orchestrator, delegator, community.
  [L1] INVALID_PURPOSE: purpose "concept" is not a canonical value
        Fix: "concept" is deprecated. Migrate to one of: orient, explain, choose, start, build, configure, operate, troubleshoot, optimise, integrate, verify, evaluate, reference, learn, update.
  [L1] MISSING_STATUS: Missing status field
        Fix: Add a canonical status value to frontmatter.

⚠️   v2/resources/documentation-guide/ai-automations/ai-features.mdx — 3 structural warning(s):

  [L1] INVALID_AUDIENCE: audience "everyone" is not a canonical token
        Fix: Use one of: founder, builder, developer, gateway, orchestrator, delegator, community.
  [L1] INVALID_PURPOSE: purpose "concept" is not a canonical value
        Fix: "concept" is deprecated. Migrate to one of: orient, explain, choose, start, build, configure, operate, troubleshoot, optimise, integrate, verify, evaluate, reference, learn, update.
  [L1] MISSING_STATUS: Missing status field
        Fix: Add a canonical status value to frontmatter.

⚠️   v2/resources/documentation-guide/ai-automations/automations-workflows.mdx — 3 structural warning(s):

  [L1] INVALID_AUDIENCE: audience "everyone" is not a canonical token
        Fix: Use one of: founder, builder, developer, gateway, orchestrator, delegator, community.
  [L1] INVALID_PURPOSE: purpose "concept" is not a canonical value
        Fix: "concept" is deprecated. Migrate to one of: orient, explain, choose, start, build, configure, operate, troubleshoot, optimise, integrate, verify, evaluate, reference, learn, update.
  [L1] MISSING_STATUS: Missing status field
        Fix: Add a canonical status value to frontmatter.

⚠️   v2/resources/documentation-guide/ai-automations/research-and-fact-checking.mdx — 2 structural warning(s):

  [L1] INVALID_PAGE_TYPE: pageType "how_to" is not a canonical value
        Fix: "how_to" is deprecated. Migrate to one of: navigation, concept, tutorial, guide, instruction, reference, resource. Check Frameworks.mdx §1.1 for the pageType + pageVariant required.
  [L1] INVALID_PURPOSE: purpose "how_to" is not a canonical value
        Fix: "how_to" is deprecated. Migrate to one of: orient, explain, choose, start, build, configure, operate, troubleshoot, optimise, integrate, verify, evaluate, reference, learn, update.

ℹ️   v2/resources/documentation-guide/ai-automations/research-and-fact-checking.mdx — 1 info notice(s):

  [L1] MISSING_VERACITY_STATUS: status is "current" but veracityStatus is not set
        Fix: Add veracityStatus: verified (or unverified/stale) to frontmatter. See checks.mdx §1.8.

⚠️   v2/resources/documentation-guide/copy-style/style-guide.mdx — 3 structural warning(s):

  [L1] INVALID_AUDIENCE: audience "everyone" is not a canonical token
        Fix: Use one of: founder, builder, developer, gateway, orchestrator, delegator, community.
  [L1] INVALID_PURPOSE: purpose "operations" is not a canonical value
        Fix: "operations" is deprecated. Migrate to one of: orient, explain, choose, start, build, configure, operate, troubleshoot, optimise, integrate, verify, evaluate, reference, learn, update.
  [L1] MISSING_STATUS: Missing status field
        Fix: Add a canonical status value to frontmatter.

❌  v2/resources/documentation-guide/copy-style/authoring-guide.mdx — 2 BLOCKING structural error(s):

  [L1] MISSING_FRONTMATTER: Missing required frontmatter field: "audience"
        Fix: Add "audience:" to the page frontmatter.
  [L1] MISSING_FRONTMATTER: Missing required frontmatter field: "lastVerified"
        Fix: Add "lastVerified:" to the page frontmatter.

ℹ️   v2/resources/documentation-guide/copy-style/authoring-guide.mdx — 1 info notice(s):

  [L1] MISSING_VERACITY_STATUS: status is "current" but veracityStatus is not set
        Fix: Add veracityStatus: verified (or unverified/stale) to frontmatter. See checks.mdx §1.8.

❌  v2/resources/documentation-guide/copy-style/authoring-standard.mdx — 2 BLOCKING structural error(s):

  [L1] MISSING_FRONTMATTER: Missing required frontmatter field: "pageType"
        Fix: Add "pageType:" to the page frontmatter.
  [L1] MISSING_FRONTMATTER: Missing required frontmatter field: "lastVerified"
        Fix: Add "lastVerified:" to the page frontmatter.

⚠️   v2/resources/documentation-guide/copy-style/authoring-standard.mdx — 1 structural warning(s):

  [L1] MISSING_STATUS: Missing status field
        Fix: Add a canonical status value to frontmatter.

❌  v2/resources/documentation-guide/component-library/overview.mdx — 1 BLOCKING structural error(s):

  [L1] MISSING_FRONTMATTER: Missing required frontmatter field: "lastVerified"
        Fix: Add "lastVerified:" to the page frontmatter.

⚠️   v2/resources/documentation-guide/component-library/overview.mdx — 2 structural warning(s):

  [L1] INVALID_PAGE_TYPE: pageType "overview" is not a canonical value
        Fix: "overview" is deprecated. Migrate to one of: navigation, concept, tutorial, guide, instruction, reference, resource. Check Frameworks.mdx §1.1 for the pageType + pageVariant required.
  [L1] MISSING_STATUS: Missing status field
        Fix: Add a canonical status value to frontmatter.

❌  v2/resources/documentation-guide/component-library/component-library.mdx — 2 BLOCKING structural error(s):

  [L1] MISSING_FRONTMATTER: Missing required frontmatter field: "purpose"
        Fix: Add "purpose:" to the page frontmatter.
  [L1] MISSING_FRONTMATTER: Missing required frontmatter field: "lastVerified"
        Fix: Add "lastVerified:" to the page frontmatter.

⚠️   v2/resources/documentation-guide/component-library/component-library.mdx — 2 structural warning(s):

  [L1] INVALID_PAGE_TYPE: pageType "overview" is not a canonical value
        Fix: "overview" is deprecated. Migrate to one of: navigation, concept, tutorial, guide, instruction, reference, resource. Check Frameworks.mdx §1.1 for the pageType + pageVariant required.
  [L1] MISSING_STATUS: Missing status field
        Fix: Add a canonical status value to frontmatter.

❌  v2/resources/documentation-guide/component-library/elements.mdx — 1 BLOCKING structural error(s):

  [L1] MISSING_FRONTMATTER: Missing required frontmatter field: "lastVerified"
        Fix: Add "lastVerified:" to the page frontmatter.

⚠️   v2/resources/documentation-guide/component-library/elements.mdx — 1 structural warning(s):

  [L1] MISSING_STATUS: Missing status field
        Fix: Add a canonical status value to frontmatter.

❌  v2/resources/documentation-guide/component-library/wrappers.mdx — 1 BLOCKING structural error(s):

  [L1] MISSING_FRONTMATTER: Missing required frontmatter field: "lastVerified"
        Fix: Add "lastVerified:" to the page frontmatter.

⚠️   v2/resources/documentation-guide/component-library/wrappers.mdx — 1 structural warning(s):

  [L1] MISSING_STATUS: Missing status field
        Fix: Add a canonical status value to frontmatter.

❌  v2/resources/documentation-guide/component-library/displays.mdx — 1 BLOCKING structural error(s):

  [L1] MISSING_FRONTMATTER: Missing required frontmatter field: "lastVerified"
        Fix: Add "lastVerified:" to the page frontmatter.

⚠️   v2/resources/documentation-guide/component-library/displays.mdx — 1 structural warning(s):

  [L1] MISSING_STATUS: Missing status field
        Fix: Add a canonical status value to frontmatter.

❌  v2/resources/documentation-guide/component-library/scaffolding.mdx — 1 BLOCKING structural error(s):

  [L1] MISSING_FRONTMATTER: Missing required frontmatter field: "lastVerified"
        Fix: Add "lastVerified:" to the page frontmatter.

⚠️   v2/resources/documentation-guide/component-library/scaffolding.mdx — 1 structural warning(s):

  [L1] MISSING_STATUS: Missing status field
        Fix: Add a canonical status value to frontmatter.

❌  v2/resources/documentation-guide/component-library/integrators.mdx — 3 BLOCKING structural error(s):

  [L1] MISSING_FRONTMATTER: Missing required frontmatter field: "audience"
        Fix: Add "audience:" to the page frontmatter.
  [L1] MISSING_FRONTMATTER: Missing required frontmatter field: "purpose"
        Fix: Add "purpose:" to the page frontmatter.
  [L1] MISSING_FRONTMATTER: Missing required frontmatter field: "lastVerified"
        Fix: Add "lastVerified:" to the page frontmatter.

⚠️   v2/resources/documentation-guide/component-library/integrators.mdx — 1 structural warning(s):

  [L1] MISSING_STATUS: Missing status field
        Fix: Add a canonical status value to frontmatter.

❌  v2/resources/documentation-guide/component-library/config.mdx — 2 BLOCKING structural error(s):

  [L1] MISSING_FRONTMATTER: Missing required frontmatter field: "purpose"
        Fix: Add "purpose:" to the page frontmatter.
  [L1] MISSING_FRONTMATTER: Missing required frontmatter field: "lastVerified"
        Fix: Add "lastVerified:" to the page frontmatter.

⚠️   v2/resources/documentation-guide/component-library/config.mdx — 1 structural warning(s):

  [L1] MISSING_STATUS: Missing status field
        Fix: Add a canonical status value to frontmatter.

⚠️   v2/resources/documentation-guide/tooling/snippets-inventory.mdx — 1 structural warning(s):

  [L1] INVALID_AUDIENCE: audience "everyone" is not a canonical token
        Fix: Use one of: founder, builder, developer, gateway, orchestrator, delegator, community.

ℹ️   v2/resources/documentation-guide/tooling/snippets-inventory.mdx — 1 info notice(s):

  [L1] MISSING_VERACITY_STATUS: status is "current" but veracityStatus is not set
        Fix: Add veracityStatus: verified (or unverified/stale) to frontmatter. See checks.mdx §1.8.

⚠️   v2/internal/overview/about.mdx — 4 structural warning(s):

  [L1] INVALID_PAGE_TYPE: pageType "landing" is not a canonical value
        Fix: "landing" is deprecated. Migrate to one of: navigation, concept, tutorial, guide, instruction, reference, resource. Check Frameworks.mdx §1.1 for the pageType + pageVariant required.
  [L1] INVALID_AUDIENCE: audience "internal" is not a canonical token
        Fix: Use one of: founder, builder, developer, gateway, orchestrator, delegator, community.
  [L1] INVALID_PURPOSE: purpose "landing" is not a canonical value
        Fix: "landing" is deprecated. Migrate to one of: orient, explain, choose, start, build, configure, operate, troubleshoot, optimise, integrate, verify, evaluate, reference, learn, update.
  [L1] MISSING_STATUS: Missing status field
        Fix: Add a canonical status value to frontmatter.

⚠️   v2/internal/overview/strategic-alignment.mdx — 3 structural warning(s):

  [L1] INVALID_AUDIENCE: audience "internal" is not a canonical token
        Fix: Use one of: founder, builder, developer, gateway, orchestrator, delegator, community.
  [L1] INVALID_PURPOSE: purpose "operations" is not a canonical value
        Fix: "operations" is deprecated. Migrate to one of: orient, explain, choose, start, build, configure, operate, troubleshoot, optimise, integrate, verify, evaluate, reference, learn, update.
  [L1] MISSING_STATUS: Missing status field
        Fix: Add a canonical status value to frontmatter.

⚠️   v2/internal/overview/docs-philosophy.mdx — 3 structural warning(s):

  [L1] INVALID_AUDIENCE: audience "internal" is not a canonical token
        Fix: Use one of: founder, builder, developer, gateway, orchestrator, delegator, community.
  [L1] INVALID_PURPOSE: purpose "operations" is not a canonical value
        Fix: "operations" is deprecated. Migrate to one of: orient, explain, choose, start, build, configure, operate, troubleshoot, optimise, integrate, verify, evaluate, reference, learn, update.
  [L1] MISSING_STATUS: Missing status field
        Fix: Add a canonical status value to frontmatter.

⚠️   v2/internal/overview/personas.mdx — 3 structural warning(s):

  [L1] INVALID_AUDIENCE: audience "internal" is not a canonical token
        Fix: Use one of: founder, builder, developer, gateway, orchestrator, delegator, community.
  [L1] INVALID_PURPOSE: purpose "operations" is not a canonical value
        Fix: "operations" is deprecated. Migrate to one of: orient, explain, choose, start, build, configure, operate, troubleshoot, optimise, integrate, verify, evaluate, reference, learn, update.
  [L1] MISSING_STATUS: Missing status field
        Fix: Add a canonical status value to frontmatter.

⚠️   v2/internal/overview/governance.mdx — 4 structural warning(s):

  [L1] INVALID_PAGE_TYPE: pageType "how_to" is not a canonical value
        Fix: "how_to" is deprecated. Migrate to one of: navigation, concept, tutorial, guide, instruction, reference, resource. Check Frameworks.mdx §1.1 for the pageType + pageVariant required.
  [L1] INVALID_AUDIENCE: audience "internal" is not a canonical token
        Fix: Use one of: founder, builder, developer, gateway, orchestrator, delegator, community.
  [L1] INVALID_PURPOSE: purpose "how_to" is not a canonical value
        Fix: "how_to" is deprecated. Migrate to one of: orient, explain, choose, start, build, configure, operate, troubleshoot, optimise, integrate, verify, evaluate, reference, learn, update.
  [L1] MISSING_STATUS: Missing status field
        Fix: Add a canonical status value to frontmatter.

⚠️   v2/internal/overview/governance-pipeline.mdx — 3 structural warning(s):

  [L1] INVALID_AUDIENCE: audience "internal" is not a canonical token
        Fix: Use one of: founder, builder, developer, gateway, orchestrator, delegator, community.
  [L1] INVALID_PURPOSE: purpose "operations" is not a canonical value
        Fix: "operations" is deprecated. Migrate to one of: orient, explain, choose, start, build, configure, operate, troubleshoot, optimise, integrate, verify, evaluate, reference, learn, update.
  [L1] MISSING_STATUS: Missing status field
        Fix: Add a canonical status value to frontmatter.

⚠️   v2/internal/rfp/aims.mdx — 3 structural warning(s):

  [L1] INVALID_AUDIENCE: audience "internal" is not a canonical token
        Fix: Use one of: founder, builder, developer, gateway, orchestrator, delegator, community.
  [L1] INVALID_PURPOSE: purpose "operations" is not a canonical value
        Fix: "operations" is deprecated. Migrate to one of: orient, explain, choose, start, build, configure, operate, troubleshoot, optimise, integrate, verify, evaluate, reference, learn, update.
  [L1] MISSING_STATUS: Missing status field
        Fix: Add a canonical status value to frontmatter.

❌  v2/internal/rfp/problem-statements.mdx — 2 BLOCKING structural error(s):

  [L1] MISSING_FRONTMATTER: Missing required frontmatter field: "pageType"
        Fix: Add "pageType:" to the page frontmatter.
  [L1] MISSING_FRONTMATTER: Missing required frontmatter field: "lastVerified"
        Fix: Add "lastVerified:" to the page frontmatter.

⚠️   v2/internal/rfp/problem-statements.mdx — 3 structural warning(s):

  [L1] INVALID_AUDIENCE: audience "internal" is not a canonical token
        Fix: Use one of: founder, builder, developer, gateway, orchestrator, delegator, community.
  [L1] INVALID_PURPOSE: purpose "faq" is not a canonical value
        Fix: "faq" is deprecated. Migrate to one of: orient, explain, choose, start, build, configure, operate, troubleshoot, optimise, integrate, verify, evaluate, reference, learn, update.
  [L1] MISSING_STATUS: Missing status field
        Fix: Add a canonical status value to frontmatter.

⚠️   v2/internal/rfp/outcomes.mdx — 3 structural warning(s):

  [L1] INVALID_AUDIENCE: audience "internal" is not a canonical token
        Fix: Use one of: founder, builder, developer, gateway, orchestrator, delegator, community.
  [L1] INVALID_PURPOSE: purpose "operations" is not a canonical value
        Fix: "operations" is deprecated. Migrate to one of: orient, explain, choose, start, build, configure, operate, troubleshoot, optimise, integrate, verify, evaluate, reference, learn, update.
  [L1] MISSING_STATUS: Missing status field
        Fix: Add a canonical status value to frontmatter.

⚠️   v2/internal/rfp/deliverables.mdx — 3 structural warning(s):

  [L1] INVALID_AUDIENCE: audience "internal" is not a canonical token
        Fix: Use one of: founder, builder, developer, gateway, orchestrator, delegator, community.
  [L1] INVALID_PURPOSE: purpose "operations" is not a canonical value
        Fix: "operations" is deprecated. Migrate to one of: orient, explain, choose, start, build, configure, operate, troubleshoot, optimise, integrate, verify, evaluate, reference, learn, update.
  [L1] MISSING_STATUS: Missing status field
        Fix: Add a canonical status value to frontmatter.

⚠️   v2/internal/rfp/report.mdx — 3 structural warning(s):

  [L1] INVALID_AUDIENCE: audience "internal" is not a canonical token
        Fix: Use one of: founder, builder, developer, gateway, orchestrator, delegator, community.
  [L1] INVALID_PURPOSE: purpose "concept" is not a canonical value
        Fix: "concept" is deprecated. Migrate to one of: orient, explain, choose, start, build, configure, operate, troubleshoot, optimise, integrate, verify, evaluate, reference, learn, update.
  [L1] MISSING_STATUS: Missing status field
        Fix: Add a canonical status value to frontmatter.

lint-structure: 175 blocking, 729 warnings, 226 info across 559 file(s).

Merge blocked. Resolve structural errors before re-submitting.
